symbol,direction,entry_time,exit_time,entry,initial_sl,tp,exit,R,reason,bars
XAUUSD,1,2025-02-18 15:00:00+00:00,2025-02-18 21:30:00+00:00,2918.1,2911.6114285714284,2934.3214285714284,2934.3214285714284,2.5,TP,26
XAUUSD,1,2025-02-19 08:00:00+00:00,2025-02-19 12:00:00+00:00,2932.83,2927.194285714286,2946.9192857142853,2946.9192857142853,2.5,TP,16
XAUUSD,1,2025-02-19 15:30:00+00:00,2025-02-19 16:15:00+00:00,2939.63,2931.8476785714283,2959.0858035714296,2931.8476785714283,-1.0,SL,3
XAUUSD,1,2025-02-19 21:00:00+00:00,2025-02-20 02:00:00+00:00,2923.68,2917.8316964285714,2938.3007589285708,2938.3007589285708,2.5,TP,16
XAUUSD,1,2025-02-20 17:00:00+00:00,2025-02-21 10:15:00+00:00,2935.03,2923.6245535714284,2963.54361607143,2923.6245535714284,-1.0,SL,65
XAUUSD,1,2025-02-21 16:30:00+00:00,2025-02-21 17:00:00+00:00,2935.45,2927.868125,2954.4046874999995,2927.868125,-1.0,SL,2
XAUUSD,1,2025-02-21 18:45:00+00:00,2025-02-24 03:00:00+00:00,2936.3,2923.2866964285713,2968.8332589285724,2923.2866964285713,-1.0,SL,29
XAUUSD,1,2025-02-24 04:45:00+00:00,2025-02-25 14:30:00+00:00,2937.12,2926.075267857143,2964.731830357142,2926.075267857143,-1.0,SL,131
XAUUSD,-1,2025-02-25 17:15:00+00:00,2025-02-27 10:00:00+00:00,2927.68,2944.4996428571426,2885.630892857143,2885.630892857143,2.5,TP,155
XAUUSD,-1,2025-03-03 05:15:00+00:00,2025-03-03 12:45:00+00:00,2862.83,2873.268839285714,2836.7329017857146,2873.268839285714,-1.0,SL,30
XAUUSD,1,2025-03-04 09:30:00+00:00,2025-03-10 20:30:00+00:00,2899.37,2884.3378571428575,2936.950357142856,2884.3378571428575,-1.0,SL,412
XAUUSD,-1,2025-03-11 06:45:00+00:00,2025-03-11 09:30:00+00:00,2896.85,2901.1074107142854,2886.2064732142862,2901.1074107142854,-1.0,SL,11
XAUUSD,1,2025-03-11 17:00:00+00:00,2025-03-12 16:15:00+00:00,2917.96,2906.1995535714286,2947.3611160714286,2906.1995535714286,-1.0,SL,89
XAUUSD,1,2025-03-12 17:15:00+00:00,2025-03-12 19:00:00+00:00,2915.89,2909.2175,2932.571249999999,2932.571249999999,2.5,TP,7
XAUUSD,1,2025-03-13 11:30:00+00:00,2025-03-13 17:30:00+00:00,2941.74,2932.5458035714287,2964.7254910714273,2964.7254910714273,2.5,TP,24
XAUUSD,1,2025-03-13 18:00:00+00:00,2025-03-18 11:15:00+00:00,2969.89,2948.5855357142855,3023.1511607142857,3023.1511607142857,2.5,TP,249
XAUUSD,1,2025-03-18 16:00:00+00:00,2025-03-18 16:30:00+00:00,3034.32,3026.7766071428573,3053.1784821428573,3026.7766071428573,-1.0,SL,2
XAUUSD,1,2025-03-18 18:45:00+00:00,2025-03-19 11:45:00+00:00,3031.8,3025.9659821428572,3046.385044642858,3025.9659821428572,-1.0,SL,64
XAUUSD,1,2025-03-19 13:00:00+00:00,2025-03-19 21:30:00+00:00,3030.47,3023.78125,3047.1918749999995,3047.1918749999995,2.5,TP,34
XAUUSD,1,2025-03-20 07:45:00+00:00,2025-03-20 08:15:00+00:00,3056.89,3047.748125,3079.7446874999996,3047.748125,-1.0,SL,2
XAUUSD,1,2025-03-20 09:30:00+00:00,2025-03-20 10:00:00+00:00,3049.53,3045.1257142857144,3060.540714285715,3045.1257142857144,-1.0,SL,2
XAUUSD,1,2025-03-20 16:00:00+00:00,2025-03-21 07:45:00+00:00,3040.78,3029.0075892857144,3070.2110267857147,3029.0075892857144,-1.0,SL,59
XAUUSD,1,2025-03-24 08:15:00+00:00,2025-03-24 17:30:00+00:00,3022.45,3015.3091964285713,3040.302008928571,3015.3091964285713,-1.0,SL,37
XAUUSD,-1,2025-03-24 17:45:00+00:00,2025-03-25 14:15:00+00:00,3010.57,3025.117232142857,2974.201919642858,3025.117232142857,-1.0,SL,78
XAUUSD,-1,2025-03-25 21:45:00+00:00,2025-03-26 04:45:00+00:00,3018.72,3024.350267857143,3004.6443303571414,3024.350267857143,-1.0,SL,24
XAUUSD,-1,2025-03-26 06:30:00+00:00,2025-03-26 09:15:00+00:00,3018.6,3025.5775,3001.15625,3025.5775,-1.0,SL,11
XAUUSD,-1,2025-03-26 16:30:00+00:00,2025-03-27 05:30:00+00:00,3024.62,3029.9892857142854,3011.1967857142863,3029.9892857142854,-1.0,SL,48
XAUUSD,1,2025-03-27 10:15:00+00:00,2025-03-27 13:00:00+00:00,3031.51,3026.3350892857143,3044.447276785715,3044.447276785715,2.5,TP,11
XAUUSD,1,2025-03-27 17:30:00+00:00,2025-03-31 01:00:00+00:00,3050.63,3035.1175892857145,3089.411026785714,3089.411026785714,2.5,TP,118
XAUUSD,1,2025-04-01 04:30:00+00:00,2025-04-01 18:45:00+00:00,3133.37,3118.2658035714285,3171.1304910714284,3118.2658035714285,-1.0,SL,57
XAUUSD,1,2025-04-02 03:45:00+00:00,2025-04-02 08:30:00+00:00,3120.73,3111.5290178571427,3143.7324553571434,3111.5290178571427,-1.0,SL,19
XAUUSD,1,2025-04-02 11:00:00+00:00,2025-04-02 13:45:00+00:00,3125.13,3111.806964285714,3158.437589285715,3111.806964285714,-1.0,SL,11
XAUUSD,1,2025-04-02 19:30:00+00:00,2025-04-02 20:15:00+00:00,3132.53,3123.403392857143,3155.346517857143,3123.403392857143,-1.0,SL,3
XAUUSD,1,2025-04-03 02:15:00+00:00,2025-04-03 08:15:00+00:00,3156.73,3133.426785714286,3214.9880357142856,3133.426785714286,-1.0,SL,24
XAUUSD,-1,2025-04-04 09:45:00+00:00,2025-04-04 13:30:00+00:00,3101.19,3111.3121428571426,3075.8846428571437,3111.3121428571426,-1.0,SL,15
XAUUSD,-1,2025-04-04 15:00:00+00:00,2025-04-04 17:15:00+00:00,3110.69,3137.7739285714283,3042.9801785714294,3042.9801785714294,2.5,TP,9
XAUUSD,-1,2025-04-04 20:30:00+00:00,2025-04-04 22:45:00+00:00,3018.22,3037.8986607142856,2969.0233482142853,3037.8986607142856,-1.0,SL,9
XAUUSD,-1,2025-04-07 01:15:00+00:00,2025-04-07 02:15:00+00:00,3031.87,3044.2248214285714,3000.9829464285713,3000.9829464285713,2.5,TP,4
XAUUSD,-1,2025-04-07 06:00:00+00:00,2025-04-09 14:15:00+00:00,3025.7,3060.2206250000004,2939.398437499998,3060.2206250000004,-1.0,SL,217
XAUUSD,1,2025-04-10 05:15:00+00:00,2025-04-10 18:15:00+00:00,3105.36,3080.802410714286,3166.7539732142855,3166.7539732142855,2.5,TP,52
XAUUSD,1,2025-04-11 03:45:00+00:00,2025-04-16 06:45:00+00:00,3212.45,3184.8892857142855,3281.3517857142856,3281.3517857142856,2.5,TP,288
XAUUSD,1,2025-04-17 19:45:00+00:00,2025-04-21 03:00:00+00:00,3310.35,3292.679910714286,3354.525223214285,3354.525223214285,2.5,TP,25
XAUUSD,1,2025-04-21 04:00:00+00:00,2025-04-22 01:15:00+00:00,3368.76,3342.7964285714284,3433.66892857143,3433.66892857143,2.5,TP,81
XAUUSD,-1,2025-04-23 16:15:00+00:00,2025-04-24 03:30:00+00:00,3305.79,3335.1780357142857,3232.3199107142855,3335.1780357142857,-1.0,SL,41
XAUUSD,-1,2025-04-24 06:00:00+00:00,2025-04-25 01:30:00+00:00,3341.93,3367.0298214285717,3279.18044642857,3367.0298214285717,-1.0,SL,74
XAUUSD,-1,2025-04-25 07:00:00+00:00,2025-05-01 03:15:00+00:00,3323.5,3352.9520535714287,3249.869866071428,3249.869866071428,2.5,TP,353
XAUUSD,-1,2025-05-01 03:45:00+00:00,2025-05-05 11:45:00+00:00,3248.11,3279.5587499999997,3169.488125000001,3279.5587499999997,-1.0,SL,216
XAUUSD,1,2025-05-06 04:15:00+00:00,2025-05-08 09:45:00+00:00,3362.08,3321.7847321428576,3462.8181696428555,3321.7847321428576,-1.0,SL,206
XAUUSD,-1,2025-05-09 08:45:00+00:00,2025-05-09 14:15:00+00:00,3319.08,3332.2374107142855,3286.186473214286,3332.2374107142855,-1.0,SL,22
XAUUSD,-1,2025-05-09 17:15:00+00:00,2025-05-09 18:30:00+00:00,3321.69,3343.6717857142853,3266.735535714287,3343.6717857142853,-1.0,SL,5
XAUUSD,-1,2025-05-09 19:45:00+00:00,2025-05-12 01:00:00+00:00,3338.93,3350.080625,3311.0534374999993,3311.0534374999993,2.5,TP,17
XAUUSD,-1,2025-05-12 04:30:00+00:00,2025-05-12 06:30:00+00:00,3264.63,3282.894553571429,3218.968616071428,3282.894553571429,-1.0,SL,8
XAUUSD,-1,2025-05-12 10:30:00+00:00,2025-05-20 17:15:00+00:00,3231.09,3281.7084821428575,3104.5437946428565,3281.7084821428575,-1.0,SL,579
XAUUSD,1,2025-05-23 07:30:00+00:00,2025-05-23 15:00:00+00:00,3312.11,3295.282589285714,3354.1785267857153,3354.1785267857153,2.5,TP,30
XAUUSD,1,2025-05-23 20:45:00+00:00,2025-05-26 01:00:00+00:00,3363.8,3355.7085714285713,3384.0285714285724,3355.7085714285713,-1.0,SL,13
XAUUSD,1,2025-05-26 20:00:00+00:00,2025-05-27 04:30:00+00:00,3342.05,3335.9573214285715,3357.281696428572,3335.9573214285715,-1.0,SL,20
XAUUSD,-1,2025-05-28 04:15:00+00:00,2025-05-28 10:30:00+00:00,3306.21,3316.4941071428575,3280.4997321428564,3316.4941071428575,-1.0,SL,25
XAUUSD,-1,2025-05-28 13:30:00+00:00,2025-05-28 16:30:00+00:00,3319.43,3326.398839285714,3302.0079017857142,3302.0079017857142,2.5,TP,12
XAUUSD,-1,2025-05-28 20:00:00+00:00,2025-05-28 21:00:00+00:00,3293.43,3300.032857142857,3276.9228571428566,3300.032857142857,-1.0,SL,4
XAUUSD,-1,2025-05-28 22:30:00+00:00,2025-05-29 02:00:00+00:00,3294.06,3304.714375,3267.4240624999998,3267.4240624999998,2.5,TP,10
XAUUSD,-1,2025-05-30 05:00:00+00:00,2025-05-30 15:00:00+00:00,3309.64,3318.8610714285714,3286.587321428571,3286.587321428571,2.5,TP,40
XAUUSD,-1,2025-05-30 16:45:00+00:00,2025-06-02 01:00:00+00:00,3289.54,3307.371071428571,3244.962321428572,3307.371071428571,-1.0,SL,29
XAUUSD,1,2025-06-02 09:00:00+00:00,2025-06-02 09:30:00+00:00,3323.66,3315.7054464285716,3343.5463839285703,3343.5463839285703,2.5,TP,2
XAUUSD,1,2025-06-03 20:30:00+00:00,2025-06-04 14:15:00+00:00,3353.39,3344.5925,3375.383749999999,3344.5925,-1.0,SL,67
XAUUSD,1,2025-06-04 17:30:00+00:00,2025-06-05 18:30:00+00:00,3369.39,3349.981696428571,3417.9107589285722,3349.981696428571,-1.0,SL,96
XAUUSD,1,2025-06-06 06:45:00+00:00,2025-06-06 09:30:00+00:00,3370.14,3358.3704464285715,3399.5638839285707,3358.3704464285715,-1.0,SL,11
XAUUSD,1,2025-06-06 11:45:00+00:00,2025-06-06 12:15:00+00:00,3367.02,3356.4166964285714,3393.5282589285716,3356.4166964285714,-1.0,SL,2
XAUUSD,-1,2025-06-06 17:15:00+00:00,2025-06-11 15:30:00+00:00,3333.91,3358.425803571429,3272.6204910714278,3358.425803571429,-1.0,SL,269
XAUUSD,-1,2025-06-11 17:00:00+00:00,2025-06-11 21:15:00+00:00,3329.18,3344.1432142857143,3291.7719642857137,3344.1432142857143,-1.0,SL,17
XAUUSD,1,2025-06-12 11:30:00+00:00,2025-06-13 03:00:00+00:00,3358.83,3339.434375,3407.3190625,3407.3190625,2.5,TP,58
XAUUSD,1,2025-06-13 03:00:00+00:00,2025-06-13 04:45:00+00:00,3395.52,3380.888125,3432.0996875,3432.0996875,2.5,TP,7
XAUUSD,1,2025-06-13 11:30:00+00:00,2025-06-13 13:45:00+00:00,3423.65,3411.856964285714,3453.132589285715,3411.856964285714,-1.0,SL,9
XAUUSD,1,2025-06-13 14:45:00+00:00,2025-06-16 01:00:00+00:00,3421.86,3411.2023214285714,3448.504196428572,3448.504196428572,2.5,TP,37
XAUUSD,1,2025-06-16 01:15:00+00:00,2025-06-16 06:45:00+00:00,3449.58,3429.84,3498.9299999999994,3429.84,-1.0,SL,22
XAUUSD,-1,2025-06-18 03:00:00+00:00,2025-06-18 05:00:00+00:00,3387.32,3392.4123214285714,3374.589196428572,3374.589196428572,2.5,TP,8
XAUUSD,-1,2025-06-18 09:00:00+00:00,2025-06-19 09:00:00+00:00,3386.38,3399.440535714286,3353.7286607142855,3353.7286607142855,2.5,TP,92
XAUUSD,-1,2025-06-19 09:00:00+00:00,2025-06-19 13:15:00+00:00,3364.52,3376.9260714285715,3333.504821428571,3376.9260714285715,-1.0,SL,17
XAUUSD,-1,2025-06-19 15:30:00+00:00,2025-06-23 01:00:00+00:00,3365.35,3376.3033035714284,3337.9667410714287,3376.3033035714284,-1.0,SL,116
XAUUSD,-1,2025-06-23 04:45:00+00:00,2025-06-23 12:00:00+00:00,3358.0,3368.054107142857,3332.8647321428575,3368.054107142857,-1.0,SL,29
XAUUSD,-1,2025-06-23 15:30:00+00:00,2025-06-23 16:30:00+00:00,3362.61,3383.24125,3311.0318750000006,3383.24125,-1.0,SL,4
XAUUSD,-1,2025-06-24 01:15:00+00:00,2025-06-27 06:45:00+00:00,3357.54,3383.411607142857,3292.860982142857,3292.860982142857,2.5,TP,298
XAUUSD,-1,2025-06-30 01:30:00+00:00,2025-06-30 05:00:00+00:00,3249.51,3277.351964285714,3179.905089285716,3277.351964285714,-1.0,SL,14
XAUUSD,-1,2025-06-30 12:30:00+00:00,2025-06-30 19:45:00+00:00,3284.34,3296.701785714286,3253.435535714286,3296.701785714286,-1.0,SL,29
XAUUSD,1,2025-07-01 12:45:00+00:00,2025-07-01 18:45:00+00:00,3345.84,3337.1296428571427,3367.615892857144,3337.1296428571427,-1.0,SL,24
XAUUSD,1,2025-07-02 01:00:00+00:00,2025-07-02 03:00:00+00:00,3339.85,3335.6200000000003,3350.424999999999,3335.6200000000003,-1.0,SL,8
XAUUSD,1,2025-07-02 06:00:00+00:00,2025-07-02 10:00:00+00:00,3336.61,3328.165357142857,3357.7216071428584,3328.165357142857,-1.0,SL,16
XAUUSD,1,2025-07-02 11:15:00+00:00,2025-07-02 21:45:00+00:00,3335.66,3328.1609821428574,3354.407544642856,3354.407544642856,2.5,TP,42
XAUUSD,1,2025-07-03 07:30:00+00:00,2025-07-03 08:45:00+00:00,3349.31,3345.7230357142857,3358.2774107142855,3358.2774107142855,2.5,TP,5
XAUUSD,1,2025-07-03 09:15:00+00:00,2025-07-03 12:15:00+00:00,3358.52,3350.935625,3377.4809374999995,3350.935625,-1.0,SL,12
XAUUSD,1,2025-07-04 06:45:00+00:00,2025-07-07 03:00:00+00:00,3337.61,3325.510803571429,3367.8579910714284,3325.510803571429,-1.0,SL,61
XAUUSD,-1,2025-07-07 04:30:00+00:00,2025-07-07 20:00:00+00:00,3312.2,3328.1902678571428,3272.224330357142,3328.1902678571428,-1.0,SL,62
XAUUSD,-1,2025-07-08 10:45:00+00:00,2025-07-08 16:45:00+00:00,3332.73,3339.579464285714,3315.606339285715,3315.606339285715,2.5,TP,24
XAUUSD,-1,2025-07-08 17:15:00+00:00,2025-07-10 09:15:00+00:00,3306.05,3327.5783928571427,3252.229017857144,3327.5783928571427,-1.0,SL,152
XAUUSD,-1,2025-07-10 17:00:00+00:00,2025-07-11 03:30:00+00:00,3312.66,3329.2026785714284,3271.303303571429,3329.2026785714284,-1.0,SL,38
XAUUSD,1,2025-07-11 04:00:00+00:00,2025-07-11 15:30:00+00:00,3330.37,3321.8725,3351.6137499999995,3351.6137499999995,2.5,TP,46
XAUUSD,1,2025-07-11 16:00:00+00:00,2025-07-14 17:30:00+00:00,3355.43,3342.8182142857145,3386.9594642857132,3342.8182142857145,-1.0,SL,98
XAUUSD,1,2025-07-15 05:30:00+00:00,2025-07-15 08:00:00+00:00,3349.98,3344.8282142857142,3362.8594642857142,3362.8594642857142,2.5,TP,10
XAUUSD,1,2025-07-15 08:30:00+00:00,2025-07-15 09:30:00+00:00,3363.42,3358.7191964285716,3375.172008928571,3358.7191964285716,-1.0,SL,4
XAUUSD,1,2025-07-15 10:45:00+00:00,2025-07-15 11:15:00+00:00,3363.56,3356.82625,3380.394375,3356.82625,-1.0,SL,2
XAUUSD,1,2025-07-16 09:45:00+00:00,2025-07-16 13:45:00+00:00,3340.43,3335.744375,3352.1440624999987,3335.744375,-1.0,SL,16
XAUUSD,-1,2025-07-16 14:15:00+00:00,2025-07-16 14:45:00+00:00,3336.05,3339.8825892857144,3326.468526785715,3339.8825892857144,-1.0,SL,2
XAUUSD,1,2025-07-16 18:15:00+00:00,2025-07-17 14:00:00+00:00,3348.54,3323.2274107142857,3411.8214732142856,3323.2274107142857,-1.0,SL,75
XAUUSD,-1,2025-07-17 16:00:00+00:00,2025-07-17 17:15:00+00:00,3313.12,3329.697142857143,3271.677142857143,3329.697142857143,-1.0,SL,5
XAUUSD,1,2025-07-18 12:30:00+00:00,2025-07-21 01:15:00+00:00,3352.02,3346.079732142857,3366.870669642857,3346.079732142857,-1.0,SL,47
XAUUSD,1,2025-07-21 03:30:00+00:00,2025-07-21 09:15:00+00:00,3351.72,3344.5633035714286,3369.611741071428,3369.611741071428,2.5,TP,23
XAUUSD,1,2025-07-21 13:15:00+00:00,2025-07-21 15:15:00+00:00,3367.5,3362.5740178571427,3379.814955357143,3379.814955357143,2.5,TP,8
XAUUSD,1,2025-07-21 15:45:00+00:00,2025-07-24 12:30:00+00:00,3385.95,3361.9345535714283,3445.9886160714286,3361.9345535714283,-1.0,SL,263
XAUUSD,-1,2025-07-24 23:15:00+00:00,2025-07-25 07:30:00+00:00,3369.59,3374.1452678571427,3358.201830357144,3358.201830357144,2.5,TP,29
XAUUSD,-1,2025-07-25 08:45:00+00:00,2025-07-25 13:45:00+00:00,3356.56,3362.247857142857,3342.3403571428576,3342.3403571428576,2.5,TP,20
XAUUSD,-1,2025-07-25 17:45:00+00:00,2025-07-28 16:45:00+00:00,3336.3,3345.654910714286,3312.9127232142855,3312.9127232142855,2.5,TP,88
XAUUSD,-1,2025-07-29 19:00:00+00:00,2025-07-30 03:45:00+00:00,3320.56,3331.9708928571426,3292.032767857143,3331.9708928571426,-1.0,SL,31
XAUUSD,-1,2025-07-30 16:00:00+00:00,2025-07-30 22:30:00+00:00,3313.29,3330.009196428571,3271.492008928572,3271.492008928572,2.5,TP,26
XAUUSD,-1,2025-07-31 17:00:00+00:00,2025-08-01 15:30:00+00:00,3301.07,3311.110267857143,3275.9693303571435,3311.110267857143,-1.0,SL,86
XAUUSD,1,2025-08-01 20:30:00+00:00,2025-08-04 14:45:00+00:00,3347.34,3338.5802678571426,3369.239330357144,3369.239330357144,2.5,TP,69
XAUUSD,1,2025-08-05 01:30:00+00:00,2025-08-05 04:00:00+00:00,3374.6,3371.6301785714286,3382.0245535714284,3382.0245535714284,2.5,TP,10
XAUUSD,1,2025-08-05 10:30:00+00:00,2025-08-05 12:00:00+00:00,3374.16,3364.9324107142857,3397.2289732142854,3364.9324107142857,-1.0,SL,6
XAUUSD,1,2025-08-05 15:45:00+00:00,2025-08-07 22:30:00+00:00,3363.8,3349.6963392857147,3399.0591517857138,3399.0591517857138,2.5,TP,211
XAUUSD,1,2025-08-08 15:45:00+00:00,2025-08-08 17:15:00+00:00,3398.97,3383.4145535714288,3437.8586160714276,3383.4145535714288,-1.0,SL,6
XAUUSD,-1,2025-08-11 17:45:00+00:00,2025-08-13 11:45:00+00:00,3346.63,3361.275,3310.0175,3361.275,-1.0,SL,160
XAUUSD,-1,2025-08-14 11:00:00+00:00,2025-08-22 17:15:00+00:00,3345.97,3364.175,3300.4574999999986,3364.175,-1.0,SL,577
XAUUSD,1,2025-09-01 06:00:00+00:00,2025-09-08 10:00:00+00:00,3483.48,3436.4704464285714,3601.0038839285717,3601.0038839285717,2.5,TP,466
XAUUSD,1,2025-09-10 07:30:00+00:00,2025-09-11 06:30:00+00:00,3641.15,3631.370625,3665.5984375000003,3631.370625,-1.0,SL,88
XAUUSD,1,2025-09-11 18:30:00+00:00,2025-09-15 18:15:00+00:00,3636.56,3624.217232142857,3667.4169196428575,3667.4169196428575,2.5,TP,183
XAUUSD,1,2025-09-15 19:00:00+00:00,2025-09-17 21:00:00+00:00,3680.46,3655.609196428571,3742.5870089285727,3655.609196428571,-1.0,SL,192
XAUUSD,-1,2025-09-18 16:15:00+00:00,2025-09-19 18:15:00+00:00,3658.6,3673.5808928571428,3621.1477678571428,3673.5808928571428,-1.0,SL,100
XAUUSD,1,2025-09-19 20:45:00+00:00,2025-09-22 01:15:00+00:00,3673.1,3666.145,3690.4874999999997,3690.4874999999997,2.5,TP,14
XAUUSD,1,2025-09-22 08:30:00+00:00,2025-09-22 09:30:00+00:00,3696.17,3689.5438392857145,3712.735401785714,3712.735401785714,2.5,TP,4
XAUUSD,1,2025-09-24 06:45:00+00:00,2025-09-24 17:45:00+00:00,3764.46,3749.909285714286,3800.8367857142853,3749.909285714286,-1.0,SL,44
XAUUSD,1,2025-09-25 09:30:00+00:00,2025-09-25 15:45:00+00:00,3744.65,3732.7816964285716,3774.320758928571,3732.7816964285716,-1.0,SL,25
XAUUSD,1,2025-09-25 20:30:00+00:00,2025-09-26 16:00:00+00:00,3739.98,3730.4123214285714,3763.8991964285715,3763.8991964285715,2.5,TP,74
XAUUSD,1,2025-09-30 13:30:00+00:00,2025-09-30 16:45:00+00:00,3804.17,3795.6533035714288,3825.461741071428,3825.461741071428,2.5,TP,13
XAUUSD,1,2025-09-30 17:00:00+00:00,2025-09-30 17:45:00+00:00,3823.78,3811.620535714286,3854.1786607142863,3854.1786607142863,2.5,TP,3
XAUUSD,1,2025-10-02 04:45:00+00:00,2025-10-02 15:00:00+00:00,3863.27,3853.148392857143,3888.5740178571427,3888.5740178571427,2.5,TP,41
XAUUSD,1,2025-10-03 08:30:00+00:00,2025-10-03 16:30:00+00:00,3854.13,3841.013660714286,3886.920848214286,3886.920848214286,2.5,TP,32
XAUUSD,1,2025-10-03 18:45:00+00:00,2025-10-06 05:00:00+00:00,3886.83,3872.112232142857,3923.624419642857,3923.624419642857,2.5,TP,37
XAUUSD,1,2025-10-07 11:45:00+00:00,2025-10-07 15:45:00+00:00,3952.63,3943.0755357142857,3976.5161607142863,3976.5161607142863,2.5,TP,16
XAUUSD,1,2025-10-07 18:00:00+00:00,2025-10-07 18:45:00+00:00,3985.58,3968.3260714285716,4028.7148214285708,3968.3260714285716,-1.0,SL,3
XAUUSD,1,2025-10-07 20:30:00+00:00,2025-10-08 05:00:00+00:00,3981.21,3973.0039285714283,4001.7251785714293,4001.7251785714293,2.5,TP,30
XAUUSD,1,2025-10-08 05:30:00+00:00,2025-10-08 08:30:00+00:00,4003.64,3990.578660714286,4036.293348214285,4036.293348214285,2.5,TP,12
XAUUSD,1,2025-10-08 19:30:00+00:00,2025-10-08 21:00:00+00:00,4055.58,4042.3751785714285,4088.5920535714286,4042.3751785714285,-1.0,SL,6
XAUUSD,1,2025-10-09 03:30:00+00:00,2025-10-09 05:15:00+00:00,4027.24,4006.042321428571,4080.2341964285715,4006.042321428571,-1.0,SL,7
XAUUSD,1,2025-10-09 07:30:00+00:00,2025-10-09 16:45:00+00:00,4038.28,4022.3416964285716,4078.1257589285715,4022.3416964285716,-1.0,SL,37
XAUUSD,1,2025-10-13 07:45:00+00:00,2025-10-13 15:30:00+00:00,4057.54,4046.2551785714286,4085.7520535714284,4085.7520535714284,2.5,TP,31
XAUUSD,1,2025-10-13 19:15:00+00:00,2025-10-15 04:00:00+00:00,4115.73,4089.8380357142855,4180.459910714285,4180.459910714285,2.5,TP,123
XAUUSD,1,2025-10-15 17:30:00+00:00,2025-10-15 18:30:00+00:00,4206.05,4187.261607142857,4253.020982142857,4187.261607142857,-1.0,SL,4
XAUUSD,1,2025-10-15 21:15:00+00:00,2025-10-16 15:30:00+00:00,4200.27,4180.318660714285,4250.1483482142885,4250.1483482142885,2.5,TP,69
XAUUSD,1,2025-10-16 18:30:00+00:00,2025-10-16 23:00:00+00:00,4271.92,4255.433571428571,4313.136071428573,4313.136071428573,2.5,TP,18
XAUUSD,1,2025-10-17 05:30:00+00:00,2025-10-17 16:30:00+00:00,4332.5,4283.118035714286,4455.954910714286,4283.118035714286,-1.0,SL,44
XAUUSD,1,2025-10-20 13:00:00+00:00,2025-10-20 15:15:00+00:00,4260.74,4246.857232142857,4295.446919642856,4295.446919642856,2.5,TP,9
XAUUSD,1,2025-10-20 15:15:00+00:00,2025-10-20 21:30:00+00:00,4280.63,4249.430625,4358.6284375000005,4358.6284375000005,2.5,TP,25
XAUUSD,-1,2025-10-21 16:15:00+00:00,2025-10-21 17:30:00+00:00,4197.23,4234.923839285714,4102.995401785713,4102.995401785713,2.5,TP,5
XAUUSD,-1,2025-10-29 21:30:00+00:00,2025-10-29 22:30:00+00:00,3981.06,3999.3752678571427,3935.271830357143,3935.271830357143,2.5,TP,4
XAUUSD,-1,2025-10-30 13:45:00+00:00,2025-10-30 17:00:00+00:00,3982.19,4012.2260714285717,3907.099821428571,4012.2260714285717,-1.0,SL,13
XAUUSD,1,2025-10-31 13:15:00+00:00,2025-10-31 19:00:00+00:00,4016.0,3997.6948214285712,4061.762946428572,3997.6948214285712,-1.0,SL,23
XAUUSD,-1,2025-10-31 19:30:00+00:00,2025-11-03 09:45:00+00:00,3985.93,4025.7085714285713,3886.483571428571,4025.7085714285713,-1.0,SL,53
XAUUSD,1,2025-11-03 15:15:00+00:00,2025-11-03 18:15:00+00:00,4015.56,4000.929375,4052.1365624999994,4000.929375,-1.0,SL,12
XAUUSD,-1,2025-11-04 01:30:00+00:00,2025-11-04 08:00:00+00:00,3995.71,4005.5341964285717,3971.149508928571,3971.149508928571,2.5,TP,26
XAUUSD,-1,2025-11-04 11:30:00+00:00,2025-11-04 16:15:00+00:00,3991.87,4003.6410714285716,3962.4423214285707,3962.4423214285707,2.5,TP,19
XAUUSD,-1,2025-11-04 16:45:00+00:00,2025-11-05 10:00:00+00:00,3931.14,3979.8976785714285,3809.245803571428,3979.8976785714285,-1.0,SL,65
XAUUSD,1,2025-11-06 09:15:00+00:00,2025-11-06 17:00:00+00:00,3998.38,3981.77875,4039.8831250000003,3981.77875,-1.0,SL,31
XAUUSD,1,2025-11-07 01:30:00+00:00,2025-11-07 08:45:00+00:00,3983.6,3974.4986607142855,4006.3533482142857,4006.3533482142857,2.5,TP,29
XAUUSD,1,2025-11-07 09:00:00+00:00,2025-11-07 14:45:00+00:00,4006.81,3992.2282142857143,4043.264464285714,3992.2282142857143,-1.0,SL,23
XAUUSD,1,2025-11-07 18:30:00+00:00,2025-11-10 07:45:00+00:00,4007.85,3983.092946428572,4069.7426339285703,4069.7426339285703,2.5,TP,49
XAUUSD,1,2025-11-11 05:30:00+00:00,2025-11-11 07:30:00+00:00,4144.11,4135.026160714286,4166.819598214284,4135.026160714286,-1.0,SL,8
XAUUSD,1,2025-11-11 11:30:00+00:00,2025-11-11 16:15:00+00:00,4143.78,4129.437857142857,4179.635357142857,4129.437857142857,-1.0,SL,19
XAUUSD,1,2025-11-11 21:30:00+00:00,2025-11-12 06:00:00+00:00,4117.66,4106.005,4146.797499999999,4106.005,-1.0,SL,30
XAUUSD,1,2025-11-12 08:45:00+00:00,2025-11-12 17:00:00+00:00,4116.98,4101.631071428571,4155.352321428571,4155.352321428571,2.5,TP,33
XAUUSD,1,2025-11-14 01:30:00+00:00,2025-11-14 09:15:00+00:00,4179.31,4165.994642857142,4212.598392857146,4165.994642857142,-1.0,SL,31
XAUUSD,-1,2025-11-17 04:15:00+00:00,2025-11-17 21:30:00+00:00,4089.0,4105.422678571428,4047.9433035714296,4047.9433035714296,2.5,TP,69
XAUUSD,-1,2025-11-17 22:00:00+00:00,2025-11-18 16:15:00+00:00,4011.21,4077.836875,3844.6428125,4077.836875,-1.0,SL,69
XAUUSD,-1,2025-11-19 03:15:00+00:00,2025-11-19 04:45:00+00:00,4064.68,4079.644017857143,4027.269955357142,4079.644017857143,-1.0,SL,6
XAUUSD,-1,2025-11-19 18:00:00+00:00,2025-11-24 23:30:00+00:00,4096.59,4134.137589285714,4002.7210267857154,4134.137589285714,-1.0,SL,298
XAUUSD,1,2025-11-25 15:30:00+00:00,2025-11-25 16:45:00+00:00,4141.71,4113.265625,4212.820937500001,4113.265625,-1.0,SL,5
XAUUSD,1,2025-11-25 18:45:00+00:00,2025-11-28 16:15:00+00:00,4140.12,4118.856964285714,4193.277589285715,4193.277589285715,2.5,TP,256
XAUUSD,1,2025-11-28 20:45:00+00:00,2025-12-01 01:00:00+00:00,4221.4,4210.341428571428,4249.046428571429,4210.341428571428,-1.0,SL,4
XAUUSD,1,2025-12-01 02:45:00+00:00,2025-12-01 07:15:00+00:00,4231.83,4217.6080357142855,4267.384910714286,4217.6080357142855,-1.0,SL,18
XAUUSD,1,2025-12-01 08:15:00+00:00,2025-12-02 03:00:00+00:00,4233.12,4215.888571428572,4276.198571428571,4215.888571428572,-1.0,SL,71
XAUUSD,1,2025-12-03 13:45:00+00:00,2025-12-03 15:15:00+00:00,4203.94,4196.929017857143,4221.467455357142,4221.467455357142,2.5,TP,6
XAUUSD,1,2025-12-04 16:15:00+00:00,2025-12-05 17:30:00+00:00,4204.85,4184.430267857143,4255.899330357144,4255.899330357144,2.5,TP,97
XAUUSD,1,2025-12-08 05:00:00+00:00,2025-12-08 16:45:00+00:00,4208.43,4196.556964285714,4238.112589285717,4196.556964285714,-1.0,SL,47
XAUUSD,-1,2025-12-08 17:15:00+00:00,2025-12-09 11:15:00+00:00,4178.29,4212.526696428571,4092.698258928572,4212.526696428571,-1.0,SL,68
XAUUSD,1,2025-12-10 08:00:00+00:00,2025-12-10 10:00:00+00:00,4211.21,4200.969642857143,4236.810892857142,4200.969642857143,-1.0,SL,8
XAUUSD,1,2025-12-11 02:00:00+00:00,2025-12-11 04:30:00+00:00,4232.32,4221.677053571429,4258.927366071428,4221.677053571429,-1.0,SL,10
XAUUSD,1,2025-12-11 12:00:00+00:00,2025-12-11 15:15:00+00:00,4218.63,4207.995625,4245.215937500001,4207.995625,-1.0,SL,13
XAUUSD,1,2025-12-11 16:00:00+00:00,2025-12-11 17:30:00+00:00,4221.03,4208.764732142858,4251.693169642855,4251.693169642855,2.5,TP,6
XAUUSD,1,2025-12-15 03:30:00+00:00,2025-12-15 18:15:00+00:00,4315.02,4296.847946428571,4360.450133928574,4296.847946428571,-1.0,SL,59
XAUUSD,1,2025-12-16 14:30:00+00:00,2025-12-17 07:15:00+00:00,4291.35,4273.269553571428,4336.55111607143,4336.55111607143,2.5,TP,63
XAUUSD,1,2025-12-17 15:30:00+00:00,2025-12-18 15:00:00+00:00,4328.0,4314.494375,4361.764062499999,4314.494375,-1.0,SL,90
XAUUSD,1,2025-12-18 16:00:00+00:00,2025-12-18 16:30:00+00:00,4336.45,4313.922410714285,4392.768973214286,4313.922410714285,-1.0,SL,2
XAUUSD,1,2025-12-18 18:30:00+00:00,2025-12-19 03:15:00+00:00,4367.1,4310.901785714285,4507.595535714288,4310.901785714285,-1.0,SL,31
XAUUSD,1,2025-12-22 01:15:00+00:00,2025-12-22 03:00:00+00:00,4344.75,4334.860892857143,4369.472767857143,4369.472767857143,2.5,TP,7
XAUUSD,1,2025-12-22 07:15:00+00:00,2025-12-22 15:00:00+00:00,4401.09,4391.529642857143,4424.990892857144,4424.990892857144,2.5,TP,31
XAUUSD,1,2025-12-23 09:45:00+00:00,2025-12-23 16:00:00+00:00,4484.03,4468.386964285714,4523.137589285713,4468.386964285714,-1.0,SL,25
XAUUSD,1,2025-12-23 19:15:00+00:00,2025-12-29 13:30:00+00:00,4475.37,4439.002321428571,4566.289196428572,4439.002321428571,-1.0,SL,240
XAUUSD,-1,2025-12-29 16:15:00+00:00,2026-01-06 07:30:00+00:00,4398.02,4470.711964285714,4216.290089285716,4470.711964285714,-1.0,SL,425
XAUUSD,1,2026-01-07 09:45:00+00:00,2026-01-07 14:15:00+00:00,4458.75,4440.841607142857,4503.520982142856,4440.841607142857,-1.0,SL,18
XAUUSD,1,2026-01-08 17:30:00+00:00,2026-01-09 17:30:00+00:00,4447.49,4421.948303571428,4511.344241071429,4511.344241071429,2.5,TP,92
XAUUSD,1,2026-01-09 22:30:00+00:00,2026-01-12 01:15:00+00:00,4505.54,4492.739017857143,4537.542455357142,4537.542455357142,2.5,TP,7
XAUUSD,1,2026-01-13 02:15:00+00:00,2026-01-13 08:30:00+00:00,4592.97,4574.652946428571,4638.7626339285725,4574.652946428571,-1.0,SL,25
XAUUSD,1,2026-01-13 10:30:00+00:00,2026-01-13 16:30:00+00:00,4590.22,4576.461875,4624.615312500001,4624.615312500001,2.5,TP,24
XAUUSD,1,2026-01-14 01:15:00+00:00,2026-01-14 07:00:00+00:00,4595.82,4578.911071428571,4638.092321428572,4638.092321428572,2.5,TP,23
XAUUSD,1,2026-01-14 20:30:00+00:00,2026-01-15 03:15:00+00:00,4628.2,4600.143392857142,4698.341517857143,4600.143392857142,-1.0,SL,23
XAUUSD,1,2026-01-15 08:30:00+00:00,2026-01-15 15:45:00+00:00,4604.02,4584.9334821428565,4651.73629464286,4584.9334821428565,-1.0,SL,29
XAUUSD,1,2026-01-15 16:30:00+00:00,2026-01-16 15:15:00+00:00,4602.57,4583.5665178571435,4650.07870535714,4583.5665178571435,-1.0,SL,87
XAUUSD,1,2026-01-19 07:30:00+00:00,2026-01-20 07:30:00+00:00,4669.12,4655.546071428571,4703.054821428572,4703.054821428572,2.5,TP,82
XAUUSD,1,2026-01-20 08:00:00+00:00,2026-01-21 01:30:00+00:00,4714.6,4693.157857142857,4768.205357142859,4768.205357142859,2.5,TP,66
XAUUSD,1,2026-01-21 06:45:00+00:00,2026-01-21 17:15:00+00:00,4865.4,4828.598035714286,4957.404910714284,4828.598035714286,-1.0,SL,42
XAUUSD,1,2026-01-21 21:15:00+00:00,2026-01-21 21:30:00+00:00,4848.96,4818.437857142857,4925.265357142858,4818.437857142857,-1.0,SL,1
XAUUSD,1,2026-01-21 22:30:00+00:00,2026-01-22 19:30:00+00:00,4797.29,4757.866071428572,4895.849821428571,4895.849821428571,2.5,TP,80
XAUUSD,1,2026-01-23 12:45:00+00:00,2026-01-26 01:00:00+00:00,4928.06,4900.157589285714,4997.816026785717,4997.816026785717,2.5,TP,45
XAUUSD,1,2026-01-27 01:15:00+00:00,2026-01-27 22:15:00+00:00,5040.06,4997.083214285714,5147.501964285715,5147.501964285715,2.5,TP,84
XAUUSD,1,2026-01-27 23:15:00+00:00,2026-01-28 09:15:00+00:00,5176.34,5135.143928571429,5279.330178571428,5279.330178571428,2.5,TP,36
XAUUSD,1,2026-01-28 19:15:00+00:00,2026-01-28 20:30:00+00:00,5295.63,5275.624196428572,5345.644508928571,5275.624196428572,-1.0,SL,5
XAUUSD,1,2026-01-28 22:00:00+00:00,2026-01-29 01:00:00+00:00,5325.44,5274.234642857143,5453.453392857142,5453.453392857142,2.5,TP,8
XAUUSD,1,2026-01-29 23:00:00+00:00,2026-01-30 04:00:00+00:00,5394.17,5275.117499999999,5691.801250000002,5275.117499999999,-1.0,SL,16
XAUUSD,-1,2026-01-30 15:45:00+00:00,2026-01-30 16:30:00+00:00,5037.82,5098.238660714286,4886.773348214283,5098.238660714286,-1.0,SL,3
XAUUSD,-1,2026-01-30 17:15:00+00:00,2026-01-30 19:45:00+00:00,5027.54,5105.633660714286,4832.305848214286,4832.305848214286,2.5,TP,10
XAUUSD,-1,2026-02-02 01:15:00+00:00,2026-02-03 09:30:00+00:00,4732.7,4902.834285714286,4307.364285714284,4902.834285714286,-1.0,SL,125
XAUUSD,-1,2026-02-05 04:30:00+00:00,2026-02-05 05:00:00+00:00,4936.86,4994.704196428571,4792.249508928571,4792.249508928571,2.5,TP,2
XAUUSD,-1,2026-02-05 11:30:00+00:00,2026-02-06 01:45:00+00:00,4873.91,4937.250446428571,4715.558883928572,4715.558883928572,2.5,TP,53
XAUUSD,1,2026-02-09 07:45:00+00:00,2026-02-09 09:15:00+00:00,5034.34,5003.210267857143,5112.164330357144,5003.210267857143,-1.0,SL,6
XAUUSD,1,2026-02-09 10:30:00+00:00,2026-02-09 12:00:00+00:00,5025.37,4997.929196428572,5093.972008928569,4997.929196428572,-1.0,SL,6
XAUUSD,1,2026-02-09 13:45:00+00:00,2026-02-09 22:30:00+00:00,5008.49,4978.0695535714285,5084.541116071428,5084.541116071428,2.5,TP,35
XAUUSD,1,2026-02-10 02:00:00+00:00,2026-02-10 17:30:00+00:00,5031.79,5005.654464285714,5097.128839285714,5005.654464285714,-1.0,SL,62
XAUUSD,1,2026-02-10 19:45:00+00:00,2026-02-12 18:00:00+00:00,5037.47,5003.068392857143,5123.474017857143,5003.068392857143,-1.0,SL,177
XAUUSD,-1,2026-02-12 20:15:00+00:00,2026-02-13 03:15:00+00:00,4934.29,4977.698482142857,4825.768794642858,4977.698482142857,-1.0,SL,24
XAUUSD,-1,2026-02-13 07:00:00+00:00,2026-02-13 15:30:00+00:00,4976.53,4996.183482142857,4927.3962946428555,4996.183482142857,-1.0,SL,34
XAUUSD,-1,2026-02-16 05:00:00+00:00,2026-02-17 07:30:00+00:00,4994.51,5037.324464285714,4887.473839285714,4887.473839285714,2.5,TP,92
XAUUSD,1,2026-02-19 07:30:00+00:00,2026-02-19 15:00:00+00:00,4988.98,4975.482589285714,5022.723526785712,4975.482589285714,-1.0,SL,30
XAUUSD,1,2026-02-19 16:00:00+00:00,2026-02-19 16:15:00+00:00,4996.92,4979.344107142857,5040.859732142858,4979.344107142857,-1.0,SL,1
XAUUSD,1,2026-02-19 17:00:00+00:00,2026-02-20 23:45:00+00:00,5006.03,4968.166428571429,5100.688928571428,5100.688928571428,2.5,TP,119
XAUUSD,1,2026-02-24 05:00:00+00:00,2026-02-24 06:00:00+00:00,5189.69,5166.297500000001,5248.171249999998,5166.297500000001,-1.0,SL,4
XAUUSD,1,2026-02-24 08:15:00+00:00,2026-02-24 08:30:00+00:00,5182.54,5161.4361607142855,5235.299598214286,5161.4361607142855,-1.0,SL,1
XAUUSD,1,2026-02-24 17:00:00+00:00,2026-02-25 07:30:00+00:00,5128.51,5098.484732142857,5203.573169642858,5203.573169642858,2.5,TP,54
XAUUSD,1,2026-02-27 04:00:00+00:00,2026-02-27 12:00:00+00:00,5193.93,5169.203392857143,5255.746517857144,5169.203392857143,-1.0,SL,32
XAUUSD,1,2026-02-27 14:15:00+00:00,2026-02-27 15:15:00+00:00,5185.39,5170.2,5223.365000000002,5223.365000000002,2.5,TP,4
XAUUSD,-1,2026-03-03 16:45:00+00:00,2026-03-04 04:00:00+00:00,5071.01,5178.8225,4801.47875,5178.8225,-1.0,SL,41
XAUUSD,-1,2026-03-04 05:15:00+00:00,2026-03-04 12:00:00+00:00,5155.62,5192.535178571428,5063.332053571428,5192.535178571428,-1.0,SL,27
XAUUSD,-1,2026-03-04 14:45:00+00:00,2026-03-05 17:00:00+00:00,5166.68,5205.174285714286,5070.444285714286,5070.444285714286,2.5,TP,101
XAUUSD,-1,2026-03-06 10:45:00+00:00,2026-03-06 13:45:00+00:00,5107.45,5125.404553571429,5062.5636160714275,5062.5636160714275,2.5,TP,12
XAUUSD,-1,2026-03-09 01:30:00+00:00,2026-03-09 02:30:00+00:00,5154.21,5179.338571428571,5091.388571428572,5091.388571428572,2.5,TP,4
XAUUSD,-1,2026-03-09 03:00:00+00:00,2026-03-09 08:30:00+00:00,5075.95,5114.165892857143,4980.410267857142,5114.165892857143,-1.0,SL,22
XAUUSD,-1,2026-03-09 10:00:00+00:00,2026-03-09 22:15:00+00:00,5097.56,5136.984910714285,4998.997723214288,5136.984910714285,-1.0,SL,49
XAUUSD,1,2026-03-10 08:30:00+00:00,2026-03-10 16:15:00+00:00,5171.34,5155.4998214285715,5210.940446428572,5210.940446428572,2.5,TP,31
XAUUSD,1,2026-03-10 18:30:00+00:00,2026-03-10 21:15:00+00:00,5225.61,5200.227678571428,5289.065803571428,5200.227678571428,-1.0,SL,11
XAUUSD,1,2026-03-11 03:45:00+00:00,2026-03-11 10:30:00+00:00,5211.1,5186.219375000001,5273.3015625,5186.219375000001,-1.0,SL,27
XAUUSD,1,2026-03-12 09:00:00+00:00,2026-03-12 18:00:00+00:00,5154.21,5137.921607142857,5194.930982142857,5137.921607142857,-1.0,SL,36
XAUUSD,-1,2026-03-12 21:00:00+00:00,2026-03-13 22:45:00+00:00,5105.01,5139.754017857143,5018.149955357145,5018.149955357145,2.5,TP,99
XAUUSD,-1,2026-03-16 15:15:00+00:00,2026-03-16 16:15:00+00:00,5004.91,5025.857053571428,4952.54236607143,5025.857053571428,-1.0,SL,4
XAUUSD,-1,2026-03-16 17:45:00+00:00,2026-03-17 07:30:00+00:00,5000.79,5037.360982142857,4909.362544642857,5037.360982142857,-1.0,SL,51
XAUUSD,-1,2026-03-17 09:15:00+00:00,2026-03-18 14:45:00+00:00,5012.53,5044.945892857143,4931.490267857142,4931.490267857142,2.5,TP,114
XAUUSD,-1,2026-03-19 15:00:00+00:00,2026-03-19 15:45:00+00:00,4651.51,4695.143035714285,4542.427410714287,4542.427410714287,2.5,TP,3
XAUUSD,-1,2026-03-19 16:00:00+00:00,2026-03-20 04:45:00+00:00,4574.17,4696.150892857143,4269.2177678571425,4696.150892857143,-1.0,SL,47
XAUUSD,-1,2026-03-20 09:00:00+00:00,2026-03-20 11:15:00+00:00,4688.2,4729.035535714286,4586.111160714284,4729.035535714286,-1.0,SL,9
XAUUSD,-1,2026-03-20 12:00:00+00:00,2026-03-20 17:00:00+00:00,4693.39,4730.729464285714,4600.041339285715,4600.041339285715,2.5,TP,20
XAUUSD,-1,2026-03-20 17:15:00+00:00,2026-03-23 03:30:00+00:00,4587.12,4671.492678571429,4376.188303571427,4376.188303571427,2.5,TP,37
XAUUSD,-1,2026-03-23 04:00:00+00:00,2026-03-23 17:15:00+00:00,4354.63,4501.767678571428,3986.7858035714294,4501.767678571428,-1.0,SL,53
XAUUSD,-1,2026-03-23 19:00:00+00:00,2026-03-25 02:15:00+00:00,4363.61,4487.800357142857,4053.134107142856,4487.800357142857,-1.0,SL,117
XAUUSD,-1,2026-03-25 22:30:00+00:00,2026-03-26 19:15:00+00:00,4512.82,4559.914107142857,4395.084732142857,4395.084732142857,2.5,TP,79
XAUUSD,-1,2026-03-26 19:45:00+00:00,2026-03-27 07:45:00+00:00,4381.17,4448.83,4212.02,4448.83,-1.0,SL,44
XAUUSD,-1,2026-03-27 11:45:00+00:00,2026-03-27 17:00:00+00:00,4434.71,4454.320982142857,4385.6825446428575,4454.320982142857,-1.0,SL,21
XAUUSD,-1,2026-03-30 03:00:00+00:00,2026-03-30 08:45:00+00:00,4448.52,4517.197857142857,4276.825357142859,4517.197857142857,-1.0,SL,23
XAUUSD,1,2026-03-30 15:00:00+00:00,2026-03-30 16:45:00+00:00,4559.39,4524.072142857142,4647.684642857145,4524.072142857142,-1.0,SL,7
XAUUSD,1,2026-03-30 19:00:00+00:00,2026-03-30 20:00:00+00:00,4548.12,4524.2429464285715,4607.812633928571,4524.2429464285715,-1.0,SL,4
XAUUSD,1,2026-03-31 04:00:00+00:00,2026-03-31 20:00:00+00:00,4547.52,4504.379553571429,4655.371116071429,4655.371116071429,2.5,TP,64
XAUUSD,1,2026-04-01 18:15:00+00:00,2026-04-02 04:00:00+00:00,4764.58,4734.767589285714,4839.111026785715,4734.767589285714,-1.0,SL,35
XAUUSD,1,2026-04-02 22:00:00+00:00,2026-04-06 01:00:00+00:00,4668.42,4641.646874999999,4735.352812500001,4641.646874999999,-1.0,SL,8
XAUUSD,1,2026-04-06 08:15:00+00:00,2026-04-07 04:45:00+00:00,4673.38,4621.885,4802.1175,4621.885,-1.0,SL,78
XAUUSD,1,2026-04-07 11:30:00+00:00,2026-04-07 14:00:00+00:00,4678.34,4633.805892857144,4789.675267857141,4633.805892857144,-1.0,SL,10
XAUUSD,1,2026-04-07 21:00:00+00:00,2026-04-08 01:00:00+00:00,4675.69,4652.22125,4734.361875,4734.361875,2.5,TP,12
XAUUSD,1,2026-04-08 02:00:00+00:00,2026-04-08 21:15:00+00:00,4817.83,4722.270982142857,5056.7275446428575,4722.270982142857,-1.0,SL,77
XAUUSD,1,2026-04-09 13:45:00+00:00,2026-04-09 18:30:00+00:00,4740.57,4721.649375,4787.871562499999,4787.871562499999,2.5,TP,19
XAUUSD,1,2026-04-10 06:15:00+00:00,2026-04-10 11:45:00+00:00,4759.89,4739.058303571428,4811.969241071431,4739.058303571428,-1.0,SL,22
XAUUSD,1,2026-04-10 17:30:00+00:00,2026-04-10 18:30:00+00:00,4790.45,4764.4075,4855.556249999999,4764.4075,-1.0,SL,4
XAUUSD,1,2026-04-13 20:45:00+00:00,2026-04-13 21:15:00+00:00,4743.75,4725.653303571429,4788.991741071427,4725.653303571429,-1.0,SL,2
XAUUSD,1,2026-04-13 22:00:00+00:00,2026-04-14 09:45:00+00:00,4738.24,4722.139107142857,4778.492232142857,4778.492232142857,2.5,TP,43
XAUUSD,1,2026-04-14 14:30:00+00:00,2026-04-14 15:15:00+00:00,4778.07,4763.2856249999995,4815.0309375,4763.2856249999995,-1.0,SL,3
XAUUSD,1,2026-04-14 16:30:00+00:00,2026-04-14 20:00:00+00:00,4783.05,4764.159553571429,4830.276116071429,4830.276116071429,2.5,TP,14
XAUUSD,1,2026-04-14 20:30:00+00:00,2026-04-15 10:00:00+00:00,4825.66,4804.990178571429,4877.334553571427,4804.990178571429,-1.0,SL,50
XAUUSD,1,2026-04-16 02:15:00+00:00,2026-04-16 16:45:00+00:00,4812.48,4796.242053571429,4853.074866071425,4796.242053571429,-1.0,SL,58
XAUUSD,1,2026-04-17 15:00:00+00:00,2026-04-17 15:45:00+00:00,4799.05,4782.564285714286,4840.264285714286,4840.264285714286,2.5,TP,3
XAUUSD,1,2026-04-20 21:30:00+00:00,2026-04-21 06:00:00+00:00,4813.36,4802.183660714286,4841.300848214284,4802.183660714286,-1.0,SL,30
XAUUSD,-1,2026-04-21 14:30:00+00:00,2026-04-21 14:45:00+00:00,4783.36,4793.182857142857,4758.802857142857,4793.182857142857,-1.0,SL,1
XAUUSD,-1,2026-04-21 18:00:00+00:00,2026-04-28 14:00:00+00:00,4738.87,4793.694642857143,4601.808392857143,4601.808392857143,2.5,TP,444
XAUUSD,-1,2026-04-29 04:30:00+00:00,2026-04-30 11:00:00+00:00,4580.25,4608.708839285714,4509.1029017857145,4608.708839285714,-1.0,SL,118
XAUUSD,-1,2026-05-01 09:15:00+00:00,2026-05-01 16:45:00+00:00,4601.36,4617.870625,4560.0834374999995,4617.870625,-1.0,SL,30
XAUUSD,-1,2026-05-04 08:45:00+00:00,2026-05-04 13:00:00+00:00,4598.76,4613.524375,4561.849062500001,4561.849062500001,2.5,TP,17
XAUUSD,1,2026-05-06 09:15:00+00:00,2026-05-06 11:45:00+00:00,4660.25,4645.934107142857,4696.039732142857,4696.039732142857,2.5,TP,10
XAUUSD,1,2026-05-06 12:15:00+00:00,2026-05-06 15:00:00+00:00,4695.52,4672.548035714285,4752.949910714289,4672.548035714285,-1.0,SL,11
XAUUSD,1,2026-05-06 17:00:00+00:00,2026-05-07 18:00:00+00:00,4702.04,4677.143214285715,4764.281964285713,4764.281964285713,2.5,TP,96
XAUUSD,1,2026-05-08 02:30:00+00:00,2026-05-08 16:30:00+00:00,4696.24,4680.059017857143,4736.6924553571425,4736.6924553571425,2.5,TP,56
XAUUSD,1,2026-05-11 15:45:00+00:00,2026-05-12 02:45:00+00:00,4692.11,4663.446785714286,4763.7680357142835,4763.7680357142835,2.5,TP,40
XAUUSD,1,2026-05-12 20:30:00+00:00,2026-05-13 01:00:00+00:00,4679.22,4663.026607142857,4719.703482142859,4719.703482142859,2.5,TP,14
XAUUSD,1,2026-05-14 01:45:00+00:00,2026-05-14 04:00:00+00:00,4698.97,4687.220267857143,4728.344330357144,4687.220267857143,-1.0,SL,9
XAUUSD,1,2026-05-14 07:30:00+00:00,2026-05-14 16:30:00+00:00,4702.17,4670.670982142858,4780.917544642856,4670.670982142858,-1.0,SL,36
XAUUSD,-1,2026-05-15 08:30:00+00:00,2026-05-18 03:30:00+00:00,4588.66,4624.467232142857,4499.141919642857,4499.141919642857,2.5,TP,72
XAUUSD,-1,2026-05-18 18:00:00+00:00,2026-05-19 02:00:00+00:00,4546.47,4581.894732142858,4457.908169642857,4581.894732142858,-1.0,SL,28
XAUUSD,-1,2026-05-19 07:15:00+00:00,2026-05-19 10:45:00+00:00,4540.08,4556.717946428572,4498.485133928571,4556.717946428572,-1.0,SL,14
XAUUSD,-1,2026-05-19 16:30:00+00:00,2026-05-20 18:15:00+00:00,4492.05,4548.681428571428,4350.471428571431,4548.681428571428,-1.0,SL,99
XAUUSD,-1,2026-05-21 13:00:00+00:00,2026-05-21 15:45:00+00:00,4530.46,4541.728125,4502.289687500001,4502.289687500001,2.5,TP,11
XAUUSD,-1,2026-05-22 17:00:00+00:00,2026-05-25 01:00:00+00:00,4513.88,4532.213839285714,4468.0454017857155,4532.213839285714,-1.0,SL,28
XAUUSD,1,2026-05-25 13:00:00+00:00,2026-05-26 03:00:00+00:00,4567.42,4551.706607142857,4606.703482142857,4551.706607142857,-1.0,SL,42
XAUUSD,-1,2026-05-26 14:45:00+00:00,2026-05-27 14:30:00+00:00,4509.98,4538.205267857143,4439.416830357142,4439.416830357142,2.5,TP,91
XAUUSD,-1,2026-05-27 16:15:00+00:00,2026-05-28 01:00:00+00:00,4416.33,4459.495803571429,4308.415491071428,4459.495803571429,-1.0,SL,31
XAUUSD,-1,2026-05-28 04:30:00+00:00,2026-05-28 17:00:00+00:00,4419.02,4462.196428571428,4311.078928571431,4462.196428571428,-1.0,SL,50
XAUUSD,1,2026-05-29 12:30:00+00:00,2026-05-29 18:00:00+00:00,4528.78,4511.492232142858,4571.999419642855,4571.999419642855,2.5,TP,22
XAUUSD,1,2026-06-02 07:30:00+00:00,2026-06-03 02:15:00+00:00,4504.38,4472.340357142857,4584.479107142857,4472.340357142857,-1.0,SL,71
XAUUSD,-1,2026-06-03 04:30:00+00:00,2026-06-04 14:45:00+00:00,4467.27,4499.4072321428575,4386.926919642858,4499.4072321428575,-1.0,SL,133
XAUUSD,-1,2026-06-05 02:15:00+00:00,2026-06-05 05:30:00+00:00,4470.86,4482.723928571429,4441.200178571427,4441.200178571427,2.5,TP,13
XAUUSD,-1,2026-06-05 16:00:00+00:00,2026-06-10 01:45:00+00:00,4406.0,4474.595357142857,4234.5116071428565,4234.5116071428565,2.5,TP,219
XAUUSD,-1,2026-06-10 11:30:00+00:00,2026-06-11 01:00:00+00:00,4172.13,4218.343392857143,4056.5965178571428,4056.5965178571428,2.5,TP,50
XAUUSD,-1,2026-06-11 05:30:00+00:00,2026-06-11 20:30:00+00:00,4082.21,4121.600267857142,3983.7343303571447,4121.600267857142,-1.0,SL,60
XAUUSD,1,2026-06-15 10:30:00+00:00,2026-06-15 16:30:00+00:00,4316.67,4300.101785714285,4358.090535714287,4358.090535714287,2.5,TP,24
XAUUSD,1,2026-06-16 04:15:00+00:00,2026-06-17 17:15:00+00:00,4319.56,4304.451875,4357.330312500002,4357.330312500002,2.5,TP,144
XAUUSD,1,2026-06-17 18:45:00+00:00,2026-06-17 21:00:00+00:00,4358.15,4340.957410714285,4401.1314732142855,4340.957410714285,-1.0,SL,9
XAUUSD,-1,2026-06-18 12:15:00+00:00,2026-06-19 06:45:00+00:00,4267.59,4314.155357142858,4151.1766071428565,4151.1766071428565,2.5,TP,70
XAUUSD,-1,2026-06-19 13:30:00+00:00,2026-06-19 15:45:00+00:00,4153.66,4166.91625,4120.519374999999,4166.91625,-1.0,SL,9
XAUUSD,-1,2026-06-19 17:00:00+00:00,2026-06-22 03:45:00+00:00,4151.3,4183.525714285714,4070.7357142857168,4183.525714285714,-1.0,SL,23
XAUUSD,-1,2026-06-22 05:00:00+00:00,2026-06-23 07:45:00+00:00,4190.76,4216.131964285714,4127.330089285715,4127.330089285715,2.5,TP,103
XAUUSD,-1,2026-06-23 21:30:00+00:00,2026-06-24 04:00:00+00:00,4120.93,4137.346696428572,4079.8882589285718,4079.8882589285718,2.5,TP,22
XAUUSD,-1,2026-06-24 05:30:00+00:00,2026-06-24 15:45:00+00:00,4073.49,4102.9990178571425,3999.717455357143,3999.717455357143,2.5,TP,41
XAUUSD,-1,2026-06-29 12:00:00+00:00,2026-06-30 03:30:00+00:00,4046.86,4068.258125,3993.364687500001,3993.364687500001,2.5,TP,58
XAUUSD,-1,2026-06-30 04:00:00+00:00,2026-06-30 09:30:00+00:00,3986.98,4024.8261607142854,3892.3645982142866,4024.8261607142854,-1.0,SL,22
XAUUSD,-1,2026-06-30 15:30:00+00:00,2026-06-30 17:00:00+00:00,4016.7,4039.560982142857,3959.547544642857,4039.560982142857,-1.0,SL,6
XAUUSD,-1,2026-06-30 22:30:00+00:00,2026-07-01 04:00:00+00:00,4021.06,4036.6613392857143,3982.056651785714,3982.056651785714,2.5,TP,18
XAUUSD,-1,2026-07-01 09:30:00+00:00,2026-07-01 10:45:00+00:00,3967.25,3977.58875,3941.4031250000003,3977.58875,-1.0,SL,5
XAUUSD,1,2026-07-02 16:00:00+00:00,2026-07-08 11:45:00+00:00,4117.38,4057.042410714286,4268.223973214286,4057.042410714286,-1.0,SL,335
XAUUSD,-1,2026-07-08 11:45:00+00:00,2026-07-09 17:00:00+00:00,4065.58,4131.670357142857,3900.354107142857,4131.670357142857,-1.0,SL,113
XAUUSD,-1,2026-07-10 12:00:00+00:00,2026-07-10 13:15:00+00:00,4097.6,4111.626696428571,4062.5332589285726,4111.626696428571,-1.0,SL,5
XAUUSD,-1,2026-07-13 06:30:00+00:00,2026-07-13 11:15:00+00:00,4061.65,4077.097142857143,4023.0321428571433,4077.097142857143,-1.0,SL,19
XAUUSD,-1,2026-07-13 14:00:00+00:00,2026-07-13 17:15:00+00:00,4060.62,4077.154732142857,4019.283169642857,4019.283169642857,2.5,TP,13
US100.cash,1,2025-02-17 18:30:00+00:00,2025-02-18 16:45:00+00:00,22165.25,22115.405357142856,22289.861607142862,22115.405357142856,-1.0,SL,69
US100.cash,1,2025-02-19 01:15:00+00:00,2025-02-19 12:45:00+00:00,22166.25,22126.62294642857,22265.31763392857,22126.62294642857,-1.0,SL,46
US100.cash,-1,2025-02-20 03:45:00+00:00,2025-02-20 16:45:00+00:00,22101.15,22163.804642857143,21944.513392857145,21944.513392857145,2.5,TP,52
US100.cash,-1,2025-02-21 16:45:00+00:00,2025-02-21 19:45:00+00:00,22058.06,22163.881250000002,21793.506875,21793.506875,2.5,TP,12
US100.cash,-1,2025-02-21 20:15:00+00:00,2025-02-25 16:45:00+00:00,21742.75,21959.820535714283,21200.07366071429,21200.07366071429,2.5,TP,170
US100.cash,-1,2025-03-04 17:15:00+00:00,2025-03-04 19:15:00+00:00,20161.5,20364.885714285716,19653.03571428571,20364.885714285716,-1.0,SL,8
US100.cash,-1,2025-03-04 23:00:00+00:00,2025-03-05 21:15:00+00:00,20353.4,20667.508035714283,19568.1299107143,20667.508035714283,-1.0,SL,85
US100.cash,-1,2025-03-06 10:00:00+00:00,2025-03-06 19:00:00+00:00,20492.7,20617.709821428572,20180.17544642857,20180.17544642857,2.5,TP,36
US100.cash,-1,2025-03-10 01:15:00+00:00,2025-03-10 20:00:00+00:00,19997.35,20226.100267857142,19425.474330357138,19425.474330357138,2.5,TP,75
US100.cash,-1,2025-03-11 15:30:00+00:00,2025-03-11 17:00:00+00:00,19466.15,19569.651785714283,19207.3955357143,19569.651785714283,-1.0,SL,6
US100.cash,-1,2025-03-11 17:30:00+00:00,2025-03-11 21:30:00+00:00,19290.35,19534.07232142857,18681.044196428564,19534.07232142857,-1.0,SL,16
US100.cash,-1,2025-03-11 23:15:00+00:00,2025-03-12 15:30:00+00:00,19406.79,19648.60357142857,18802.256071428572,19648.60357142857,-1.0,SL,61
US100.cash,-1,2025-03-13 05:45:00+00:00,2025-03-13 08:30:00+00:00,19578.25,19639.55375,19424.990625000002,19424.990625000002,2.5,TP,11
US100.cash,-1,2025-03-13 17:00:00+00:00,2025-03-14 16:30:00+00:00,19338.45,19562.820982142857,18777.52254464286,19562.820982142857,-1.0,SL,90
US100.cash,1,2025-03-17 13:30:00+00:00,2025-03-17 15:30:00+00:00,19631.35,19583.826250000002,19750.15937499999,19750.15937499999,2.5,TP,8
US100.cash,1,2025-03-17 16:00:00+00:00,2025-03-17 18:00:00+00:00,19730.75,19640.73089285714,19955.797767857148,19640.73089285714,-1.0,SL,8
US100.cash,1,2025-03-17 20:45:00+00:00,2025-03-18 16:30:00+00:00,19795.55,19627.667142857143,20215.25714285714,19627.667142857143,-1.0,SL,75
US100.cash,-1,2025-03-19 09:15:00+00:00,2025-03-19 13:00:00+00:00,19512.45,19555.41642857143,19405.03392857143,19555.41642857143,-1.0,SL,15
US100.cash,1,2025-03-20 01:30:00+00:00,2025-03-20 13:00:00+00:00,19778.25,19706.498035714285,19957.629910714288,19706.498035714285,-1.0,SL,46
US100.cash,1,2025-03-21 03:15:00+00:00,2025-03-21 08:30:00+00:00,19711.95,19622.875535714284,19934.636160714294,19622.875535714284,-1.0,SL,21
US100.cash,-1,2025-03-21 16:00:00+00:00,2025-03-21 19:15:00+00:00,19474.25,19632.328125,19079.0546875,19632.328125,-1.0,SL,13
US100.cash,1,2025-03-21 23:15:00+00:00,2025-03-24 16:45:00+00:00,19751.69,19606.98705357143,20113.44736607142,20113.44736607142,2.5,TP,66
US100.cash,1,2025-03-25 03:00:00+00:00,2025-03-25 03:15:00+00:00,20155.25,20135.709642857142,20204.100892857146,20135.709642857142,-1.0,SL,1
US100.cash,1,2025-03-25 04:15:00+00:00,2025-03-25 06:15:00+00:00,20169.35,20136.406071428573,20251.70982142856,20136.406071428573,-1.0,SL,8
US100.cash,1,2025-03-25 10:15:00+00:00,2025-03-25 11:00:00+00:00,20167.45,20129.78982142857,20261.600446428576,20129.78982142857,-1.0,SL,3
US100.cash,1,2025-03-25 13:00:00+00:00,2025-03-25 17:30:00+00:00,20141.65,20096.119285714285,20255.476785714294,20255.476785714294,2.5,TP,18
US100.cash,-1,2025-03-27 14:15:00+00:00,2025-03-27 17:30:00+00:00,19872.05,19943.316428571427,19693.88392857143,19943.316428571427,-1.0,SL,13
US100.cash,-1,2025-03-27 18:45:00+00:00,2025-03-28 17:00:00+00:00,19879.55,20011.348928571428,19550.05267857143,19550.05267857143,2.5,TP,85
US100.cash,-1,2025-03-28 17:30:00+00:00,2025-04-02 23:00:00+00:00,19450.35,19766.010892857143,18661.19776785714,19766.010892857143,-1.0,SL,298
US100.cash,-1,2025-04-02 23:45:00+00:00,2025-04-07 01:00:00+00:00,18971.69,19810.933035714286,16873.58241071428,16873.58241071428,2.5,TP,185
US100.cash,-1,2025-04-08 18:00:00+00:00,2025-04-08 20:00:00+00:00,17982.85,18193.313928571428,17456.690178571425,17456.690178571425,2.5,TP,8
US100.cash,-1,2025-04-08 22:30:00+00:00,2025-04-09 20:15:00+00:00,17132.85,17619.445178571426,15916.362053571429,17619.445178571426,-1.0,SL,83
US100.cash,1,2025-04-10 13:30:00+00:00,2025-04-10 15:45:00+00:00,18787.45,18598.74517857143,19259.212053571428,18598.74517857143,-1.0,SL,9
US100.cash,1,2025-04-10 21:00:00+00:00,2025-04-21 16:45:00+00:00,18314.85,17918.526785714286,19305.65803571428,17918.526785714286,-1.0,SL,535
US100.cash,-1,2025-04-22 06:30:00+00:00,2025-04-22 09:45:00+00:00,17876.05,17940.29830357143,17715.42924107142,17940.29830357143,-1.0,SL,13
US100.cash,1,2025-04-23 09:00:00+00:00,2025-04-23 13:45:00+00:00,18627.45,18554.750982142858,18809.19754464286,18809.19754464286,2.5,TP,19
US100.cash,1,2025-04-23 17:00:00+00:00,2025-04-23 18:15:00+00:00,18968.85,18781.36875,19437.55312499999,18781.36875,-1.0,SL,5
US100.cash,1,2025-04-24 01:00:00+00:00,2025-04-24 03:00:00+00:00,18654.85,18612.28214285714,18761.269642857143,18761.269642857143,2.5,TP,8
US100.cash,1,2025-04-24 08:00:00+00:00,2025-04-24 08:45:00+00:00,18650.45,18584.829375,18814.5015625,18584.829375,-1.0,SL,3
US100.cash,1,2025-04-24 12:30:00+00:00,2025-04-24 13:45:00+00:00,18542.45,18481.572232142855,18694.644419642864,18694.644419642864,2.5,TP,5
US100.cash,1,2025-04-24 17:00:00+00:00,2025-04-29 20:45:00+00:00,18940.05,18701.35383928571,19536.790401785718,19536.790401785718,2.5,TP,291
US100.cash,1,2025-04-30 21:00:00+00:00,2025-04-30 23:15:00+00:00,19378.35,19241.31053571429,19720.948660714275,19720.948660714275,2.5,TP,9
US100.cash,1,2025-05-01 01:30:00+00:00,2025-05-01 18:00:00+00:00,19791.95,19717.554553571426,19977.938616071435,19977.938616071435,2.5,TP,66
US100.cash,1,2025-05-02 03:45:00+00:00,2025-05-02 19:00:00+00:00,19808.05,19667.20776785714,20160.155580357146,20160.155580357146,2.5,TP,61
US100.cash,1,2025-05-07 01:15:00+00:00,2025-05-07 21:00:00+00:00,19950.65,19703.770803571428,20567.847991071438,19703.770803571428,-1.0,SL,79
US100.cash,1,2025-05-08 04:15:00+00:00,2025-05-12 04:00:00+00:00,20005.55,19820.201696428572,20468.920758928565,20468.920758928565,2.5,TP,183
US100.cash,1,2025-05-20 08:15:00+00:00,2025-05-20 09:00:00+00:00,21390.85,21335.94017857143,21528.124553571422,21335.94017857143,-1.0,SL,3
US100.cash,1,2025-05-20 13:30:00+00:00,2025-05-20 16:15:00+00:00,21364.45,21337.027678571427,21433.005803571436,21337.027678571427,-1.0,SL,11
US100.cash,1,2025-05-20 20:00:00+00:00,2025-05-20 21:15:00+00:00,21385.95,21332.567857142858,21519.40535714286,21332.567857142858,-1.0,SL,5
US100.cash,1,2025-05-21 02:30:00+00:00,2025-05-21 08:45:00+00:00,21342.75,21265.473125,21535.942187499997,21265.473125,-1.0,SL,25
US100.cash,1,2025-05-21 17:00:00+00:00,2025-05-21 20:15:00+00:00,21303.75,21190.86875,21585.953124999996,21190.86875,-1.0,SL,13
US100.cash,-1,2025-05-22 15:00:00+00:00,2025-05-22 16:00:00+00:00,21012.15,21134.795535714286,20705.53616071429,21134.795535714286,-1.0,SL,4
US100.cash,-1,2025-05-22 20:00:00+00:00,2025-05-22 22:00:00+00:00,21148.35,21248.868214285714,20897.05446428571,21248.868214285714,-1.0,SL,8
US100.cash,-1,2025-05-22 23:00:00+00:00,2025-05-23 15:00:00+00:00,21113.75,21276.834285714285,20706.039285714287,20706.039285714287,2.5,TP,60
US100.cash,-1,2025-05-27 04:30:00+00:00,2025-05-27 09:45:00+00:00,21139.85,21196.69017857143,20997.749553571422,21196.69017857143,-1.0,SL,21
US100.cash,1,2025-05-27 10:30:00+00:00,2025-05-27 16:30:00+00:00,21230.75,21177.36160714286,21364.220982142855,21177.36160714286,-1.0,SL,24
US100.cash,1,2025-05-27 17:15:00+00:00,2025-05-29 02:00:00+00:00,21296.15,21173.194642857143,21603.538392857146,21603.538392857146,2.5,TP,123
US100.cash,-1,2025-05-30 19:45:00+00:00,2025-05-30 22:00:00+00:00,21085.85,21297.346517857146,20557.108705357132,21297.346517857146,-1.0,SL,9
US100.cash,-1,2025-06-02 01:15:00+00:00,2025-06-02 06:45:00+00:00,21299.65,21342.545,21192.41250000001,21192.41250000001,2.5,TP,22
US100.cash,1,2025-06-03 12:00:00+00:00,2025-06-03 16:00:00+00:00,21403.65,21363.497232142858,21504.03191964286,21504.03191964286,2.5,TP,16
US100.cash,1,2025-06-03 17:00:00+00:00,2025-06-05 15:45:00+00:00,21558.74,21457.374107142856,21812.154732142866,21812.154732142866,2.5,TP,179
US100.cash,1,2025-06-06 16:00:00+00:00,2025-06-10 22:00:00+00:00,21727.35,21632.73723214286,21963.881919642845,21963.881919642845,2.5,TP,208
US100.cash,1,2025-06-10 22:00:00+00:00,2025-06-11 21:00:00+00:00,21921.75,21809.758035714283,22201.72991071429,21809.758035714283,-1.0,SL,88
US100.cash,1,2025-06-12 17:00:00+00:00,2025-06-12 18:00:00+00:00,21835.75,21788.2,21954.625,21954.625,2.5,TP,4
US100.cash,-1,2025-06-13 21:30:00+00:00,2025-06-16 14:45:00+00:00,21657.05,21793.189285714285,21316.701785714286,21793.189285714285,-1.0,SL,65
US100.cash,1,2025-06-16 17:00:00+00:00,2025-06-17 13:30:00+00:00,21912.65,21766.23392857143,22278.69017857143,21766.23392857143,-1.0,SL,78
US100.cash,1,2025-06-17 14:30:00+00:00,2025-06-17 20:45:00+00:00,21821.05,21749.76330357143,21999.26674107142,21749.76330357143,-1.0,SL,25
US100.cash,-1,2025-06-18 14:15:00+00:00,2025-06-18 17:15:00+00:00,21731.55,21827.316160714287,21492.13459821428,21827.316160714287,-1.0,SL,12
US100.cash,-1,2025-06-18 20:45:00+00:00,2025-06-18 21:00:00+00:00,21772.05,21811.979464285716,21672.226339285706,21811.979464285716,-1.0,SL,1
US100.cash,-1,2025-06-19 01:30:00+00:00,2025-06-19 04:00:00+00:00,21700.96,21755.554642857143,21564.473392857137,21564.473392857137,2.5,TP,10
US100.cash,-1,2025-06-19 14:30:00+00:00,2025-06-19 16:45:00+00:00,21578.65,21627.515178571426,21456.48705357144,21456.48705357144,2.5,TP,9
US100.cash,-1,2025-06-20 08:30:00+00:00,2025-06-20 09:00:00+00:00,21665.05,21694.222410714287,21592.11897321428,21694.222410714287,-1.0,SL,2
US100.cash,-1,2025-06-20 11:45:00+00:00,2025-06-20 14:30:00+00:00,21665.45,21729.26169642857,21505.92075892858,21729.26169642857,-1.0,SL,11
US100.cash,-1,2025-06-20 17:15:00+00:00,2025-06-24 01:00:00+00:00,21771.15,21903.29464285714,21440.788392857154,21903.29464285714,-1.0,SL,119
US100.cash,1,2025-06-24 08:30:00+00:00,2025-06-24 09:00:00+00:00,22039.95,22007.98482142857,22119.862946428577,22119.862946428577,2.5,TP,2
US100.cash,1,2025-06-24 09:00:00+00:00,2025-06-25 14:45:00+00:00,22077.65,22008.3125,22250.993750000005,22250.993750000005,2.5,TP,115
US100.cash,1,2025-06-26 19:15:00+00:00,2025-06-27 15:00:00+00:00,22400.15,22334.287589285716,22564.806026785714,22564.806026785714,2.5,TP,75
US100.cash,1,2025-06-27 22:45:00+00:00,2025-07-02 15:30:00+00:00,22486.35,22379.25544642857,22754.086383928567,22379.25544642857,-1.0,SL,247
US100.cash,1,2025-07-02 16:30:00+00:00,2025-07-02 17:45:00+00:00,22445.25,22375.901875,22618.620312500003,22618.620312500003,2.5,TP,5
US100.cash,1,2025-07-03 01:00:00+00:00,2025-07-03 15:30:00+00:00,22641.16,22612.06544642857,22713.89638392858,22713.89638392858,2.5,TP,58
US100.cash,1,2025-07-03 16:00:00+00:00,2025-07-03 16:30:00+00:00,22685.65,22647.102410714288,22782.018973214286,22782.018973214286,2.5,TP,2
US100.cash,1,2025-07-07 01:15:00+00:00,2025-07-07 17:45:00+00:00,22795.96,22689.031160714287,23063.28209821428,22689.031160714287,-1.0,SL,66
US100.cash,1,2025-07-08 02:30:00+00:00,2025-07-08 09:15:00+00:00,22667.05,22634.121607142857,22749.370982142857,22749.370982142857,2.5,TP,27
US100.cash,1,2025-07-08 11:00:00+00:00,2025-07-08 13:00:00+00:00,22766.95,22715.99375,22894.340624999997,22715.99375,-1.0,SL,8
US100.cash,1,2025-07-08 14:00:00+00:00,2025-07-08 16:30:00+00:00,22748.45,22709.003571428573,22847.06607142857,22709.003571428573,-1.0,SL,10
US100.cash,1,2025-07-09 12:30:00+00:00,2025-07-09 16:30:00+00:00,22738.15,22688.48839285714,22862.304017857154,22862.304017857154,2.5,TP,16
US100.cash,1,2025-07-10 01:30:00+00:00,2025-07-10 03:00:00+00:00,22862.66,22830.784107142856,22942.34973214286,22830.784107142856,-1.0,SL,6
US100.cash,1,2025-07-10 10:45:00+00:00,2025-07-10 16:45:00+00:00,22822.35,22790.286607142858,22902.50848214285,22790.286607142858,-1.0,SL,24
US100.cash,1,2025-07-10 18:45:00+00:00,2025-07-11 03:15:00+00:00,22823.95,22751.883928571428,23004.115178571432,22751.883928571428,-1.0,SL,30
US100.cash,1,2025-07-11 17:30:00+00:00,2025-07-14 01:00:00+00:00,22808.25,22682.076785714286,23123.683035714286,22682.076785714286,-1.0,SL,26
US100.cash,1,2025-07-14 18:15:00+00:00,2025-07-15 15:45:00+00:00,22831.15,22752.36607142857,23028.10982142858,23028.10982142858,2.5,TP,82
US100.cash,1,2025-07-15 16:00:00+00:00,2025-07-15 16:30:00+00:00,23019.85,22964.975892857143,23157.035267857136,22964.975892857143,-1.0,SL,2
US100.cash,1,2025-07-16 16:00:00+00:00,2025-07-16 16:30:00+00:00,22900.65,22843.86669642857,23042.60825892858,22843.86669642857,-1.0,SL,2
US100.cash,1,2025-07-16 20:15:00+00:00,2025-07-17 19:15:00+00:00,22882.65,22794.026339285716,23104.209151785715,23104.209151785715,2.5,TP,88
US100.cash,1,2025-07-18 02:30:00+00:00,2025-07-18 17:00:00+00:00,23101.25,23074.299107142855,23168.627232142862,23074.299107142855,-1.0,SL,58
US100.cash,1,2025-07-21 01:45:00+00:00,2025-07-21 16:30:00+00:00,23079.26,23041.35017857143,23174.034553571422,23174.034553571422,2.5,TP,59
US100.cash,1,2025-07-21 16:45:00+00:00,2025-07-22 16:45:00+00:00,23177.95,23060.358035714286,23471.929910714287,23060.358035714286,-1.0,SL,92
US100.cash,1,2025-07-23 21:30:00+00:00,2025-07-28 01:00:00+00:00,23143.55,23058.897321428572,23355.181696428568,23355.181696428568,2.5,TP,194
US100.cash,1,2025-07-28 16:00:00+00:00,2025-07-28 16:15:00+00:00,23371.05,23339.79107142857,23449.197321428568,23339.79107142857,-1.0,SL,1
US100.cash,1,2025-07-28 17:00:00+00:00,2025-07-28 18:15:00+00:00,23376.95,23322.35625,23513.434375,23322.35625,-1.0,SL,5
US100.cash,1,2025-07-28 23:15:00+00:00,2025-07-29 16:30:00+00:00,23356.96,23308.207142857143,23478.84214285714,23478.84214285714,2.5,TP,65
US100.cash,1,2025-07-30 06:15:00+00:00,2025-07-30 10:15:00+00:00,23360.65,23338.036607142858,23417.18348214286,23338.036607142858,-1.0,SL,16
US100.cash,1,2025-07-30 17:45:00+00:00,2025-07-30 21:45:00+00:00,23381.85,23335.037946428572,23498.880133928564,23335.037946428572,-1.0,SL,16
US100.cash,1,2025-07-31 02:00:00+00:00,2025-07-31 16:30:00+00:00,23592.65,23542.691428571427,23717.54642857144,23542.691428571427,-1.0,SL,58
US100.cash,-1,2025-08-01 13:30:00+00:00,2025-08-01 15:30:00+00:00,22969.75,23013.29642857143,22860.883928571428,23013.29642857143,-1.0,SL,8
US100.cash,-1,2025-08-01 17:00:00+00:00,2025-08-04 16:15:00+00:00,22752.21,22973.389285714286,22199.261785714283,22973.389285714286,-1.0,SL,89
US100.cash,-1,2025-08-05 17:30:00+00:00,2025-08-06 19:15:00+00:00,23174.75,23275.145089285714,22923.762276785717,23275.145089285714,-1.0,SL,99
US100.cash,1,2025-08-07 12:45:00+00:00,2025-08-07 17:45:00+00:00,23481.65,23428.421517857143,23614.72120535715,23428.421517857143,-1.0,SL,20
US100.cash,1,2025-08-07 22:15:00+00:00,2025-08-08 01:00:00+00:00,23290.15,23227.357946428572,23447.130133928575,23447.130133928575,2.5,TP,7
US100.cash,1,2025-08-12 05:00:00+00:00,2025-08-12 08:00:00+00:00,23557.85,23525.73660714286,23638.133482142846,23525.73660714286,-1.0,SL,12
US100.cash,1,2025-08-12 15:15:00+00:00,2025-08-12 15:30:00+00:00,23553.25,23513.602678571428,23652.36830357143,23652.36830357143,2.5,TP,1
US100.cash,-1,2025-08-18 12:30:00+00:00,2025-08-18 16:30:00+00:00,23663.25,23712.04464285714,23541.263392857145,23712.04464285714,-1.0,SL,16
US100.cash,-1,2025-08-18 18:45:00+00:00,2025-08-18 20:30:00+00:00,23657.95,23701.99642857143,23547.833928571425,23701.99642857143,-1.0,SL,7
US100.cash,-1,2025-08-19 03:45:00+00:00,2025-08-19 16:45:00+00:00,23685.75,23731.4375,23571.53125,23571.53125,2.5,TP,52
US100.cash,-1,2025-08-20 02:45:00+00:00,2025-08-20 16:45:00+00:00,23349.25,23399.334107142855,23224.03973214286,23224.03973214286,2.5,TP,56
US100.cash,-1,2025-08-20 17:00:00+00:00,2025-08-22 17:00:00+00:00,23094.15,23357.47232142857,22435.84419642858,23357.47232142857,-1.0,SL,184
US100.cash,1,2025-08-25 07:00:00+00:00,2025-08-25 12:00:00+00:00,23477.85,23437.324999999997,23579.162500000002,23437.324999999997,-1.0,SL,20
US100.cash,1,2025-08-25 18:30:00+00:00,2025-08-25 22:45:00+00:00,23529.35,23461.370535714286,23699.29866071428,23461.370535714286,-1.0,SL,17
US100.cash,1,2025-08-26 13:30:00+00:00,2025-08-26 14:30:00+00:00,23429.85,23389.651785714286,23530.34553571428,23389.651785714286,-1.0,SL,4
US100.cash,1,2025-08-26 19:30:00+00:00,2025-08-26 20:45:00+00:00,23476.35,23431.058928571427,23589.577678571426,23431.058928571427,-1.0,SL,5
US100.cash,1,2025-08-27 12:30:00+00:00,2025-08-27 15:30:00+00:00,23531.55,23510.241964285713,23584.820089285713,23510.241964285713,-1.0,SL,12
US100.cash,1,2025-08-27 17:30:00+00:00,2025-08-27 23:15:00+00:00,23533.95,23452.321428571428,23738.021428571432,23452.321428571428,-1.0,SL,23
US100.cash,1,2025-08-28 05:00:00+00:00,2025-08-28 11:00:00+00:00,23488.45,23451.996428571427,23579.583928571436,23579.583928571436,2.5,TP,24
US100.cash,1,2025-08-28 11:30:00+00:00,2025-08-28 14:00:00+00:00,23583.35,23536.58392857143,23700.265178571426,23536.58392857143,-1.0,SL,10
US100.cash,1,2025-08-28 15:45:00+00:00,2025-08-28 16:45:00+00:00,23584.75,23521.824999999997,23742.062500000007,23521.824999999997,-1.0,SL,4
US100.cash,1,2025-08-28 18:00:00+00:00,2025-08-29 16:30:00+00:00,23654.45,23558.72053571429,23893.77366071428,23558.72053571429,-1.0,SL,86
US100.cash,-1,2025-09-01 05:15:00+00:00,2025-09-02 10:45:00+00:00,23438.95,23506.919464285715,23269.026339285716,23269.026339285716,2.5,TP,98
US100.cash,-1,2025-09-02 13:15:00+00:00,2025-09-02 15:00:00+00:00,23254.25,23290.906160714287,23162.609598214283,23162.609598214283,2.5,TP,7
US100.cash,-1,2025-09-02 18:45:00+00:00,2025-09-02 22:45:00+00:00,23009.65,23234.988214285713,22446.30446428572,23234.988214285713,-1.0,SL,16
US100.cash,1,2025-09-04 13:15:00+00:00,2025-09-04 14:45:00+00:00,23489.45,23447.520535714284,23594.273660714294,23447.520535714284,-1.0,SL,6
US100.cash,1,2025-09-05 08:45:00+00:00,2025-09-05 15:30:00+00:00,23729.55,23697.183928571427,23810.46517857143,23697.183928571427,-1.0,SL,27
US100.cash,1,2025-09-05 16:00:00+00:00,2025-09-05 17:00:00+00:00,23835.45,23733.135089285715,24091.237276785716,23733.135089285715,-1.0,SL,4
US100.cash,1,2025-09-05 21:30:00+00:00,2025-09-08 02:15:00+00:00,23606.05,23557.158124999998,23728.279687500002,23728.279687500002,2.5,TP,15
US100.cash,1,2025-09-08 17:00:00+00:00,2025-09-09 17:30:00+00:00,23812.15,23704.501785714285,24081.27053571429,23704.501785714285,-1.0,SL,94
US100.cash,1,2025-09-09 20:30:00+00:00,2025-09-10 09:30:00+00:00,23808.75,23766.977678571428,23913.18080357143,23913.18080357143,2.5,TP,48
US100.cash,1,2025-09-10 13:00:00+00:00,2025-09-10 15:30:00+00:00,23877.85,23850.979464285716,23945.026339285705,23945.026339285705,2.5,TP,10
US100.cash,1,2025-09-10 16:00:00+00:00,2025-09-10 16:30:00+00:00,23973.25,23902.251607142858,24150.745982142857,23902.251607142858,-1.0,SL,2
US100.cash,1,2025-09-11 01:30:00+00:00,2025-09-11 14:45:00+00:00,23845.66,23813.44482142857,23926.197946428576,23926.197946428576,2.5,TP,53
US100.cash,1,2025-09-12 07:30:00+00:00,2025-09-12 11:00:00+00:00,23998.85,23972.914285714283,24063.68928571429,23972.914285714283,-1.0,SL,14
US100.cash,1,2025-09-12 12:00:00+00:00,2025-09-12 16:30:00+00:00,23982.25,23959.751785714285,24038.49553571429,24038.49553571429,2.5,TP,18
US100.cash,1,2025-09-12 17:45:00+00:00,2025-09-15 16:30:00+00:00,24062.35,24005.114285714284,24205.439285714285,24205.439285714285,2.5,TP,87
US100.cash,1,2025-09-15 17:00:00+00:00,2025-09-17 19:30:00+00:00,24242.65,24145.29107142857,24486.047321428574,24145.29107142857,-1.0,SL,194
US100.cash,1,2025-09-18 01:30:00+00:00,2025-09-18 11:00:00+00:00,24281.96,24220.595624999998,24435.370937500003,24435.370937500003,2.5,TP,38
US100.cash,1,2025-09-18 14:30:00+00:00,2025-09-18 15:45:00+00:00,24494.15,24445.17142857143,24616.59642857143,24445.17142857143,-1.0,SL,5
US100.cash,1,2025-09-18 17:30:00+00:00,2025-09-25 14:45:00+00:00,24540.25,24365.34580357143,24977.51049107143,24365.34580357143,-1.0,SL,449
US100.cash,-1,2025-09-25 16:00:00+00:00,2025-09-25 16:30:00+00:00,24327.85,24382.19455357143,24191.988616071423,24191.988616071423,2.5,TP,2
US100.cash,-1,2025-09-25 17:00:00+00:00,2025-09-25 17:15:00+00:00,24213.55,24348.548124999998,23876.054687500004,24348.548124999998,-1.0,SL,1
US100.cash,-1,2025-09-25 20:45:00+00:00,2025-09-25 22:45:00+00:00,24328.05,24411.295446428572,24119.936383928565,24411.295446428572,-1.0,SL,8
US100.cash,-1,2025-09-26 06:15:00+00:00,2025-09-26 09:00:00+00:00,24357.95,24403.893660714286,24243.090848214288,24403.893660714286,-1.0,SL,11
US100.cash,-1,2025-09-26 12:00:00+00:00,2025-09-26 15:30:00+00:00,24355.85,24434.66875,24158.80312499999,24434.66875,-1.0,SL,14
US100.cash,1,2025-09-29 12:15:00+00:00,2025-09-29 18:30:00+00:00,24662.75,24621.19473214286,24766.63816964285,24621.19473214286,-1.0,SL,25
US100.cash,1,2025-09-29 21:30:00+00:00,2025-09-29 22:00:00+00:00,24633.65,24588.995535714286,24745.28616071429,24588.995535714286,-1.0,SL,2
US100.cash,1,2025-09-30 02:00:00+00:00,2025-09-30 10:00:00+00:00,24609.56,24573.95732142857,24698.566696428577,24573.95732142857,-1.0,SL,32
US100.cash,1,2025-09-30 14:15:00+00:00,2025-09-30 16:30:00+00:00,24583.45,24556.90357142857,24649.816071428577,24556.90357142857,-1.0,SL,9
US100.cash,1,2025-09-30 21:30:00+00:00,2025-10-01 09:30:00+00:00,24602.85,24509.14732142857,24837.10669642857,24509.14732142857,-1.0,SL,44
US100.cash,1,2025-10-01 17:45:00+00:00,2025-10-03 08:30:00+00:00,24668.95,24544.197142857145,24980.83214285714,24980.83214285714,2.5,TP,147
US100.cash,1,2025-10-06 05:00:00+00:00,2025-10-06 10:30:00+00:00,24871.45,24844.899999999998,24937.825000000008,24844.899999999998,-1.0,SL,22
US100.cash,1,2025-10-06 12:45:00+00:00,2025-10-06 15:00:00+00:00,24928.15,24888.446428571428,25027.408928571436,25027.408928571436,2.5,TP,9
US100.cash,1,2025-10-06 19:15:00+00:00,2025-10-07 18:00:00+00:00,24982.45,24915.945535714287,25148.711160714287,24915.945535714287,-1.0,SL,87
US100.cash,1,2025-10-08 17:00:00+00:00,2025-10-10 18:00:00+00:00,24974.95,24854.339285714286,25276.476785714287,24854.339285714286,-1.0,SL,188
US100.cash,-1,2025-10-10 18:15:00+00:00,2025-10-20 18:45:00+00:00,24871.75,25166.644642857143,24134.51339285714,25166.644642857143,-1.0,SL,554
US100.cash,1,2025-10-21 18:15:00+00:00,2025-10-22 14:45:00+00:00,25121.35,25045.224107142858,25311.66473214285,25045.224107142858,-1.0,SL,78
US100.cash,1,2025-10-22 15:30:00+00:00,2025-10-22 16:30:00+00:00,25091.25,25042.03125,25214.296875,25042.03125,-1.0,SL,4
US100.cash,-1,2025-10-23 12:30:00+00:00,2025-10-23 16:45:00+00:00,24892.75,24953.96517857143,24739.712053571424,24953.96517857143,-1.0,SL,17
US100.cash,1,2025-10-23 17:00:00+00:00,2025-10-27 01:00:00+00:00,25005.65,24810.178571428572,25494.328571428574,25494.328571428574,2.5,TP,120
US100.cash,1,2025-10-30 03:15:00+00:00,2025-10-30 07:15:00+00:00,26135.95,26020.082142857143,26425.619642857142,26020.082142857143,-1.0,SL,16
US100.cash,1,2025-10-30 08:45:00+00:00,2025-10-30 15:15:00+00:00,26142.45,26036.575892857145,26407.135267857142,26036.575892857145,-1.0,SL,26
US100.cash,1,2025-10-31 01:15:00+00:00,2025-11-04 07:30:00+00:00,26019.56,25700.730357142857,26816.63410714286,25700.730357142857,-1.0,SL,209
US100.cash,-1,2025-11-04 12:15:00+00:00,2025-11-04 16:45:00+00:00,25553.25,25668.651875,25264.745312500003,25668.651875,-1.0,SL,18
US100.cash,-1,2025-11-04 18:15:00+00:00,2025-11-05 01:45:00+00:00,25654.15,25763.147321428572,25381.656696428574,25381.656696428574,2.5,TP,26
US100.cash,-1,2025-11-05 08:00:00+00:00,2025-11-05 08:15:00+00:00,25354.45,25422.20714285714,25185.057142857153,25422.20714285714,-1.0,SL,1
US100.cash,-1,2025-11-05 09:30:00+00:00,2025-11-05 15:15:00+00:00,25368.15,25435.694642857143,25199.288392857146,25435.694642857143,-1.0,SL,23
US100.cash,-1,2025-11-06 02:30:00+00:00,2025-11-06 15:00:00+00:00,25548.15,25670.08410714286,25243.31473214286,25670.08410714286,-1.0,SL,50
US100.cash,-1,2025-11-06 16:15:00+00:00,2025-11-06 17:00:00+00:00,25598.75,25703.261607142857,25337.47098214286,25337.47098214286,2.5,TP,3
US100.cash,-1,2025-11-06 18:00:00+00:00,2025-11-07 18:45:00+00:00,25180.45,25404.4,24620.574999999997,24620.574999999997,2.5,TP,95
US100.cash,1,2025-11-11 08:30:00+00:00,2025-11-11 10:15:00+00:00,25585.85,25535.623214285715,25711.41696428571,25535.623214285715,-1.0,SL,7
US100.cash,1,2025-11-11 19:30:00+00:00,2025-11-12 04:00:00+00:00,25462.55,25393.071428571428,25636.24642857143,25636.24642857143,2.5,TP,30
US100.cash,1,2025-11-12 14:30:00+00:00,2025-11-12 16:30:00+00:00,25686.65,25621.014375000002,25850.739062499997,25621.014375000002,-1.0,SL,8
US100.cash,1,2025-11-13 02:30:00+00:00,2025-11-13 03:00:00+00:00,25467.65,25413.968035714286,25601.85491071429,25601.85491071429,2.5,TP,2
US100.cash,1,2025-11-13 03:30:00+00:00,2025-11-13 11:30:00+00:00,25563.95,25440.568750000002,25872.403124999997,25440.568750000002,-1.0,SL,32
US100.cash,-1,2025-11-13 17:00:00+00:00,2025-11-13 20:15:00+00:00,25280.15,25396.084821428572,24990.312946428574,24990.312946428574,2.5,TP,13
US100.cash,-1,2025-11-13 20:45:00+00:00,2025-11-14 14:00:00+00:00,24960.45,25078.569642857143,24665.150892857146,24665.150892857146,2.5,TP,65
US100.cash,-1,2025-11-14 22:30:00+00:00,2025-11-17 04:45:00+00:00,25046.95,25170.714285714286,24737.539285714287,25170.714285714286,-1.0,SL,21
US100.cash,-1,2025-11-17 12:45:00+00:00,2025-11-17 21:30:00+00:00,25119.35,25286.633035714283,24701.14241071429,24701.14241071429,2.5,TP,35
US100.cash,1,2025-11-20 12:45:00+00:00,2025-11-20 18:00:00+00:00,25015.05,24926.161607142858,25237.27098214285,24926.161607142858,-1.0,SL,21
US100.cash,1,2025-11-25 10:00:00+00:00,2025-11-25 10:45:00+00:00,24841.85,24807.116071428572,24928.684821428564,24807.116071428572,-1.0,SL,3
US100.cash,1,2025-11-25 14:30:00+00:00,2025-11-25 16:15:00+00:00,24860.45,24775.30357142857,25073.31607142858,24775.30357142857,-1.0,SL,7
US100.cash,1,2025-11-25 18:45:00+00:00,2025-11-26 03:15:00+00:00,24800.85,24690.002767857142,25077.96808035714,25077.96808035714,2.5,TP,30
US100.cash,1,2025-11-26 09:00:00+00:00,2025-11-26 10:45:00+00:00,25143.85,25114.4875,25217.25625,25114.4875,-1.0,SL,7
US100.cash,1,2025-11-26 12:30:00+00:00,2025-11-26 14:00:00+00:00,25109.95,25074.034821428573,25199.73794642857,25074.034821428573,-1.0,SL,6
US100.cash,1,2025-11-26 15:00:00+00:00,2025-11-26 18:15:00+00:00,25111.75,25058.85714285714,25243.982142857145,25243.982142857145,2.5,TP,13
US100.cash,1,2025-11-26 18:15:00+00:00,2025-12-02 17:00:00+00:00,25230.05,25091.37767857143,25576.730803571423,25576.730803571423,2.5,TP,293
US100.cash,1,2025-12-02 19:30:00+00:00,2025-12-03 16:00:00+00:00,25555.15,25393.31339285714,25959.741517857154,25393.31339285714,-1.0,SL,78
US100.cash,1,2025-12-04 01:30:00+00:00,2025-12-04 05:30:00+00:00,25605.56,25572.389464285712,25688.486339285722,25572.389464285712,-1.0,SL,16
US100.cash,1,2025-12-04 12:00:00+00:00,2025-12-04 15:45:00+00:00,25639.15,25579.923214285714,25787.21696428572,25579.923214285714,-1.0,SL,15
US100.cash,1,2025-12-04 16:30:00+00:00,2025-12-04 16:45:00+00:00,25665.95,25576.27767857143,25890.130803571425,25576.27767857143,-1.0,SL,1
US100.cash,1,2025-12-04 23:15:00+00:00,2025-12-05 17:00:00+00:00,25586.96,25500.40267857143,25803.35330357142,25803.35330357142,2.5,TP,67
US100.cash,1,2025-12-05 20:15:00+00:00,2025-12-08 16:30:00+00:00,25685.45,25638.12232142857,25803.769196428577,25803.769196428577,2.5,TP,77
US100.cash,1,2025-12-09 18:30:00+00:00,2025-12-10 16:30:00+00:00,25655.85,25565.503571428573,25881.716071428564,25565.503571428573,-1.0,SL,84
US100.cash,-1,2025-12-11 04:15:00+00:00,2025-12-11 05:00:00+00:00,25607.45,25672.453125,25444.942187500004,25444.942187500004,2.5,TP,3
US100.cash,-1,2025-12-11 16:00:00+00:00,2025-12-11 16:45:00+00:00,25615.95,25680.327678571426,25455.00580357144,25455.00580357144,2.5,TP,3
US100.cash,1,2025-12-11 21:45:00+00:00,2025-12-12 11:15:00+00:00,25687.35,25587.26875,25937.553125,25587.26875,-1.0,SL,50
US100.cash,-1,2025-12-12 11:30:00+00:00,2025-12-12 17:15:00+00:00,25570.15,25670.172767857144,25320.093080357146,25320.093080357146,2.5,TP,23
US100.cash,-1,2025-12-18 05:30:00+00:00,2025-12-18 09:00:00+00:00,24680.45,24768.97776785714,24459.130580357152,24768.97776785714,-1.0,SL,14
US100.cash,1,2025-12-19 16:45:00+00:00,2026-01-20 10:30:00+00:00,25310.85,25027.273214285713,26019.791964285712,25027.273214285713,-1.0,SL,1784
US100.cash,1,2026-01-22 09:00:00+00:00,2026-01-22 15:45:00+00:00,25397.35,25322.55276785714,25584.34308035714,25584.34308035714,2.5,TP,27
US100.cash,1,2026-01-22 20:00:00+00:00,2026-01-22 21:45:00+00:00,25568.43,25520.11901785714,25689.207455357147,25520.11901785714,-1.0,SL,7
US100.cash,1,2026-01-22 23:15:00+00:00,2026-01-23 01:00:00+00:00,25501.56,25448.31419642857,25634.674508928576,25448.31419642857,-1.0,SL,3
US100.cash,1,2026-01-23 01:45:00+00:00,2026-01-23 11:30:00+00:00,25483.66,25433.433482142857,25609.22629464286,25433.433482142857,-1.0,SL,39
US100.cash,1,2026-01-23 17:15:00+00:00,2026-01-26 01:00:00+00:00,25553.13,25420.21964285714,25885.405892857154,25420.21964285714,-1.0,SL,27
US100.cash,1,2026-01-26 03:30:00+00:00,2026-01-26 17:15:00+00:00,25520.35,25426.197142857145,25755.73214285713,25755.73214285713,2.5,TP,55
US100.cash,1,2026-01-27 04:30:00+00:00,2026-01-28 01:00:00+00:00,25818.83,25741.751785714285,26011.525535714296,26011.525535714296,2.5,TP,78
US100.cash,1,2026-01-28 23:45:00+00:00,2026-01-29 02:00:00+00:00,26137.46,25999.92919642857,26481.28700892857,25999.92919642857,-1.0,SL,5
US100.cash,1,2026-01-29 04:45:00+00:00,2026-01-29 16:30:00+00:00,26033.95,25956.87741071429,26226.63147321428,25956.87741071429,-1.0,SL,47
US100.cash,-1,2026-01-30 08:15:00+00:00,2026-01-30 14:00:00+00:00,25690.35,25774.883482142857,25479.016294642854,25774.883482142857,-1.0,SL,23
US100.cash,-1,2026-01-30 19:15:00+00:00,2026-02-02 05:30:00+00:00,25585.23,25746.106696428575,25183.038258928562,25183.038258928562,2.5,TP,37
US100.cash,-1,2026-02-02 07:30:00+00:00,2026-02-02 10:30:00+00:00,25162.35,25297.08080357143,24825.522991071422,25297.08080357143,-1.0,SL,12
US100.cash,-1,2026-02-02 13:00:00+00:00,2026-02-02 13:45:00+00:00,25296.35,25368.623660714286,25115.66584821428,25368.623660714286,-1.0,SL,3
US100.cash,1,2026-02-03 14:45:00+00:00,2026-02-03 16:15:00+00:00,25872.65,25820.059107142857,26004.127232142862,25820.059107142857,-1.0,SL,6
US100.cash,-1,2026-02-03 17:00:00+00:00,2026-02-05 16:30:00+00:00,25515.03,25894.073035714286,24567.42241071428,24567.42241071428,2.5,TP,182
US100.cash,-1,2026-02-05 17:30:00+00:00,2026-02-06 16:45:00+00:00,24478.63,24848.04464285714,23555.09339285715,24848.04464285714,-1.0,SL,89
US100.cash,1,2026-02-10 11:30:00+00:00,2026-02-10 15:00:00+00:00,25308.25,25230.246964285714,25503.257589285713,25230.246964285714,-1.0,SL,14
US100.cash,1,2026-02-10 16:00:00+00:00,2026-02-10 16:30:00+00:00,25285.35,25219.613928571427,25449.69017857143,25219.613928571427,-1.0,SL,2
US100.cash,1,2026-02-11 01:15:00+00:00,2026-02-11 11:30:00+00:00,25193.45,25123.977857142858,25367.130357142858,25123.977857142858,-1.0,SL,41
US100.cash,1,2026-02-11 13:15:00+00:00,2026-02-11 15:30:00+00:00,25131.75,25091.93553571429,25231.286160714277,25231.286160714277,2.5,TP,9
US100.cash,1,2026-02-11 16:00:00+00:00,2026-02-11 17:00:00+00:00,25358.65,25148.093660714287,25885.04084821429,25148.093660714287,-1.0,SL,4
US100.cash,1,2026-02-12 03:00:00+00:00,2026-02-12 16:45:00+00:00,25185.35,25120.272946428573,25348.042633928562,25120.272946428573,-1.0,SL,55
US100.cash,-1,2026-02-13 22:45:00+00:00,2026-02-18 17:00:00+00:00,24678.43,24907.729464285712,24105.181339285722,24907.729464285712,-1.0,SL,237
US100.cash,1,2026-02-19 01:30:00+00:00,2026-02-19 11:30:00+00:00,24913.66,24851.749821428573,25068.435446428564,24851.749821428573,-1.0,SL,40
US100.cash,1,2026-02-20 01:30:00+00:00,2026-02-20 14:30:00+00:00,24795.56,24735.94035714286,24944.609107142856,24735.94035714286,-1.0,SL,52
US100.cash,1,2026-02-20 17:00:00+00:00,2026-02-23 18:00:00+00:00,24835.65,24635.48892857143,25336.05267857143,24635.48892857143,-1.0,SL,96
US100.cash,-1,2026-02-23 21:15:00+00:00,2026-02-24 03:15:00+00:00,24685.08,24774.303660714286,24462.02084821429,24774.303660714286,-1.0,SL,20
US100.cash,-1,2026-02-24 07:45:00+00:00,2026-02-24 16:30:00+00:00,24803.05,24848.756875000003,24688.78281249999,24848.756875000003,-1.0,SL,35
US100.cash,1,2026-02-24 17:00:00+00:00,2026-02-25 03:15:00+00:00,24824.03,24734.7,25047.354999999996,25047.354999999996,2.5,TP,37
US100.cash,1,2026-02-26 01:00:00+00:00,2026-02-26 01:30:00+00:00,25333.16,25301.2025,25413.05375,25301.2025,-1.0,SL,2
US100.cash,1,2026-02-26 08:15:00+00:00,2026-02-26 16:30:00+00:00,25283.95,25223.0425,25436.218750000004,25223.0425,-1.0,SL,33
US100.cash,-1,2026-02-27 13:15:00+00:00,2026-02-27 15:30:00+00:00,24953.85,25007.506339285712,24819.709151785715,24819.709151785715,2.5,TP,9
US100.cash,-1,2026-03-02 04:30:00+00:00,2026-03-02 08:45:00+00:00,24770.15,24864.608125,24534.004687500008,24534.004687500008,2.5,TP,17
US100.cash,-1,2026-03-02 14:30:00+00:00,2026-03-02 15:15:00+00:00,24594.25,24671.95357142857,24399.991071428572,24671.95357142857,-1.0,SL,3
US100.cash,-1,2026-03-03 04:00:00+00:00,2026-03-03 10:15:00+00:00,24835.35,24933.30848214286,24590.453794642846,24590.453794642846,2.5,TP,25
US100.cash,-1,2026-03-04 05:30:00+00:00,2026-03-04 09:45:00+00:00,24533.45,24635.970267857145,24277.14933035714,24635.970267857145,-1.0,SL,17
US100.cash,1,2026-03-05 09:15:00+00:00,2026-03-05 10:30:00+00:00,25034.65,24953.36919642857,25237.852008928574,24953.36919642857,-1.0,SL,5
US100.cash,1,2026-03-05 11:15:00+00:00,2026-03-05 16:15:00+00:00,25148.75,24939.988839285714,25670.652901785717,24939.988839285714,-1.0,SL,20
US100.cash,1,2026-03-05 22:30:00+00:00,2026-03-06 15:30:00+00:00,24920.23,24769.661964285715,25296.65008928571,24769.661964285715,-1.0,SL,64
US100.cash,-1,2026-03-06 16:15:00+00:00,2026-03-06 17:30:00+00:00,24596.35,24855.866160714286,23947.55959821428,24855.866160714286,-1.0,SL,5
US100.cash,-1,2026-03-09 01:15:00+00:00,2026-03-09 19:15:00+00:00,24207.76,24670.275089285715,23051.47227678571,24670.275089285715,-1.0,SL,72
US100.cash,1,2026-03-10 18:00:00+00:00,2026-03-11 12:45:00+00:00,25123.98,24879.049196428572,25736.30700892857,24879.049196428572,-1.0,SL,71
US100.cash,1,2026-03-11 16:45:00+00:00,2026-03-11 18:30:00+00:00,25043.13,24888.220535714285,25430.40366071429,24888.220535714285,-1.0,SL,7
US100.cash,1,2026-03-11 19:45:00+00:00,2026-03-11 20:30:00+00:00,24953.18,24882.874821428573,25128.942946428568,24882.874821428573,-1.0,SL,3
US100.cash,-1,2026-03-12 17:45:00+00:00,2026-03-13 16:30:00+00:00,24621.83,24734.190714285713,24340.928214285726,24734.190714285713,-1.0,SL,87
US100.cash,-1,2026-03-13 17:30:00+00:00,2026-03-13 20:45:00+00:00,24656.23,24772.375803571427,24365.865491071432,24365.865491071432,2.5,TP,13
US100.cash,-1,2026-03-17 09:00:00+00:00,2026-03-17 15:00:00+00:00,24529.75,24639.212142857144,24256.09464285714,24639.212142857144,-1.0,SL,24
US100.cash,-1,2026-03-18 20:30:00+00:00,2026-03-18 23:15:00+00:00,24602.83,24692.75517857143,24378.017053571428,24378.017053571428,2.5,TP,11
US100.cash,-1,2026-03-19 14:45:00+00:00,2026-03-19 22:00:00+00:00,24288.65,24385.65142857143,24046.146428571432,24385.65142857143,-1.0,SL,29
US100.cash,-1,2026-03-20 02:45:00+00:00,2026-03-20 12:45:00+00:00,24390.05,24453.72294642857,24230.867633928574,24230.867633928574,2.5,TP,40
US100.cash,-1,2026-03-20 17:15:00+00:00,2026-03-23 14:00:00+00:00,24038.13,24294.70419642857,23396.694508928576,24294.70419642857,-1.0,SL,79
US100.cash,-1,2026-03-24 03:30:00+00:00,2026-03-24 23:15:00+00:00,24177.05,24305.756696428572,23855.283258928568,24305.756696428572,-1.0,SL,79
US100.cash,-1,2026-03-25 22:00:00+00:00,2026-03-26 15:00:00+00:00,24144.33,24247.878660714283,23885.4583482143,23885.4583482143,2.5,TP,64
US100.cash,-1,2026-03-26 16:00:00+00:00,2026-03-26 16:15:00+00:00,23909.15,23947.850892857143,23812.397767857146,23947.850892857143,-1.0,SL,1
US100.cash,-1,2026-03-26 18:00:00+00:00,2026-03-27 12:00:00+00:00,23895.53,24030.969285714287,23556.931785714278,23556.931785714278,2.5,TP,68
US100.cash,-1,2026-03-27 14:00:00+00:00,2026-03-27 20:15:00+00:00,23453.85,23555.007142857143,23200.957142857136,23200.957142857136,2.5,TP,25
US100.cash,-1,2026-03-30 01:15:00+00:00,2026-03-30 06:00:00+00:00,23015.56,23099.84526785714,22804.84683035715,23099.84526785714,-1.0,SL,19
US100.cash,-1,2026-03-30 17:00:00+00:00,2026-03-31 16:45:00+00:00,23122.43,23348.45,22557.379999999997,23348.45,-1.0,SL,91
US100.cash,1,2026-04-01 13:00:00+00:00,2026-04-01 15:30:00+00:00,23887.55,23829.650982142855,24032.29754464286,24032.29754464286,2.5,TP,10
US100.cash,1,2026-04-01 17:30:00+00:00,2026-04-02 04:15:00+00:00,24005.03,23858.504107142857,24371.344732142854,23858.504107142857,-1.0,SL,39
US100.cash,1,2026-04-02 17:15:00+00:00,2026-04-08 01:00:00+00:00,23756.13,23507.87285714286,24376.77285714286,24376.77285714286,2.5,TP,272
US100.cash,1,2026-04-10 22:30:00+00:00,2026-04-13 01:00:00+00:00,25129.63,25064.6375,25292.11125,25064.6375,-1.0,SL,6
US100.cash,1,2026-04-13 14:15:00+00:00,2026-04-13 14:45:00+00:00,24997.55,24939.046339285713,25143.809151785717,24939.046339285713,-1.0,SL,2
US100.cash,1,2026-04-13 16:00:00+00:00,2026-04-13 19:15:00+00:00,25002.75,24912.183660714287,25229.16584821428,25229.16584821428,2.5,TP,13
US100.cash,1,2026-04-14 10:30:00+00:00,2026-04-14 16:30:00+00:00,25460.35,25412.785535714283,25579.261160714286,25579.261160714286,2.5,TP,24
US100.cash,1,2026-04-14 17:00:00+00:00,2026-04-14 19:15:00+00:00,25560.18,25483.70482142857,25751.367946428574,25751.367946428574,2.5,TP,9
US100.cash,1,2026-04-14 20:45:00+00:00,2026-04-14 21:15:00+00:00,25799.53,25738.893125,25951.122187499997,25738.893125,-1.0,SL,2
US100.cash,1,2026-04-14 22:30:00+00:00,2026-04-15 19:00:00+00:00,25823.23,25731.287767857142,26053.085580357143,26053.085580357143,2.5,TP,78
US100.cash,1,2026-04-16 18:00:00+00:00,2026-04-17 14:45:00+00:00,26243.43,26177.789642857144,26407.53089285714,26407.53089285714,2.5,TP,79
US100.cash,1,2026-04-20 04:30:00+00:00,2026-04-20 08:30:00+00:00,26531.95,26467.499821428573,26693.07544642857,26467.499821428573,-1.0,SL,16
US100.cash,1,2026-04-20 10:15:00+00:00,2026-04-20 18:00:00+00:00,26546.15,26441.660535714287,26807.373660714286,26441.660535714287,-1.0,SL,31
US100.cash,1,2026-04-21 01:00:00+00:00,2026-04-21 18:00:00+00:00,26643.26,26566.437321428573,26835.316696428563,26566.437321428573,-1.0,SL,68
US100.cash,1,2026-04-22 01:30:00+00:00,2026-04-22 17:00:00+00:00,26599.36,26538.78107142857,26750.807321428576,26750.807321428576,2.5,TP,62
US100.cash,1,2026-04-24 01:15:00+00:00,2026-04-27 04:45:00+00:00,26893.16,26691.24026785714,27397.959330357146,27397.959330357146,2.5,TP,106
US100.cash,1,2026-04-30 10:00:00+00:00,2026-04-30 15:15:00+00:00,27152.05,27050.070089285717,27406.999776785706,27406.999776785706,2.5,TP,21
US100.cash,1,2026-04-30 18:15:00+00:00,2026-05-01 17:00:00+00:00,27269.93,27067.591785714285,27775.77553571429,27775.77553571429,2.5,TP,87
US100.cash,1,2026-05-08 03:15:00+00:00,2026-05-08 16:45:00+00:00,28600.35,28469.632678571426,28927.14330357143,28927.14330357143,2.5,TP,54
US100.cash,1,2026-05-13 04:30:00+00:00,2026-05-13 21:15:00+00:00,29091.45,28947.89125,29450.346875000003,29450.346875000003,2.5,TP,67
US100.cash,1,2026-05-14 07:45:00+00:00,2026-05-14 12:30:00+00:00,29475.85,29406.94857142857,29648.10357142857,29406.94857142857,-1.0,SL,19
US100.cash,1,2026-05-14 17:00:00+00:00,2026-05-14 18:15:00+00:00,29436.23,29346.661964285715,29660.15008928571,29660.15008928571,2.5,TP,5
US100.cash,-1,2026-05-18 17:00:00+00:00,2026-05-19 17:00:00+00:00,29143.63,29345.489285714288,28638.981785714284,28638.981785714284,2.5,TP,92
US100.cash,-1,2026-05-20 01:45:00+00:00,2026-05-20 02:15:00+00:00,28795.16,28869.76964285714,28608.63589285715,28869.76964285714,-1.0,SL,2
US100.cash,-1,2026-05-20 03:15:00+00:00,2026-05-20 09:45:00+00:00,28737.95,28939.559642857144,28233.925892857143,28939.559642857144,-1.0,SL,26
US100.cash,1,2026-05-21 11:00:00+00:00,2026-05-21 13:45:00+00:00,29230.15,29115.850535714286,29515.89866071429,29115.850535714286,-1.0,SL,11
US100.cash,1,2026-05-21 20:30:00+00:00,2026-05-25 03:15:00+00:00,29320.13,29124.43705357143,29809.36236607143,29809.36236607143,2.5,TP,115
US100.cash,1,2026-05-25 11:00:00+00:00,2026-05-25 17:30:00+00:00,29896.98,29835.79642857143,30049.938928571424,29835.79642857143,-1.0,SL,26
US100.cash,1,2026-05-26 12:45:00+00:00,2026-05-26 16:45:00+00:00,29764.13,29720.098303571427,29874.209241071436,29874.209241071436,2.5,TP,16
US100.cash,1,2026-05-26 17:15:00+00:00,2026-05-26 18:45:00+00:00,29954.53,29813.239553571428,30307.756116071425,29813.239553571428,-1.0,SL,6
US100.cash,1,2026-05-26 21:30:00+00:00,2026-05-27 14:15:00+00:00,29972.43,29876.180357142857,30213.05410714286,30213.05410714286,2.5,TP,63
US100.cash,1,2026-05-27 15:45:00+00:00,2026-05-27 16:00:00+00:00,30243.65,30179.257767857143,30404.630580357145,30179.257767857143,-1.0,SL,1
US100.cash,1,2026-05-27 21:45:00+00:00,2026-05-28 06:15:00+00:00,29975.73,29849.43580357143,30291.465491071427,29849.43580357143,-1.0,SL,30
US100.cash,1,2026-05-28 16:00:00+00:00,2026-05-28 16:45:00+00:00,29987.05,29861.110267857144,30301.899330357137,29861.110267857144,-1.0,SL,3
US100.cash,1,2026-05-28 17:30:00+00:00,2026-06-01 20:30:00+00:00,30077.98,29863.875267857144,30613.24183035714,30613.24183035714,2.5,TP,196
US100.cash,-1,2026-06-04 23:15:00+00:00,2026-06-05 16:30:00+00:00,30387.76,30564.769017857143,29945.237455357135,29945.237455357135,2.5,TP,65
US100.cash,-1,2026-06-05 17:00:00+00:00,2026-06-05 23:00:00+00:00,29717.03,30089.112500000003,28786.82374999999,28786.82374999999,2.5,TP,24
US100.cash,-1,2026-06-08 22:30:00+00:00,2026-06-09 06:30:00+00:00,29394.78,29541.081339285716,29029.026651785705,29541.081339285716,-1.0,SL,28
US100.cash,-1,2026-06-09 17:30:00+00:00,2026-06-09 19:15:00+00:00,29405.43,29754.444285714286,28532.894285714287,28532.894285714287,2.5,TP,7
US100.cash,-1,2026-06-10 01:30:00+00:00,2026-06-10 12:00:00+00:00,29032.66,29174.022500000003,28679.253749999993,28679.253749999993,2.5,TP,42
US100.cash,-1,2026-06-10 14:30:00+00:00,2026-06-10 15:30:00+00:00,28636.55,28826.545535714286,28161.561160714286,28826.545535714286,-1.0,SL,4
US100.cash,-1,2026-06-10 18:15:00+00:00,2026-06-11 20:30:00+00:00,28712.53,29181.541875,27540.0003125,29181.541875,-1.0,SL,101
US100.cash,1,2026-06-12 11:00:00+00:00,2026-06-15 01:00:00+00:00,29397.13,29203.335803571426,29881.61549107144,29881.61549107144,2.5,TP,52
US100.cash,1,2026-06-15 14:30:00+00:00,2026-06-15 18:15:00+00:00,30291.63,30203.74294642857,30511.347633928577,30511.347633928577,2.5,TP,15
US100.cash,1,2026-06-18 11:15:00+00:00,2026-06-18 14:00:00+00:00,30163.63,30068.436071428572,30401.61482142857,30068.436071428572,-1.0,SL,11
US100.cash,1,2026-06-18 15:45:00+00:00,2026-06-18 22:30:00+00:00,30158.93,30052.909910714287,30423.980223214283,30423.980223214283,2.5,TP,27
US100.cash,1,2026-06-19 09:15:00+00:00,2026-06-22 02:30:00+00:00,30194.13,30067.88580357143,30509.740491071432,30067.88580357143,-1.0,SL,49
US100.cash,1,2026-06-22 03:30:00+00:00,2026-06-23 06:30:00+00:00,30251.23,30015.460892857143,30840.65276785714,30015.460892857143,-1.0,SL,104
US100.cash,-1,2026-06-23 11:00:00+00:00,2026-06-24 20:15:00+00:00,29596.33,29763.517946428572,29178.360133928574,29178.360133928574,2.5,TP,129
US100.cash,-1,2026-06-25 16:30:00+00:00,2026-06-25 16:45:00+00:00,29845.53,29917.488035714287,29665.63491071428,29665.63491071428,2.5,TP,1
US100.cash,-1,2026-06-25 17:00:00+00:00,2026-06-30 07:45:00+00:00,29009.43,29925.22910714286,26719.932232142855,29925.22910714286,-1.0,SL,239
US100.cash,1,2026-06-30 13:30:00+00:00,2026-06-30 15:15:00+00:00,29836.33,29758.151071428572,30031.777321428577,29758.151071428572,-1.0,SL,7
US100.cash,1,2026-06-30 17:00:00+00:00,2026-07-02 03:00:00+00:00,30086.63,29707.551428571427,31034.326428571436,29707.551428571427,-1.0,SL,128
US100.cash,1,2026-07-02 14:00:00+00:00,2026-07-02 15:30:00+00:00,29742.83,29646.002321428572,29984.899196428574,29984.899196428574,2.5,TP,6
US30.cash,1,2025-02-17 18:30:00+00:00,2025-02-18 06:15:00+00:00,44630.86,44572.17517857143,44777.57205357143,44572.17517857143,-1.0,SL,27
US30.cash,1,2025-02-18 12:45:00+00:00,2025-02-18 16:15:00+00:00,44574.36,44529.98517857143,44685.297053571434,44529.98517857143,-1.0,SL,14
US30.cash,1,2025-02-19 03:15:00+00:00,2025-02-19 12:15:00+00:00,44589.36,44537.32419642857,44719.44950892858,44537.32419642857,-1.0,SL,36
US30.cash,-1,2025-02-19 12:45:00+00:00,2025-02-19 22:30:00+00:00,44495.96,44593.070625,44253.183437499996,44593.070625,-1.0,SL,39
US30.cash,-1,2025-02-20 06:15:00+00:00,2025-02-20 12:00:00+00:00,44524.76,44578.317142857144,44390.86714285715,44578.317142857144,-1.0,SL,23
US30.cash,-1,2025-02-20 13:15:00+00:00,2025-02-20 15:45:00+00:00,44550.86,44587.69660714286,44458.76848214285,44458.76848214285,2.5,TP,10
US30.cash,-1,2025-02-20 17:00:00+00:00,2025-02-21 16:45:00+00:00,44289.86,44496.529642857146,43773.18589285714,43773.18589285714,2.5,TP,91
US30.cash,-1,2025-02-24 14:30:00+00:00,2025-02-24 16:00:00+00:00,43724.16,43765.35642857143,43621.16892857144,43621.16892857144,2.5,TP,6
US30.cash,-1,2025-02-24 17:00:00+00:00,2025-02-25 22:15:00+00:00,43451.16,43738.72607142857,42732.24482142858,43738.72607142857,-1.0,SL,113
US30.cash,-1,2025-02-26 16:15:00+00:00,2025-02-26 17:00:00+00:00,43684.93,43757.92616071428,43502.43959821429,43757.92616071428,-1.0,SL,3
US30.cash,-1,2025-02-26 20:00:00+00:00,2025-02-27 17:15:00+00:00,43483.53,43753.055625,42809.71593749999,43753.055625,-1.0,SL,81
US30.cash,-1,2025-02-27 21:30:00+00:00,2025-02-28 22:45:00+00:00,43507.63,43764.421071428565,42865.65232142858,43764.421071428565,-1.0,SL,97
US30.cash,1,2025-03-03 04:15:00+00:00,2025-03-03 18:30:00+00:00,43812.86,43703.15705357143,44087.117366071434,43703.15705357143,-1.0,SL,57
US30.cash,1,2025-03-03 19:30:00+00:00,2025-03-03 20:00:00+00:00,43784.56,43597.36357142857,44252.55107142856,43597.36357142857,-1.0,SL,2
US30.cash,-1,2025-03-04 14:30:00+00:00,2025-03-04 17:15:00+00:00,42989.56,43190.70821428571,42486.689464285715,42486.689464285715,2.5,TP,11
US30.cash,-1,2025-03-04 23:00:00+00:00,2025-03-05 21:00:00+00:00,42532.16,43029.33410714286,41289.224732142866,43029.33410714286,-1.0,SL,84
US30.cash,-1,2025-03-06 08:15:00+00:00,2025-03-06 09:45:00+00:00,42984.36,43039.498660714286,42846.513348214285,42846.513348214285,2.5,TP,6
US30.cash,-1,2025-03-06 15:30:00+00:00,2025-03-06 17:00:00+00:00,42555.5,42667.2975,42276.00625,42667.2975,-1.0,SL,6
US30.cash,-1,2025-03-06 19:15:00+00:00,2025-03-11 17:15:00+00:00,42505.66,42931.40696428572,41441.29258928571,41441.29258928571,2.5,TP,268
US30.cash,-1,2025-03-11 23:15:00+00:00,2025-03-12 14:15:00+00:00,41492.45,41686.564464285715,41007.1638392857,41686.564464285715,-1.0,SL,56
US30.cash,-1,2025-03-12 17:00:00+00:00,2025-03-17 20:00:00+00:00,41341.86,41769.96169642857,40271.605758928585,41769.96169642857,-1.0,SL,288
US30.cash,1,2025-03-17 20:45:00+00:00,2025-03-18 16:30:00+00:00,41871.71,41648.31125,42430.206875,41648.31125,-1.0,SL,75
US30.cash,1,2025-03-19 02:00:00+00:00,2025-03-19 16:45:00+00:00,41584.01,41495.531428571434,41805.20642857142,41805.20642857142,2.5,TP,59
US30.cash,1,2025-03-19 17:15:00+00:00,2025-03-21 16:15:00+00:00,41788.91,41572.532321428575,42329.854196428576,41572.532321428575,-1.0,SL,180
US30.cash,1,2025-03-21 18:15:00+00:00,2025-03-24 09:45:00+00:00,41695.81,41459.64839285714,42286.21401785714,42286.21401785714,2.5,TP,58
US30.cash,1,2025-03-24 13:45:00+00:00,2025-03-24 19:00:00+00:00,42370.51,42288.29383928572,42576.05040178572,42576.05040178572,2.5,TP,21
US30.cash,1,2025-03-25 03:00:00+00:00,2025-03-25 03:15:00+00:00,42554.51,42519.044017857144,42643.17495535714,42519.044017857144,-1.0,SL,1
US30.cash,1,2025-03-25 10:15:00+00:00,2025-03-25 15:30:00+00:00,42533.81,42477.50651785714,42674.568705357146,42674.568705357146,2.5,TP,21
US30.cash,1,2025-03-25 17:45:00+00:00,2025-03-25 19:30:00+00:00,42651.81,42517.193928571425,42988.35017857143,42517.193928571425,-1.0,SL,7
US30.cash,1,2025-03-25 20:15:00+00:00,2025-03-25 20:45:00+00:00,42582.91,42525.92517857143,42725.37205357144,42525.92517857143,-1.0,SL,2
US30.cash,1,2025-03-25 23:00:00+00:00,2025-03-26 20:15:00+00:00,42583.6,42467.61446428572,42873.5638392857,42467.61446428572,-1.0,SL,81
US30.cash,1,2025-03-27 05:30:00+00:00,2025-03-27 16:15:00+00:00,42451.11,42370.593125,42652.4021875,42370.593125,-1.0,SL,43
US30.cash,-1,2025-03-28 10:15:00+00:00,2025-03-28 17:00:00+00:00,42254.31,42380.451875,41938.955312499995,41938.955312499995,2.5,TP,27
US30.cash,-1,2025-04-01 13:30:00+00:00,2025-04-01 18:00:00+00:00,41824.21,41991.05473214285,41407.098169642864,41991.05473214285,-1.0,SL,18
US30.cash,-1,2025-04-02 15:30:00+00:00,2025-04-02 16:30:00+00:00,41609.71,41775.40642857143,41195.46892857143,41775.40642857143,-1.0,SL,4
US30.cash,-1,2025-04-02 21:00:00+00:00,2025-04-02 23:00:00+00:00,42155.71,42378.33232142857,41599.15419642857,42378.33232142857,-1.0,SL,8
US30.cash,-1,2025-04-02 23:45:00+00:00,2025-04-04 13:15:00+00:00,41757.51,42510.263392857145,39875.62651785715,39875.62651785715,2.5,TP,142
US30.cash,-1,2025-04-04 13:30:00+00:00,2025-04-07 01:00:00+00:00,39524.01,40151.627857142856,37954.965357142864,37954.965357142864,2.5,TP,42
US30.cash,-1,2025-04-08 18:15:00+00:00,2025-04-08 22:45:00+00:00,38781.21,39431.90196428572,37154.4800892857,37154.4800892857,2.5,TP,18
US30.cash,-1,2025-04-09 11:30:00+00:00,2025-04-09 17:00:00+00:00,37411.71,37930.01973214286,36115.93566964286,37930.01973214286,-1.0,SL,22
US30.cash,1,2025-04-10 13:30:00+00:00,2025-04-10 16:30:00+00:00,40154.91,39867.27428571429,40873.99928571429,39867.27428571429,-1.0,SL,12
US30.cash,1,2025-04-10 21:00:00+00:00,2025-04-21 16:45:00+00:00,39430.21,38624.78142857143,41443.78142857143,38624.78142857143,-1.0,SL,535
US30.cash,1,2025-04-23 09:00:00+00:00,2025-04-23 13:45:00+00:00,39667.81,39558.58294642857,39940.87763392857,39940.87763392857,2.5,TP,19
US30.cash,1,2025-04-23 17:00:00+00:00,2025-04-23 18:15:00+00:00,40265.21,39882.72785714286,41221.41535714285,39882.72785714286,-1.0,SL,5
US30.cash,1,2025-04-24 02:00:00+00:00,2025-04-24 08:45:00+00:00,39552.21,39406.93866071429,39915.38834821428,39406.93866071429,-1.0,SL,27
US30.cash,1,2025-04-24 12:30:00+00:00,2025-04-24 16:45:00+00:00,39340.91,39235.955625,39603.29593750001,39603.29593750001,2.5,TP,17
US30.cash,1,2025-04-24 17:15:00+00:00,2025-04-24 22:45:00+00:00,39657.21,39468.22919642857,40129.66200892857,40129.66200892857,2.5,TP,22
US30.cash,1,2025-04-25 14:30:00+00:00,2025-04-25 17:15:00+00:00,39960.71,39813.73348214286,40328.15129464285,39813.73348214286,-1.0,SL,11
US30.cash,1,2025-04-25 19:15:00+00:00,2025-04-29 16:45:00+00:00,39979.71,39795.571607142854,40440.05598214286,40440.05598214286,2.5,TP,174
US30.cash,1,2025-04-30 23:00:00+00:00,2025-05-08 18:15:00+00:00,40620.01,40256.108125,41529.76468750001,41529.76468750001,2.5,TP,533
US30.cash,1,2025-05-13 11:30:00+00:00,2025-05-13 13:30:00+00:00,42327.21,42270.38616071429,42469.269598214276,42270.38616071429,-1.0,SL,8
US30.cash,1,2025-05-13 15:15:00+00:00,2025-05-13 22:45:00+00:00,42219.71,42139.467142857146,42420.31714285714,42139.467142857146,-1.0,SL,30
US30.cash,1,2025-05-14 01:15:00+00:00,2025-05-14 13:00:00+00:00,42174.71,42100.470089285714,42360.30977678571,42100.470089285714,-1.0,SL,47
US30.cash,1,2025-05-14 15:30:00+00:00,2025-05-14 16:45:00+00:00,42227.31,42143.49125,42436.856875,42143.49125,-1.0,SL,5
US30.cash,1,2025-05-15 18:15:00+00:00,2025-05-16 20:00:00+00:00,42085.81,41901.2975,42547.09124999999,42547.09124999999,2.5,TP,99
US30.cash,1,2025-05-19 12:45:00+00:00,2025-05-19 16:30:00+00:00,42306.01,42235.97964285714,42481.085892857154,42481.085892857154,2.5,TP,15
US30.cash,1,2025-05-19 17:00:00+00:00,2025-05-21 13:00:00+00:00,42582.71,42323.41267857143,43230.95330357141,42323.41267857143,-1.0,SL,168
US30.cash,-1,2025-05-21 20:30:00+00:00,2025-05-27 23:00:00+00:00,41882.61,42397.08142857143,40596.43142857143,42397.08142857143,-1.0,SL,362
US30.cash,1,2025-05-29 02:00:00+00:00,2025-05-29 17:00:00+00:00,42275.31,42083.038125,42755.9896875,42083.038125,-1.0,SL,60
US30.cash,-1,2025-05-30 15:30:00+00:00,2025-05-30 17:00:00+00:00,42034.43,42218.98767857143,41573.03580357143,42218.98767857143,-1.0,SL,6
US30.cash,-1,2025-05-30 18:15:00+00:00,2025-05-30 19:30:00+00:00,42178.81,42276.82214285714,41933.77964285714,41933.77964285714,2.5,TP,5
US30.cash,-1,2025-05-30 19:45:00+00:00,2025-05-30 21:15:00+00:00,41979.31,42216.049821428576,41387.46044642855,42216.049821428576,-1.0,SL,6
US30.cash,-1,2025-06-02 01:15:00+00:00,2025-06-02 17:00:00+00:00,42165.81,42279.13294642857,41882.502633928554,41882.502633928554,2.5,TP,63
US30.cash,-1,2025-06-03 05:30:00+00:00,2025-06-03 15:15:00+00:00,42156.31,42253.90142857143,41912.331428571415,42253.90142857143,-1.0,SL,39
US30.cash,1,2025-06-03 17:45:00+00:00,2025-06-05 15:45:00+00:00,42334.71,42202.72982142857,42664.66044642858,42664.66044642858,2.5,TP,176
US30.cash,1,2025-06-06 16:00:00+00:00,2025-06-11 15:30:00+00:00,42628.41,42469.37116071428,43026.00709821431,43026.00709821431,2.5,TP,274
US30.cash,1,2025-06-11 16:00:00+00:00,2025-06-11 21:15:00+00:00,42929.31,42739.409999999996,43404.06,42739.409999999996,-1.0,SL,21
US30.cash,1,2025-06-11 23:15:00+00:00,2025-06-12 03:00:00+00:00,42872.08,42782.0725,43097.098750000005,42782.0725,-1.0,SL,11
US30.cash,1,2025-06-12 16:15:00+00:00,2025-06-13 03:00:00+00:00,42712.61,42554.38946428571,43108.161339285725,42554.38946428571,-1.0,SL,39
US30.cash,-1,2025-06-17 01:15:00+00:00,2025-06-17 01:45:00+00:00,42514.61,42564.96875,42388.713125,42388.713125,2.5,TP,2
US30.cash,-1,2025-06-18 01:15:00+00:00,2025-06-18 09:00:00+00:00,42163.01,42258.40741071429,41924.51647321429,42258.40741071429,-1.0,SL,31
US30.cash,-1,2025-06-18 13:45:00+00:00,2025-06-18 16:45:00+00:00,42233.81,42325.423125,42004.77718749999,42325.423125,-1.0,SL,12
US30.cash,-1,2025-06-18 22:15:00+00:00,2025-06-23 20:30:00+00:00,42226.11,42433.783214285715,41706.92696428571,42433.783214285715,-1.0,SL,253
US30.cash,1,2025-06-26 19:30:00+00:00,2025-06-27 09:00:00+00:00,43332.51,43253.99910714286,43528.78723214286,43528.78723214286,2.5,TP,50
US30.cash,1,2025-06-27 19:30:00+00:00,2025-07-28 01:00:00+00:00,43948.41,43516.349642857145,45028.560892857146,45028.560892857146,2.5,TP,1827
US30.cash,1,2025-07-28 16:00:00+00:00,2025-07-28 16:15:00+00:00,44951.31,44902.034107142856,45074.49973214285,44902.034107142856,-1.0,SL,1
US30.cash,1,2025-07-29 04:45:00+00:00,2025-07-29 12:45:00+00:00,44865.21,44822.79303571428,44971.25241071429,44822.79303571428,-1.0,SL,32
US30.cash,-1,2025-07-29 21:00:00+00:00,2025-07-30 22:00:00+00:00,44631.01,44746.17160714286,44343.10598214286,44343.10598214286,2.5,TP,96
US30.cash,-1,2025-07-31 03:15:00+00:00,2025-07-31 07:00:00+00:00,44521.21,44601.60758928571,44320.21602678572,44601.60758928571,-1.0,SL,15
US30.cash,-1,2025-07-31 14:15:00+00:00,2025-07-31 20:15:00+00:00,44558.21,44670.54660714286,44277.36848214285,44277.36848214285,2.5,TP,24
US30.cash,-1,2025-07-31 20:45:00+00:00,2025-08-01 10:00:00+00:00,44361.01,44536.62160714286,43921.980982142864,43921.980982142864,2.5,TP,49
US30.cash,-1,2025-08-01 10:30:00+00:00,2025-08-04 17:00:00+00:00,43810.91,44019.72428571429,43288.87428571428,44019.72428571429,-1.0,SL,118
US30.cash,1,2025-08-06 18:00:00+00:00,2025-08-07 17:30:00+00:00,44217.61,44019.71,44712.36,44019.71,-1.0,SL,90
US30.cash,-1,2025-08-08 04:30:00+00:00,2025-08-08 16:30:00+00:00,44062.21,44128.235714285714,43897.14571428571,44128.235714285714,-1.0,SL,48
US30.cash,1,2025-08-11 03:30:00+00:00,2025-08-11 16:30:00+00:00,44265.11,44181.30642857143,44474.618928571435,44181.30642857143,-1.0,SL,52
US30.cash,-1,2025-08-11 20:30:00+00:00,2025-08-12 07:45:00+00:00,44009.91,44060.876964285715,43882.49258928573,44060.876964285715,-1.0,SL,41
US30.cash,-1,2025-08-12 08:30:00+00:00,2025-08-12 15:30:00+00:00,44017.91,44091.55553571428,43833.79616071431,44091.55553571428,-1.0,SL,28
US30.cash,1,2025-08-12 17:30:00+00:00,2025-08-15 04:30:00+00:00,44411.31,44104.08571428571,45179.37071428571,45179.37071428571,2.5,TP,224
US30.cash,1,2025-08-18 01:15:00+00:00,2025-08-18 09:30:00+00:00,44989.38,44884.97321428572,45250.3969642857,44884.97321428572,-1.0,SL,33
US30.cash,1,2025-08-19 12:30:00+00:00,2025-08-19 13:00:00+00:00,44927.61,44885.10196428571,45033.88008928572,44885.10196428571,-1.0,SL,2
US30.cash,1,2025-08-19 15:00:00+00:00,2025-08-19 20:00:00+00:00,44969.11,44852.07517857143,45261.69705357142,44852.07517857143,-1.0,SL,20
US30.cash,1,2025-08-19 23:15:00+00:00,2025-08-20 06:15:00+00:00,44936.08,44825.904017857145,45211.519955357144,44825.904017857145,-1.0,SL,24
US30.cash,1,2025-08-20 13:00:00+00:00,2025-08-20 16:15:00+00:00,44846.31,44802.068303571425,44956.91424107143,44956.91424107143,2.5,TP,13
US30.cash,1,2025-08-20 22:00:00+00:00,2025-08-21 11:45:00+00:00,44892.81,44813.32875,45091.51312499999,44813.32875,-1.0,SL,51
US30.cash,-1,2025-08-21 19:15:00+00:00,2025-08-22 11:45:00+00:00,44736.81,44898.318035714285,44333.03991071428,44898.318035714285,-1.0,SL,62
US30.cash,1,2025-08-22 16:30:00+00:00,2025-08-22 17:00:00+00:00,45014.61,44897.36535714286,45307.721607142856,45307.721607142856,2.5,TP,2
US30.cash,1,2025-08-22 17:30:00+00:00,2025-09-02 15:45:00+00:00,45506.91,45100.10017857143,46523.93455357143,45100.10017857143,-1.0,SL,621
US30.cash,-1,2025-09-03 02:15:00+00:00,2025-09-03 11:15:00+00:00,45217.61,45284.78089285714,45049.68276785716,45284.78089285714,-1.0,SL,36
US30.cash,-1,2025-09-03 15:45:00+00:00,2025-09-03 16:30:00+00:00,45185.61,45297.374285714286,44906.19928571429,45297.374285714286,-1.0,SL,3
US30.cash,-1,2025-09-03 17:15:00+00:00,2025-09-04 14:15:00+00:00,45070.51,45279.95285714286,44546.90285714286,45279.95285714286,-1.0,SL,80
US30.cash,1,2025-09-04 20:30:00+00:00,2025-09-05 15:30:00+00:00,45525.71,45434.34133928571,45754.13165178572,45434.34133928571,-1.0,SL,72
US30.cash,1,2025-09-05 16:00:00+00:00,2025-09-05 17:15:00+00:00,45634.21,45486.94589285715,46002.37026785713,45486.94589285715,-1.0,SL,5
US30.cash,1,2025-09-08 09:30:00+00:00,2025-09-08 16:30:00+00:00,45477.11,45408.60375,45648.375625,45408.60375,-1.0,SL,28
US30.cash,1,2025-09-08 21:45:00+00:00,2025-09-10 15:30:00+00:00,45446.91,45316.10375,45773.925625,45773.925625,2.5,TP,159
US30.cash,1,2025-09-10 16:00:00+00:00,2025-09-10 16:30:00+00:00,45716.21,45626.14910714286,45941.36223214284,45626.14910714286,-1.0,SL,2
US30.cash,1,2025-09-11 12:45:00+00:00,2025-09-11 15:30:00+00:00,45556.91,45517.58410714286,45655.224732142866,45517.58410714286,-1.0,SL,11
US30.cash,1,2025-09-11 17:00:00+00:00,2025-10-03 16:45:00+00:00,45925.81,45578.19892857143,46794.83767857142,46794.83767857142,2.5,TP,1471
US30.cash,1,2025-10-06 08:00:00+00:00,2025-10-06 09:00:00+00:00,46876.81,46829.283214285715,46995.62696428571,46829.283214285715,-1.0,SL,4
US30.cash,1,2025-10-06 12:45:00+00:00,2025-10-06 16:30:00+00:00,46837.61,46796.686785714286,46939.91803571429,46796.686785714286,-1.0,SL,15
US30.cash,1,2025-10-07 12:15:00+00:00,2025-10-07 15:45:00+00:00,46613.71,46557.32517857143,46754.67205357142,46754.67205357142,2.5,TP,14
US30.cash,1,2025-10-08 14:00:00+00:00,2025-10-08 16:30:00+00:00,46710.81,46646.567142857144,46871.41714285713,46646.567142857144,-1.0,SL,10
US30.cash,1,2025-10-08 19:00:00+00:00,2025-10-09 16:45:00+00:00,46798.91,46510.05285714286,47521.052857142866,46510.05285714286,-1.0,SL,83
US30.cash,-1,2025-10-09 17:15:00+00:00,2025-10-10 18:00:00+00:00,46495.41,46648.654642857146,46112.29839285715,46112.29839285715,2.5,TP,95
US30.cash,-1,2025-10-10 18:15:00+00:00,2025-10-10 23:00:00+00:00,46223.01,46537.033214285715,45437.95196428572,45437.95196428572,2.5,TP,19
US30.cash,-1,2025-10-13 14:30:00+00:00,2025-10-13 16:30:00+00:00,45840.51,45941.97607142857,45586.844821428575,45941.97607142857,-1.0,SL,8
US30.cash,-1,2025-10-14 06:15:00+00:00,2025-10-14 08:30:00+00:00,46125.81,46209.472499999996,45916.65375,45916.65375,2.5,TP,9
US30.cash,-1,2025-10-14 09:00:00+00:00,2025-10-14 16:30:00+00:00,45898.81,46038.28142857143,45550.131428571425,45550.131428571425,2.5,TP,30
US30.cash,1,2025-10-15 12:30:00+00:00,2025-10-15 15:00:00+00:00,46442.41,46404.906428571434,46536.168928571424,46536.168928571424,2.5,TP,10
US30.cash,1,2025-10-15 17:15:00+00:00,2025-10-15 18:30:00+00:00,46621.41,46443.222499999996,47066.87875000002,46443.222499999996,-1.0,SL,5
US30.cash,1,2025-10-16 01:15:00+00:00,2025-10-16 18:45:00+00:00,46366.88,46209.18446428571,46761.118839285715,46209.18446428571,-1.0,SL,70
US30.cash,1,2025-10-20 16:00:00+00:00,2025-10-20 17:30:00+00:00,46349.51,46257.96535714286,46578.371607142864,46578.371607142864,2.5,TP,6
US30.cash,1,2025-10-23 17:00:00+00:00,2025-10-24 15:30:00+00:00,46640.11,46483.196607142854,47032.39348214287,47032.39348214287,2.5,TP,86
US30.cash,1,2025-10-24 16:00:00+00:00,2025-10-24 18:30:00+00:00,46937.71,46801.5025,47278.228749999995,47278.228749999995,2.5,TP,10
US30.cash,1,2025-10-28 17:45:00+00:00,2025-10-28 18:30:00+00:00,47838.01,47701.307321428576,48179.76669642857,47701.307321428576,-1.0,SL,3
US30.cash,1,2025-10-28 19:45:00+00:00,2025-10-28 23:00:00+00:00,47799.51,47680.96,48095.88500000001,47680.96,-1.0,SL,13
US30.cash,1,2025-10-29 01:30:00+00:00,2025-10-29 03:30:00+00:00,47718.08,47669.84785714286,47838.660357142864,47669.84785714286,-1.0,SL,8
US30.cash,1,2025-10-29 06:15:00+00:00,2025-10-29 11:30:00+00:00,47672.71,47619.48232142857,47805.77919642857,47619.48232142857,-1.0,SL,21
US30.cash,1,2025-10-29 13:15:00+00:00,2025-10-29 13:30:00+00:00,47622.51,47567.86089285714,47759.132767857154,47759.132767857154,2.5,TP,1
US30.cash,1,2025-10-30 17:00:00+00:00,2025-10-31 20:00:00+00:00,47840.81,47389.093928571434,48970.1001785714,47389.093928571434,-1.0,SL,104
US30.cash,1,2025-11-03 01:15:00+00:00,2025-11-03 16:30:00+00:00,47687.48,47498.356785714284,48160.2880357143,47498.356785714284,-1.0,SL,61
US30.cash,-1,2025-11-03 17:00:00+00:00,2025-11-07 16:30:00+00:00,47378.51,47641.154642857146,46721.89839285714,46721.89839285714,2.5,TP,366
US30.cash,1,2025-11-10 20:15:00+00:00,2025-11-11 22:45:00+00:00,47232.51,46935.509107142854,47975.01223214287,47975.01223214287,2.5,TP,102
US30.cash,1,2025-11-12 04:15:00+00:00,2025-11-12 16:30:00+00:00,47977.41,47912.712678571435,48139.153303571424,48139.153303571424,2.5,TP,49
US30.cash,1,2025-11-12 17:00:00+00:00,2025-11-13 17:30:00+00:00,48414.81,48024.77250000001,49389.903749999976,48024.77250000001,-1.0,SL,94
US30.cash,-1,2025-11-14 08:30:00+00:00,2025-11-14 13:15:00+00:00,47435.21,47519.29125,47225.00687499999,47225.00687499999,2.5,TP,19
US30.cash,-1,2025-11-17 11:30:00+00:00,2025-11-17 15:30:00+00:00,47226.41,47286.071607142854,47077.25598214287,47077.25598214287,2.5,TP,16
US30.cash,-1,2025-11-17 20:00:00+00:00,2025-11-17 22:00:00+00:00,46976.81,47180.99214285714,46466.35464285714,46466.35464285714,2.5,TP,8
US30.cash,-1,2025-11-18 22:45:00+00:00,2025-11-20 02:15:00+00:00,46166.01,46377.87071428572,45636.35821428572,46377.87071428572,-1.0,SL,102
US30.cash,-1,2025-11-20 18:15:00+00:00,2025-11-20 19:30:00+00:00,46553.21,46872.14785714285,45755.865357142866,45755.865357142866,2.5,TP,5
US30.cash,1,2025-11-24 20:15:00+00:00,2025-11-25 02:00:00+00:00,46567.21,46401.48232142857,46981.52919642857,46401.48232142857,-1.0,SL,19
US30.cash,1,2025-11-25 06:30:00+00:00,2025-11-25 16:30:00+00:00,46395.81,46334.240625,46549.73343749999,46549.73343749999,2.5,TP,40
US30.cash,1,2025-11-25 16:45:00+00:00,2025-11-25 19:00:00+00:00,46580.51,46438.385089285715,46935.82227678572,46935.82227678572,2.5,TP,9
US30.cash,1,2025-11-26 18:15:00+00:00,2025-12-02 05:15:00+00:00,47450.21,47246.165446428575,47960.32138392856,47246.165446428575,-1.0,SL,243
US30.cash,1,2025-12-02 12:45:00+00:00,2025-12-03 17:30:00+00:00,47354.91,47219.98321428572,47692.22696428571,47692.22696428571,2.5,TP,111
US30.cash,1,2025-12-04 12:00:00+00:00,2025-12-04 15:30:00+00:00,47948.71,47887.11714285714,48102.69214285715,47887.11714285714,-1.0,SL,14
US30.cash,1,2025-12-04 17:45:00+00:00,2025-12-04 18:30:00+00:00,47898.61,47812.29214285714,48114.404642857146,47812.29214285714,-1.0,SL,3
US30.cash,1,2025-12-04 23:15:00+00:00,2025-12-05 17:00:00+00:00,47829.58,47732.779642857146,48071.58089285714,48071.58089285714,2.5,TP,67
US30.cash,1,2025-12-05 20:15:00+00:00,2025-12-05 22:45:00+00:00,48028.31,47894.94089285714,48361.73276785713,47894.94089285714,-1.0,SL,10
US30.cash,1,2025-12-08 03:00:00+00:00,2025-12-08 16:30:00+00:00,47945.31,47886.813482142854,48091.55129464286,47886.813482142854,-1.0,SL,54
US30.cash,-1,2025-12-09 14:30:00+00:00,2025-12-09 16:30:00+00:00,47769.41,47823.59214285714,47633.95464285716,47823.59214285714,-1.0,SL,8
US30.cash,-1,2025-12-09 19:30:00+00:00,2025-12-10 21:00:00+00:00,47769.28,47910.41035714286,47416.454107142854,47910.41035714286,-1.0,SL,98
US30.cash,1,2025-12-10 21:30:00+00:00,2025-12-10 22:15:00+00:00,47817.61,47669.757946428566,48187.240133928586,48187.240133928586,2.5,TP,3
US30.cash,1,2025-12-11 11:15:00+00:00,2025-12-11 16:15:00+00:00,47907.41,47814.89214285715,48138.70464285714,48138.70464285714,2.5,TP,20
US30.cash,1,2025-12-12 19:30:00+00:00,2025-12-12 22:30:00+00:00,48461.48,48401.372500000005,48611.74875,48401.372500000005,-1.0,SL,12
US30.cash,1,2025-12-15 01:45:00+00:00,2025-12-15 17:15:00+00:00,48500.38,48380.61098214286,48799.80254464284,48380.61098214286,-1.0,SL,62
US30.cash,-1,2025-12-16 20:00:00+00:00,2025-12-17 12:15:00+00:00,47990.81,48227.74419642857,47398.47450892857,48227.74419642857,-1.0,SL,61
US30.cash,-1,2025-12-17 18:00:00+00:00,2025-12-18 17:30:00+00:00,48013.41,48372.69642857143,47115.19392857145,48372.69642857143,-1.0,SL,90
US30.cash,-1,2025-12-18 21:15:00+00:00,2025-12-19 16:30:00+00:00,48024.41,48153.27919642857,47702.23700892858,48153.27919642857,-1.0,SL,73
US30.cash,1,2025-12-22 09:30:00+00:00,2025-12-22 13:30:00+00:00,48184.53,48136.61321428571,48304.32196428572,48136.61321428571,-1.0,SL,16
US30.cash,1,2025-12-22 16:15:00+00:00,2025-12-22 16:30:00+00:00,48201.71,48142.868214285714,48348.81446428571,48348.81446428571,2.5,TP,1
US30.cash,1,2025-12-23 01:30:00+00:00,2025-12-23 06:30:00+00:00,48362.08,48329.416339285715,48443.73915178572,48329.416339285715,-1.0,SL,20
US30.cash,1,2025-12-23 10:30:00+00:00,2025-12-23 14:00:00+00:00,48364.93,48324.69151785714,48465.52620535714,48324.69151785714,-1.0,SL,14
US30.cash,1,2025-12-23 17:00:00+00:00,2025-12-24 17:45:00+00:00,48338.51,48218.764910714286,48637.87272321429,48637.87272321429,2.5,TP,95
US30.cash,-1,2025-12-30 13:15:00+00:00,2025-12-30 16:30:00+00:00,48454.2,48494.081874999996,48354.4953125,48354.4953125,2.5,TP,13
US30.cash,-1,2025-12-30 23:15:00+00:00,2025-12-31 17:00:00+00:00,48369.28,48433.293392857144,48209.24651785714,48209.24651785714,2.5,TP,67
US30.cash,-1,2025-12-31 17:00:00+00:00,2026-01-02 16:30:00+00:00,48289.8,48392.26473214286,48033.63816964286,48033.63816964286,2.5,TP,90
US30.cash,-1,2026-01-02 16:45:00+00:00,2026-01-02 18:15:00+00:00,47879.5,48236.77258928572,46986.318526785704,48236.77258928572,-1.0,SL,6
US30.cash,-1,2026-01-02 19:00:00+00:00,2026-01-02 19:15:00+00:00,48106.65,48216.22955357142,47832.70111607145,48216.22955357142,-1.0,SL,1
US30.cash,1,2026-01-05 16:15:00+00:00,2026-01-05 16:30:00+00:00,48461.21,48323.853125,48804.60218749999,48804.60218749999,2.5,TP,1
US30.cash,1,2026-01-05 17:00:00+00:00,2026-01-21 13:45:00+00:00,48903.51,48424.95401785714,50099.899955357156,48424.95401785714,-1.0,SL,1075
US30.cash,1,2026-01-22 10:00:00+00:00,2026-01-22 15:45:00+00:00,49148.91,49077.17303571429,49328.252410714296,49328.252410714296,2.5,TP,23
US30.cash,1,2026-01-22 17:45:00+00:00,2026-01-23 11:30:00+00:00,49440.1,49291.95455357143,49810.46361607143,49291.95455357143,-1.0,SL,67
US30.cash,1,2026-01-26 16:15:00+00:00,2026-01-26 17:15:00+00:00,49166.31,49089.44258928571,49358.478526785715,49358.478526785715,2.5,TP,4
US30.cash,1,2026-01-27 08:00:00+00:00,2026-01-27 10:30:00+00:00,49380.41,49333.70375,49497.17562500001,49333.70375,-1.0,SL,10
US30.cash,-1,2026-01-28 11:00:00+00:00,2026-01-28 16:30:00+00:00,48983.81,49064.67133928572,48781.65665178569,49064.67133928572,-1.0,SL,22
US30.cash,-1,2026-01-29 01:00:00+00:00,2026-01-29 10:00:00+00:00,48964.28,49080.53794642857,48673.63513392856,49080.53794642857,-1.0,SL,36
US30.cash,-1,2026-01-29 16:30:00+00:00,2026-01-29 16:45:00+00:00,49008.01,49082.400625,48822.0334375,49082.400625,-1.0,SL,1
US30.cash,-1,2026-01-29 17:45:00+00:00,2026-02-02 16:45:00+00:00,48699.7,49140.528125,47597.6296875,49140.528125,-1.0,SL,180
US30.cash,1,2026-02-02 21:00:00+00:00,2026-02-03 16:15:00+00:00,49388.3,49302.661160714284,49602.3970982143,49302.661160714284,-1.0,SL,73
US30.cash,1,2026-02-03 22:30:00+00:00,2026-02-05 17:30:00+00:00,49143.45,48849.64491071428,49877.96272321428,48849.64491071428,-1.0,SL,164
US30.cash,-1,2026-02-06 07:00:00+00:00,2026-02-06 08:15:00+00:00,48789.31,48893.78776785714,48528.115580357146,48893.78776785714,-1.0,SL,5
US30.cash,1,2026-02-06 16:45:00+00:00,2026-02-13 16:30:00+00:00,49611.6,49119.86410714286,50840.939732142855,49119.86410714286,-1.0,SL,459
US30.cash,-1,2026-02-13 22:45:00+00:00,2026-02-16 02:45:00+00:00,49373.35,49548.75866071428,48934.828348214294,49548.75866071428,-1.0,SL,12
US30.cash,-1,2026-02-16 08:00:00+00:00,2026-02-16 09:30:00+00:00,49549.81,49614.14669642857,49388.968258928566,49614.14669642857,-1.0,SL,6
US30.cash,-1,2026-02-16 16:30:00+00:00,2026-02-17 03:45:00+00:00,49623.91,49716.80410714286,49391.67473214286,49391.67473214286,2.5,TP,25
US30.cash,-1,2026-02-17 13:00:00+00:00,2026-02-17 16:30:00+00:00,49401.31,49526.021785714285,49089.53053571428,49526.021785714285,-1.0,SL,14
US30.cash,-1,2026-02-17 17:15:00+00:00,2026-02-17 18:00:00+00:00,49245.0,49546.03919642857,48492.40200892856,49546.03919642857,-1.0,SL,3
US30.cash,1,2026-02-19 01:15:00+00:00,2026-02-19 02:30:00+00:00,49676.88,49606.92946428571,49851.75633928571,49606.92946428571,-1.0,SL,5
US30.cash,1,2026-02-19 03:30:00+00:00,2026-02-19 11:30:00+00:00,49644.51,49577.522142857146,49811.97964285714,49577.522142857146,-1.0,SL,32
US30.cash,-1,2026-02-19 12:30:00+00:00,2026-02-20 17:00:00+00:00,49459.51,49632.46392857143,49027.125178571434,49632.46392857143,-1.0,SL,110
US30.cash,-1,2026-02-20 19:30:00+00:00,2026-02-20 20:30:00+00:00,49262.9,49543.08196428571,48562.44508928573,49543.08196428571,-1.0,SL,4
US30.cash,-1,2026-02-23 01:15:00+00:00,2026-02-23 02:45:00+00:00,49590.98,49668.16133928571,49398.02665178574,49398.02665178574,2.5,TP,6
US30.cash,-1,2026-02-23 03:15:00+00:00,2026-02-23 16:30:00+00:00,49358.11,49571.46401785714,48824.724955357146,49571.46401785714,-1.0,SL,53
US30.cash,-1,2026-02-23 17:15:00+00:00,2026-02-25 22:45:00+00:00,49010.4,49520.44151785714,47735.29620535715,49520.44151785714,-1.0,SL,206
US30.cash,1,2026-02-26 11:45:00+00:00,2026-02-26 16:15:00+00:00,49458.31,49366.05142857143,49688.956428571415,49688.956428571415,2.5,TP,18
US30.cash,-1,2026-02-27 12:30:00+00:00,2026-02-27 15:00:00+00:00,49247.21,49311.15669642857,49087.34325892858,49087.34325892858,2.5,TP,10
US30.cash,-1,2026-02-27 17:00:00+00:00,2026-02-27 18:15:00+00:00,48680.9,49020.42267857143,47832.09330357144,49020.42267857143,-1.0,SL,5
US30.cash,-1,2026-02-27 19:45:00+00:00,2026-03-02 10:00:00+00:00,48776.75,49027.11267857143,48150.843303571426,48150.843303571426,2.5,TP,53
US30.cash,-1,2026-03-03 01:30:00+00:00,2026-03-03 06:30:00+00:00,48804.98,48911.237232142856,48539.33691964287,48539.33691964287,2.5,TP,20
US30.cash,-1,2026-03-03 09:45:00+00:00,2026-03-03 13:15:00+00:00,48388.71,48561.33866071429,47957.13834821427,47957.13834821427,2.5,TP,14
US30.cash,-1,2026-03-05 05:30:00+00:00,2026-03-05 11:00:00+00:00,48551.31,48657.25178571428,48286.45553571429,48657.25178571428,-1.0,SL,22
US30.cash,-1,2026-03-05 15:15:00+00:00,2026-03-05 17:30:00+00:00,48481.91,48649.38678571429,48063.218035714286,48063.218035714286,2.5,TP,9
US30.cash,-1,2026-03-05 17:45:00+00:00,2026-03-09 01:00:00+00:00,48063.6,48507.81482142857,46953.062946428574,46953.062946428574,2.5,TP,117
US30.cash,-1,2026-03-11 09:00:00+00:00,2026-03-11 11:45:00+00:00,47812.41,47899.75991071428,47594.035223214305,47594.035223214305,2.5,TP,11
US30.cash,-1,2026-03-11 12:15:00+00:00,2026-03-11 13:45:00+00:00,47543.81,47779.27383928571,46955.15040178571,47779.27383928571,-1.0,SL,6
US30.cash,-1,2026-03-11 14:45:00+00:00,2026-03-11 18:45:00+00:00,47660.81,47837.54535714285,47218.97160714286,47218.97160714286,2.5,TP,16
US30.cash,-1,2026-03-12 01:15:00+00:00,2026-03-12 18:30:00+00:00,47255.68,47484.21151785714,46684.35120535715,46684.35120535715,2.5,TP,69
US30.cash,-1,2026-03-13 17:30:00+00:00,2026-03-16 17:00:00+00:00,46864.2,47153.82151785714,46140.14620535714,47153.82151785714,-1.0,SL,90
US30.cash,-1,2026-03-17 03:30:00+00:00,2026-03-17 15:00:00+00:00,46859.21,46973.974285714285,46572.29928571428,46973.974285714285,-1.0,SL,46
US30.cash,1,2026-03-18 04:15:00+00:00,2026-03-18 09:15:00+00:00,47063.41,46969.33651785715,47298.59370535714,47298.59370535714,2.5,TP,20
US30.cash,-1,2026-03-18 16:15:00+00:00,2026-03-20 21:15:00+00:00,46736.51,47203.135,45569.9475,45569.9475,2.5,TP,204
US30.cash,-1,2026-03-20 21:45:00+00:00,2026-03-23 14:00:00+00:00,45525.05,45823.24151785715,44779.57120535715,45823.24151785715,-1.0,SL,61
US30.cash,-1,2026-03-24 04:30:00+00:00,2026-03-24 10:00:00+00:00,46024.31,46268.272053571425,45414.40486607143,46268.272053571425,-1.0,SL,22
US30.cash,-1,2026-03-24 12:30:00+00:00,2026-03-24 18:15:00+00:00,46089.91,46352.822053571435,45432.629866071424,46352.822053571435,-1.0,SL,23
US30.cash,1,2026-03-25 14:30:00+00:00,2026-03-25 15:15:00+00:00,46577.91,46458.025178571435,46877.622053571424,46458.025178571435,-1.0,SL,3
US30.cash,-1,2026-03-26 18:45:00+00:00,2026-03-26 23:00:00+00:00,46205.55,46375.92857142857,45779.60357142858,46375.92857142857,-1.0,SL,17
US30.cash,-1,2026-03-27 03:45:00+00:00,2026-03-27 08:00:00+00:00,46064.71,46223.13723214286,45668.641919642854,46223.13723214286,-1.0,SL,17
US30.cash,-1,2026-03-27 10:00:00+00:00,2026-03-27 12:00:00+00:00,46144.81,46249.96625,45881.919375,45881.919375,2.5,TP,8
US30.cash,-1,2026-03-27 14:00:00+00:00,2026-03-27 16:45:00+00:00,45786.81,45923.42071428571,45445.28321428571,45445.28321428571,2.5,TP,11
US30.cash,-1,2026-03-30 17:00:00+00:00,2026-03-30 18:30:00+00:00,45319.6,45618.25375,44572.96562499998,45618.25375,-1.0,SL,6
US30.cash,-1,2026-03-30 19:30:00+00:00,2026-03-31 04:30:00+00:00,45452.6,45647.0375,44966.50625,45647.0375,-1.0,SL,32
US30.cash,1,2026-04-01 08:30:00+00:00,2026-04-01 15:30:00+00:00,46449.51,46328.13767857143,46752.94080357143,46752.94080357143,2.5,TP,28
US30.cash,1,2026-04-02 04:00:00+00:00,2026-04-02 04:15:00+00:00,46679.98,46495.21955357143,47141.88111607144,46495.21955357143,-1.0,SL,1
US30.cash,1,2026-04-02 17:45:00+00:00,2026-04-08 16:30:00+00:00,46585.9,46037.145535714284,47957.7861607143,47957.7861607143,2.5,TP,332
US30.cash,1,2026-04-08 19:00:00+00:00,2026-04-13 01:00:00+00:00,47820.1,47612.75401785714,48338.464955357136,47612.75401785714,-1.0,SL,204
US30.cash,1,2026-04-13 16:15:00+00:00,2026-04-13 19:30:00+00:00,47546.51,47402.47321428572,47906.60196428571,47906.60196428571,2.5,TP,13
US30.cash,1,2026-04-13 19:30:00+00:00,2026-04-14 16:30:00+00:00,47835.65,47618.167232142856,48379.356919642865,48379.356919642865,2.5,TP,80
US30.cash,1,2026-04-14 18:45:00+00:00,2026-04-15 16:45:00+00:00,48530.85,48412.19803571428,48827.47991071429,48412.19803571428,-1.0,SL,84
US30.cash,1,2026-04-15 20:30:00+00:00,2026-04-16 15:30:00+00:00,48364.0,48276.57,48582.575,48582.575,2.5,TP,72
US30.cash,1,2026-04-16 18:15:00+00:00,2026-04-17 15:45:00+00:00,48529.55,48350.82839285715,48976.35401785714,48976.35401785714,2.5,TP,82
US30.cash,1,2026-04-17 16:15:00+00:00,2026-04-29 21:00:00+00:00,49162.61,48722.153928571424,50263.75017857144,48722.153928571424,-1.0,SL,755
US30.cash,1,2026-04-30 21:00:00+00:00,2026-05-01 01:00:00+00:00,49594.1,49523.35696428571,49770.95758928572,49770.95758928572,2.5,TP,12
US30.cash,1,2026-05-01 12:45:00+00:00,2026-05-01 15:00:00+00:00,49772.9,49727.19535714286,49887.16160714286,49887.16160714286,2.5,TP,9
US30.cash,1,2026-05-01 15:30:00+00:00,2026-05-01 16:30:00+00:00,49903.21,49796.685535714285,50169.521160714285,49796.685535714285,-1.0,SL,4
US30.cash,1,2026-05-01 17:15:00+00:00,2026-05-01 17:45:00+00:00,49931.45,49774.149196428574,50324.70200892855,49774.149196428574,-1.0,SL,2
US30.cash,1,2026-05-04 01:15:00+00:00,2026-05-04 11:00:00+00:00,49613.88,49430.49723214286,50072.33691964285,49430.49723214286,-1.0,SL,39
US30.cash,-1,2026-05-05 09:30:00+00:00,2026-05-05 09:45:00+00:00,48990.1,49053.48410714286,48831.639732142845,49053.48410714286,-1.0,SL,1
US30.cash,1,2026-05-06 12:15:00+00:00,2026-05-06 18:00:00+00:00,49567.71,49407.94053571428,49967.13366071429,49967.13366071429,2.5,TP,23
US30.cash,1,2026-05-06 22:30:00+00:00,2026-05-07 16:45:00+00:00,49986.15,49852.44491071429,50320.41272321429,49852.44491071429,-1.0,SL,69
US30.cash,1,2026-05-08 12:30:00+00:00,2026-05-08 18:00:00+00:00,49735.71,49619.018482142856,50027.43879464286,49619.018482142856,-1.0,SL,22
US30.cash,-1,2026-05-11 14:30:00+00:00,2026-05-11 16:30:00+00:00,49538.75,49607.56142857143,49366.721428571414,49607.56142857143,-1.0,SL,8
US30.cash,1,2026-05-11 20:45:00+00:00,2026-05-12 10:00:00+00:00,49734.8,49562.55232142857,50165.419196428586,49562.55232142857,-1.0,SL,49
US30.cash,1,2026-05-12 10:45:00+00:00,2026-05-12 16:30:00+00:00,49675.5,49579.75178571429,49914.870535714275,49579.75178571429,-1.0,SL,23
US30.cash,1,2026-05-12 20:15:00+00:00,2026-05-13 16:30:00+00:00,49654.1,49484.04544642857,50079.23638392857,49484.04544642857,-1.0,SL,77
US30.cash,1,2026-05-13 21:30:00+00:00,2026-05-14 13:15:00+00:00,49697.8,49567.61607142857,50023.25982142858,50023.25982142858,2.5,TP,59
US30.cash,1,2026-05-14 18:15:00+00:00,2026-05-15 04:15:00+00:00,50081.9,49917.530178571425,50492.82455357144,49917.530178571425,-1.0,SL,36
US30.cash,-1,2026-05-19 16:30:00+00:00,2026-05-20 17:30:00+00:00,49454.81,49634.54705357143,49005.467366071425,49634.54705357143,-1.0,SL,96
US30.cash,1,2026-05-20 20:45:00+00:00,2026-05-21 03:00:00+00:00,49959.4,49844.08214285714,50247.69464285715,49844.08214285714,-1.0,SL,21
US30.cash,1,2026-05-21 11:15:00+00:00,2026-05-21 13:30:00+00:00,50034.71,49855.59776785714,50482.49058035714,49855.59776785714,-1.0,SL,9
US30.cash,1,2026-05-21 17:15:00+00:00,2026-05-22 16:00:00+00:00,49989.4,49674.64,50776.3,50776.3,2.5,TP,87
US30.cash,1,2026-05-22 18:45:00+00:00,2026-05-22 22:45:00+00:00,50705.6,50569.736875,51045.257812499985,50569.736875,-1.0,SL,16
US30.cash,1,2026-05-25 01:15:00+00:00,2026-05-26 17:45:00+00:00,50835.68,50528.13910714285,51604.53223214287,50528.13910714285,-1.0,SL,142
US30.cash,1,2026-05-27 08:15:00+00:00,2026-05-27 12:00:00+00:00,50544.11,50485.54169642857,50690.53075892858,50690.53075892858,2.5,TP,15
US30.cash,1,2026-05-27 17:30:00+00:00,2026-05-28 16:15:00+00:00,50794.75,50504.31892857143,51520.82767857142,50504.31892857143,-1.0,SL,87
US30.cash,1,2026-05-28 17:30:00+00:00,2026-05-29 17:45:00+00:00,50637.15,50489.726875,51005.707812500004,51005.707812500004,2.5,TP,93
US30.cash,1,2026-05-29 18:15:00+00:00,2026-06-01 16:30:00+00:00,51063.45,50861.52133928571,51568.27165178571,50861.52133928571,-1.0,SL,85
US30.cash,1,2026-06-01 20:45:00+00:00,2026-06-02 03:45:00+00:00,50999.1,50834.99035714286,51409.37410714285,50834.99035714286,-1.0,SL,24
US30.cash,1,2026-06-02 08:15:00+00:00,2026-06-02 10:45:00+00:00,50882.21,50832.59794642857,51006.24013392857,51006.24013392857,2.5,TP,10
US30.cash,1,2026-06-02 17:00:00+00:00,2026-06-02 18:15:00+00:00,50925.91,50791.81366071429,51261.150848214296,51261.150848214296,2.5,TP,5
US30.cash,1,2026-06-04 13:00:00+00:00,2026-06-04 16:30:00+00:00,50956.65,50814.86089285714,51311.12276785715,51311.12276785715,2.5,TP,14
US30.cash,1,2026-06-04 17:15:00+00:00,2026-06-05 19:00:00+00:00,51429.15,51185.387678571424,52038.55580357145,51185.387678571424,-1.0,SL,99
US30.cash,-1,2026-06-08 16:15:00+00:00,2026-06-08 16:30:00+00:00,50933.11,51065.29392857143,50602.65017857142,51065.29392857143,-1.0,SL,1
US30.cash,-1,2026-06-08 18:45:00+00:00,2026-06-09 16:30:00+00:00,50979.2,51146.76919642857,50560.27700892856,51146.76919642857,-1.0,SL,83
US30.cash,-1,2026-06-09 17:30:00+00:00,2026-06-09 18:15:00+00:00,51062.9,51217.95973214286,50675.25066964286,50675.25066964286,2.5,TP,3
US30.cash,-1,2026-06-09 18:45:00+00:00,2026-06-12 11:15:00+00:00,50549.8,51098.55705357143,49177.907366071435,51098.55705357143,-1.0,SL,246
US30.cash,1,2026-06-12 17:30:00+00:00,2026-06-15 01:00:00+00:00,51042.0,50844.78517857142,51535.03705357145,51535.03705357145,2.5,TP,26
US30.cash,-1,2026-06-19 04:30:00+00:00,2026-06-22 01:15:00+00:00,51526.96,51607.32848214286,51326.038794642845,51326.038794642845,2.5,TP,63
US30.cash,-1,2026-06-22 05:30:00+00:00,2026-06-22 09:45:00+00:00,51478.76,51570.78741071429,51248.691473214276,51570.78741071429,-1.0,SL,17
US30.cash,-1,2026-06-23 08:15:00+00:00,2026-06-23 10:45:00+00:00,51602.46,51724.621517857144,51297.056205357134,51297.056205357134,2.5,TP,10
US30.cash,-1,2026-06-23 14:00:00+00:00,2026-06-23 14:30:00+00:00,51444.26,51507.374017857146,51286.474955357146,51507.374017857146,-1.0,SL,2
US30.cash,1,2026-06-23 17:30:00+00:00,2026-06-25 17:30:00+00:00,51768.35,51421.01508928571,52636.68727678571,52636.68727678571,2.5,TP,184
US30.cash,1,2026-06-25 17:30:00+00:00,2026-06-25 19:45:00+00:00,52603.2,52017.83758928571,54066.606026785725,52017.83758928571,-1.0,SL,9
US30.cash,1,2026-06-25 23:30:00+00:00,2026-06-26 05:00:00+00:00,52075.93,51865.65982142857,52601.60544642858,51865.65982142857,-1.0,SL,18
US30.cash,1,2026-06-26 17:30:00+00:00,2026-07-02 22:45:00+00:00,51969.9,51610.766339285714,52867.73415178572,52867.73415178572,2.5,TP,389
US30.cash,-1,2026-07-08 12:15:00+00:00,2026-07-13 16:30:00+00:00,52185.76,52758.896428571425,50752.918928571446,52758.896428571425,-1.0,SL,293
US500.cash,1,2025-02-17 18:30:00+00:00,2025-02-18 01:30:00+00:00,6127.01,6118.6050000000005,6148.022499999999,6118.6050000000005,-1.0,SL,8
US500.cash,1,2025-02-18 05:00:00+00:00,2025-02-18 09:00:00+00:00,6125.81,6121.723660714286,6136.025848214287,6136.025848214287,2.5,TP,16
US500.cash,1,2025-02-18 13:00:00+00:00,2025-02-18 16:15:00+00:00,6133.11,6126.331696428572,6150.055758928568,6126.331696428572,-1.0,SL,13
US500.cash,1,2025-02-18 22:15:00+00:00,2025-02-19 21:45:00+00:00,6114.11,6101.109732142858,6146.610669642854,6146.610669642854,2.5,TP,90
US500.cash,-1,2025-02-20 17:00:00+00:00,2025-02-21 21:15:00+00:00,6098.32,6132.272232142857,6013.439419642856,6013.439419642856,2.5,TP,109
US500.cash,-1,2025-02-24 09:00:00+00:00,2025-02-24 10:00:00+00:00,6044.02,6050.060089285714,6028.919776785717,6028.919776785717,2.5,TP,4
US500.cash,-1,2025-02-24 16:30:00+00:00,2025-02-24 17:00:00+00:00,6033.82,6047.618839285714,5999.322901785714,5999.322901785714,2.5,TP,2
US500.cash,-1,2025-02-26 20:00:00+00:00,2025-02-27 22:30:00+00:00,5968.61,6006.640535714286,5873.533660714284,5873.533660714284,2.5,TP,102
US500.cash,-1,2025-02-28 14:30:00+00:00,2025-02-28 16:30:00+00:00,5878.85,5889.0287499999995,5853.403125000003,5853.403125000003,2.5,TP,8
US500.cash,-1,2025-02-28 20:00:00+00:00,2025-02-28 21:45:00+00:00,5847.85,5891.902678571429,5737.71830357143,5891.902678571429,-1.0,SL,7
US500.cash,-1,2025-03-03 17:00:00+00:00,2025-03-03 22:00:00+00:00,5942.75,5981.498214285714,5845.879464285714,5845.879464285714,2.5,TP,20
US500.cash,-1,2025-03-04 09:30:00+00:00,2025-03-04 15:00:00+00:00,5854.25,5872.968392857142,5807.454017857144,5807.454017857144,2.5,TP,22
US500.cash,-1,2025-03-04 17:15:00+00:00,2025-03-04 21:00:00+00:00,5757.45,5826.1080357142855,5585.804910714285,5826.1080357142855,-1.0,SL,15
US500.cash,-1,2025-03-04 23:00:00+00:00,2025-03-05 22:00:00+00:00,5779.45,5857.642857142857,5583.967857142858,5857.642857142857,-1.0,SL,88
US500.cash,-1,2025-03-06 08:15:00+00:00,2025-03-06 10:00:00+00:00,5836.75,5846.890535714286,5811.398660714285,5811.398660714285,2.5,TP,7
US500.cash,-1,2025-03-06 19:15:00+00:00,2025-03-11 03:45:00+00:00,5740.35,5811.086160714285,5563.509598214288,5563.509598214288,2.5,TP,214
US500.cash,-1,2025-03-13 22:45:00+00:00,2025-03-14 03:30:00+00:00,5517.82,5554.743571428571,5425.511071428571,5554.743571428571,-1.0,SL,15
US500.cash,-1,2025-03-14 08:45:00+00:00,2025-03-14 13:45:00+00:00,5558.92,5570.315803571429,5530.430491071429,5570.315803571429,-1.0,SL,20
US500.cash,1,2025-03-17 13:30:00+00:00,2025-03-17 15:30:00+00:00,5617.72,5607.879553571429,5642.321116071429,5642.321116071429,2.5,TP,8
US500.cash,1,2025-03-17 16:00:00+00:00,2025-03-17 21:45:00+00:00,5638.22,5614.327857142857,5697.950357142858,5697.950357142858,2.5,TP,23
US500.cash,1,2025-03-18 11:30:00+00:00,2025-03-18 13:00:00+00:00,5673.62,5662.886696428572,5700.45325892857,5662.886696428572,-1.0,SL,6
US500.cash,1,2025-03-19 17:15:00+00:00,2025-03-21 15:30:00+00:00,5655.32,5621.923571428571,5738.81107142857,5621.923571428571,-1.0,SL,177
US500.cash,1,2025-03-21 18:15:00+00:00,2025-03-21 19:00:00+00:00,5626.62,5608.073571428571,5672.986071428571,5608.073571428571,-1.0,SL,3
US500.cash,1,2025-03-21 19:30:00+00:00,2025-03-24 16:30:00+00:00,5645.12,5607.0146428571425,5740.383392857144,5740.383392857144,2.5,TP,80
US500.cash,1,2025-03-24 17:00:00+00:00,2025-03-26 18:45:00+00:00,5751.22,5729.676517857143,5805.078705357143,5729.676517857143,-1.0,SL,191
US500.cash,-1,2025-03-27 14:15:00+00:00,2025-03-27 17:30:00+00:00,5704.62,5721.006339285715,5663.654151785713,5721.006339285715,-1.0,SL,13
US500.cash,-1,2025-03-27 18:45:00+00:00,2025-03-28 17:00:00+00:00,5705.52,5733.401696428572,5635.815758928571,5635.815758928571,2.5,TP,85
US500.cash,-1,2025-04-01 01:30:00+00:00,2025-04-01 10:00:00+00:00,5589.22,5608.597142857142,5540.777142857146,5608.597142857142,-1.0,SL,34
US500.cash,-1,2025-04-02 15:30:00+00:00,2025-04-02 16:30:00+00:00,5568.72,5601.762232142857,5486.114419642858,5601.762232142857,-1.0,SL,4
US500.cash,-1,2025-04-02 21:00:00+00:00,2025-04-02 23:00:00+00:00,5662.22,5696.120267857143,5577.469330357144,5696.120267857143,-1.0,SL,8
US500.cash,-1,2025-04-02 23:45:00+00:00,2025-04-04 21:30:00+00:00,5541.09,5718.141160714285,5098.462098214287,5098.462098214287,2.5,TP,175
US500.cash,-1,2025-04-04 21:30:00+00:00,2025-04-07 01:00:00+00:00,5106.22,5178.7175,4924.9762500000015,4924.9762500000015,2.5,TP,10
US500.cash,-1,2025-04-08 18:00:00+00:00,2025-04-08 22:00:00+00:00,5196.52,5266.0131249999995,5022.787187500003,5022.787187500003,2.5,TP,16
US500.cash,-1,2025-04-09 01:15:00+00:00,2025-04-09 07:30:00+00:00,4947.22,4982.987053571428,4857.802366071431,4857.802366071431,2.5,TP,25
US500.cash,-1,2025-04-09 14:30:00+00:00,2025-04-09 16:00:00+00:00,4923.62,4979.210803571429,4784.642991071427,4979.210803571429,-1.0,SL,6
US500.cash,1,2025-04-10 09:15:00+00:00,2025-04-10 10:30:00+00:00,5425.69,5398.267053571429,5494.247366071427,5398.267053571429,-1.0,SL,5
US500.cash,1,2025-04-10 13:30:00+00:00,2025-04-10 15:45:00+00:00,5369.72,5327.311339285714,5475.741651785716,5327.311339285714,-1.0,SL,9
US500.cash,1,2025-04-10 21:00:00+00:00,2025-04-21 18:15:00+00:00,5259.02,5146.706607142857,5539.803482142859,5146.706607142857,-1.0,SL,541
US500.cash,-1,2025-04-22 07:15:00+00:00,2025-04-22 09:15:00+00:00,5174.92,5187.614285714286,5143.184285714286,5187.614285714286,-1.0,SL,8
US500.cash,1,2025-04-23 09:00:00+00:00,2025-04-23 13:45:00+00:00,5374.22,5356.70625,5418.004375,5418.004375,2.5,TP,19
US500.cash,1,2025-04-23 17:00:00+00:00,2025-04-23 18:15:00+00:00,5456.22,5409.196785714285,5573.778035714287,5409.196785714285,-1.0,SL,5
US500.cash,1,2025-04-24 01:00:00+00:00,2025-04-24 08:45:00+00:00,5366.42,5354.410178571428,5396.444553571429,5354.410178571428,-1.0,SL,31
US500.cash,1,2025-04-24 12:30:00+00:00,2025-04-24 13:45:00+00:00,5341.32,5326.998035714286,5377.124910714285,5377.124910714285,2.5,TP,5
US500.cash,1,2025-04-24 17:00:00+00:00,2025-04-24 23:00:00+00:00,5409.92,5370.436071428571,5508.6298214285725,5508.6298214285725,2.5,TP,24
US500.cash,1,2025-04-28 09:30:00+00:00,2025-04-28 16:30:00+00:00,5503.02,5486.958750000001,5543.173124999999,5543.173124999999,2.5,TP,28
US500.cash,1,2025-04-28 21:15:00+00:00,2025-04-29 20:45:00+00:00,5495.02,5466.037857142856,5567.475357142861,5567.475357142861,2.5,TP,90
US500.cash,1,2025-04-30 21:00:00+00:00,2025-05-01 01:00:00+00:00,5522.22,5489.647946428571,5603.650133928573,5603.650133928573,2.5,TP,12
US500.cash,1,2025-05-01 06:45:00+00:00,2025-05-01 16:45:00+00:00,5622.22,5605.091875,5665.040312500001,5605.091875,-1.0,SL,40
US500.cash,1,2025-05-01 17:45:00+00:00,2025-05-01 18:45:00+00:00,5640.02,5617.188749999999,5697.098125000003,5617.188749999999,-1.0,SL,4
US500.cash,1,2025-05-01 20:30:00+00:00,2025-05-01 22:45:00+00:00,5631.42,5608.993214285715,5687.486964285712,5608.993214285715,-1.0,SL,9
US500.cash,1,2025-05-02 03:45:00+00:00,2025-05-07 21:00:00+00:00,5623.22,5583.443571428571,5722.661071428573,5583.443571428571,-1.0,SL,345
US500.cash,1,2025-05-08 01:45:00+00:00,2025-05-08 03:45:00+00:00,5627.02,5618.232142857142,5648.9896428571465,5648.9896428571465,2.5,TP,8
US500.cash,1,2025-05-08 04:15:00+00:00,2025-05-12 10:00:00+00:00,5656.72,5616.206071428572,5758.004821428572,5758.004821428572,2.5,TP,207
US500.cash,1,2025-05-12 10:30:00+00:00,2025-05-23 15:00:00+00:00,5831.42,5742.945535714286,6052.606160714286,5742.945535714286,-1.0,SL,846
US500.cash,-1,2025-05-27 04:30:00+00:00,2025-05-27 09:45:00+00:00,5858.12,5870.878035714286,5826.224910714285,5870.878035714286,-1.0,SL,21
US500.cash,1,2025-05-27 10:45:00+00:00,2025-05-27 16:30:00+00:00,5886.82,5867.002142857143,5936.364642857143,5867.002142857143,-1.0,SL,23
US500.cash,1,2025-05-27 17:30:00+00:00,2025-05-29 02:00:00+00:00,5889.82,5863.943214285715,5954.511964285712,5954.511964285712,2.5,TP,122
US500.cash,-1,2025-05-30 19:45:00+00:00,2025-05-30 21:15:00+00:00,5855.62,5897.202589285715,5751.663526785713,5897.202589285715,-1.0,SL,6
US500.cash,-1,2025-06-02 01:15:00+00:00,2025-06-02 10:15:00+00:00,5896.82,5911.590803571428,5859.892991071429,5859.892991071429,2.5,TP,36
US500.cash,1,2025-06-02 20:15:00+00:00,2025-06-03 17:15:00+00:00,5910.42,5896.512857142857,5945.187857142859,5945.187857142859,2.5,TP,80
US500.cash,1,2025-06-03 18:15:00+00:00,2025-06-04 16:30:00+00:00,5956.51,5944.153125,5987.402187500002,5987.402187500002,2.5,TP,85
US500.cash,1,2025-06-05 03:30:00+00:00,2025-06-05 15:45:00+00:00,5970.72,5962.373125,5991.587187500001,5991.587187500001,2.5,TP,49
US500.cash,1,2025-06-06 08:00:00+00:00,2025-06-06 15:45:00+00:00,5959.32,5947.309642857143,5989.34589285714,5989.34589285714,2.5,TP,31
US500.cash,1,2025-06-06 16:30:00+00:00,2025-06-06 18:15:00+00:00,5995.52,5983.5275,6025.501250000001,5983.5275,-1.0,SL,7
US500.cash,1,2025-06-06 20:45:00+00:00,2025-06-10 20:00:00+00:00,5997.21,5981.917946428572,6035.4401339285705,6035.4401339285705,2.5,TP,181
US500.cash,1,2025-06-11 16:00:00+00:00,2025-06-11 21:00:00+00:00,6053.82,6022.626517857143,6131.803705357142,6022.626517857143,-1.0,SL,20
US500.cash,1,2025-06-12 17:00:00+00:00,2025-06-12 18:00:00+00:00,6016.62,6005.478928571429,6044.472678571428,6044.472678571428,2.5,TP,4
US500.cash,-1,2025-06-13 21:30:00+00:00,2025-06-16 10:30:00+00:00,5978.02,6010.182589285715,5897.6135267857135,6010.182589285715,-1.0,SL,48
US500.cash,1,2025-06-16 17:00:00+00:00,2025-06-17 02:30:00+00:00,6037.22,6008.040535714286,6110.168660714286,6008.040535714286,-1.0,SL,34
US500.cash,-1,2025-06-17 20:15:00+00:00,2025-06-19 03:15:00+00:00,6005.92,6024.359910714286,5959.820223214285,5959.820223214285,2.5,TP,116
US500.cash,-1,2025-06-20 08:30:00+00:00,2025-06-20 09:00:00+00:00,5964.62,5971.412857142857,5947.637857142856,5971.412857142857,-1.0,SL,2
US500.cash,-1,2025-06-20 10:00:00+00:00,2025-06-20 11:00:00+00:00,5966.52,5976.528928571429,5941.49767857143,5976.528928571429,-1.0,SL,4
US500.cash,-1,2025-06-20 12:00:00+00:00,2025-06-20 14:30:00+00:00,5958.52,5980.720982142858,5903.017544642857,5980.720982142858,-1.0,SL,10
US500.cash,-1,2025-06-23 01:15:00+00:00,2025-06-23 10:30:00+00:00,5939.78,5977.6675000000005,5845.061249999998,5977.6675000000005,-1.0,SL,37
US500.cash,-1,2025-06-23 19:45:00+00:00,2025-06-23 20:15:00+00:00,5969.72,6003.376071428571,5885.579821428573,6003.376071428571,-1.0,SL,2
US500.cash,1,2025-06-26 17:45:00+00:00,2025-06-27 01:15:00+00:00,6124.41,6113.619375,6151.386562499999,6151.386562499999,2.5,TP,26
US500.cash,1,2025-06-27 10:00:00+00:00,2025-06-27 16:30:00+00:00,6159.72,6151.250267857144,6180.894330357141,6151.250267857144,-1.0,SL,26
US500.cash,1,2025-06-27 17:00:00+00:00,2025-06-27 21:15:00+00:00,6167.11,6151.030267857143,6207.30933035714,6151.030267857143,-1.0,SL,17
US500.cash,1,2025-06-27 22:45:00+00:00,2025-06-30 22:45:00+00:00,6155.21,6132.913125,6210.9521875,6210.9521875,2.5,TP,92
US500.cash,1,2025-07-02 23:45:00+00:00,2025-07-03 16:30:00+00:00,6226.78,6217.6675,6249.561250000001,6249.561250000001,2.5,TP,63
US500.cash,1,2025-07-03 17:00:00+00:00,2025-07-04 13:45:00+00:00,6260.33,6233.74625,6326.789374999999,6233.74625,-1.0,SL,64
US500.cash,1,2025-07-07 01:15:00+00:00,2025-07-07 18:45:00+00:00,6256.88,6234.13875,6313.733125000001,6234.13875,-1.0,SL,70
US500.cash,1,2025-07-08 14:00:00+00:00,2025-07-08 16:30:00+00:00,6237.92,6228.797321428571,6260.726696428572,6228.797321428571,-1.0,SL,10
US500.cash,-1,2025-07-09 02:45:00+00:00,2025-07-09 12:00:00+00:00,6227.12,6232.904285714286,6212.659285714285,6232.904285714286,-1.0,SL,37
US500.cash,1,2025-07-09 12:30:00+00:00,2025-07-09 16:45:00+00:00,6237.12,6225.135178571429,6267.082053571428,6267.082053571428,2.5,TP,17
US500.cash,1,2025-07-10 01:45:00+00:00,2025-07-10 03:00:00+00:00,6264.38,6256.048839285714,6285.207901785715,6256.048839285714,-1.0,SL,5
US500.cash,1,2025-07-10 11:30:00+00:00,2025-07-10 20:30:00+00:00,6254.42,6242.093214285714,6285.236964285716,6285.236964285716,2.5,TP,36
US500.cash,1,2025-07-11 04:45:00+00:00,2025-07-11 11:15:00+00:00,6257.62,6242.126875000001,6296.3528124999975,6242.126875000001,-1.0,SL,26
US500.cash,1,2025-07-11 17:30:00+00:00,2025-07-14 01:00:00+00:00,6260.31,6235.320982142857,6322.782544642858,6235.320982142857,-1.0,SL,26
US500.cash,1,2025-07-14 18:15:00+00:00,2025-07-15 04:45:00+00:00,6258.01,6245.72375,6288.725625000001,6288.725625000001,2.5,TP,38
US500.cash,1,2025-07-15 07:45:00+00:00,2025-07-15 13:15:00+00:00,6279.12,6272.898660714285,6294.673348214286,6294.673348214286,2.5,TP,22
US500.cash,1,2025-07-15 16:00:00+00:00,2025-07-15 16:30:00+00:00,6293.82,6284.360357142857,6317.469107142857,6284.360357142857,-1.0,SL,2
US500.cash,1,2025-07-17 08:15:00+00:00,2025-07-17 09:00:00+00:00,6253.52,6248.848214285715,6265.199464285715,6265.199464285715,2.5,TP,3
US500.cash,1,2025-07-21 01:45:00+00:00,2025-07-21 16:45:00+00:00,6299.58,6292.04875,6318.408125,6318.408125,2.5,TP,60
US500.cash,1,2025-07-22 15:15:00+00:00,2025-07-22 16:45:00+00:00,6308.92,6302.110178571429,6325.944553571428,6302.110178571429,-1.0,SL,6
US500.cash,1,2025-07-22 20:15:00+00:00,2025-07-23 02:45:00+00:00,6300.51,6290.270803571429,6326.107991071429,6326.107991071429,2.5,TP,22
US500.cash,1,2025-07-23 10:00:00+00:00,2025-07-23 16:45:00+00:00,6328.82,6322.982410714286,6343.413973214285,6322.982410714286,-1.0,SL,27
US500.cash,1,2025-07-23 19:15:00+00:00,2025-07-24 18:00:00+00:00,6340.42,6324.951071428572,6379.092321428571,6379.092321428571,2.5,TP,87
US500.cash,1,2025-07-28 16:00:00+00:00,2025-07-28 16:15:00+00:00,6405.52,6398.598571428571,6422.823571428575,6398.598571428571,-1.0,SL,1
US500.cash,1,2025-07-29 01:15:00+00:00,2025-07-29 18:15:00+00:00,6394.68,6377.661875,6437.225312500002,6377.661875,-1.0,SL,68
US500.cash,1,2025-07-30 17:45:00+00:00,2025-07-30 18:00:00+00:00,6385.41,6375.523749999999,6410.125625000001,6375.523749999999,-1.0,SL,1
US500.cash,1,2025-07-30 19:15:00+00:00,2025-07-30 21:45:00+00:00,6382.91,6369.814285714286,6415.649285714286,6369.814285714286,-1.0,SL,10
US500.cash,1,2025-07-30 23:15:00+00:00,2025-07-31 21:15:00+00:00,6399.18,6334.824642857143,6560.068392857143,6334.824642857143,-1.0,SL,84
US500.cash,-1,2025-08-01 14:00:00+00:00,2025-08-01 15:00:00+00:00,6270.62,6288.450357142857,6226.044107142858,6288.450357142857,-1.0,SL,4
US500.cash,-1,2025-08-01 17:00:00+00:00,2025-08-04 16:30:00+00:00,6232.32,6284.633392857143,6101.536517857141,6284.633392857143,-1.0,SL,90
US500.cash,-1,2025-08-05 17:30:00+00:00,2025-08-06 18:30:00+00:00,6317.52,6340.937053571429,6258.977366071429,6340.937053571429,-1.0,SL,96
US500.cash,1,2025-08-07 01:30:00+00:00,2025-08-07 18:15:00+00:00,6357.88,6339.390892857143,6404.102767857144,6339.390892857143,-1.0,SL,67
US500.cash,1,2025-08-08 01:30:00+00:00,2025-08-08 23:00:00+00:00,6357.18,6340.536696428571,6398.788258928573,6398.788258928573,2.5,TP,86
US500.cash,1,2025-08-12 08:00:00+00:00,2025-08-12 08:15:00+00:00,6385.92,6379.189464285715,6402.746339285713,6379.189464285715,-1.0,SL,1
US500.cash,1,2025-08-12 16:00:00+00:00,2025-08-20 16:45:00+00:00,6409.42,6369.560089285715,6509.069776785714,6369.560089285715,-1.0,SL,555
US500.cash,-1,2025-08-20 17:00:00+00:00,2025-08-22 17:00:00+00:00,6368.12,6411.218214285715,6260.374464285713,6411.218214285715,-1.0,SL,184
US500.cash,1,2025-08-22 20:30:00+00:00,2025-08-22 22:30:00+00:00,6475.11,6457.058482142857,6520.238794642855,6457.058482142857,-1.0,SL,8
US500.cash,1,2025-08-25 07:00:00+00:00,2025-08-25 12:15:00+00:00,6460.72,6451.793482142857,6483.036294642858,6451.793482142857,-1.0,SL,21
US500.cash,1,2025-08-25 14:30:00+00:00,2025-08-25 15:15:00+00:00,6452.72,6445.572678571429,6470.588303571429,6445.572678571429,-1.0,SL,3
US500.cash,1,2025-08-25 18:30:00+00:00,2025-08-25 22:15:00+00:00,6462.51,6451.110267857143,6491.009330357143,6451.110267857143,-1.0,SL,15
US500.cash,1,2025-08-26 19:30:00+00:00,2025-08-27 17:15:00+00:00,6447.21,6435.942232142857,6475.379419642857,6475.379419642857,2.5,TP,83
US500.cash,1,2025-08-28 05:00:00+00:00,2025-08-28 19:15:00+00:00,6472.72,6463.367857142857,6496.100357142857,6496.100357142857,2.5,TP,57
US500.cash,1,2025-08-28 19:30:00+00:00,2025-08-29 16:45:00+00:00,6495.01,6473.351428571428,6549.15642857143,6473.351428571428,-1.0,SL,81
US500.cash,-1,2025-09-02 05:15:00+00:00,2025-09-02 10:30:00+00:00,6456.52,6464.460446428571,6436.668883928573,6436.668883928573,2.5,TP,21
US500.cash,-1,2025-09-02 10:30:00+00:00,2025-09-02 10:45:00+00:00,6448.62,6461.134553571429,6417.333616071427,6417.333616071427,2.5,TP,1
US500.cash,-1,2025-09-02 13:15:00+00:00,2025-09-02 15:00:00+00:00,6426.22,6433.758660714286,6407.373348214287,6407.373348214287,2.5,TP,7
US500.cash,-1,2025-09-03 02:15:00+00:00,2025-09-03 11:00:00+00:00,6425.92,6437.050892857143,6398.092767857144,6437.050892857143,-1.0,SL,35
US500.cash,-1,2025-09-03 18:45:00+00:00,2025-09-04 03:15:00+00:00,6438.72,6454.435178571429,6399.432053571429,6454.435178571429,-1.0,SL,30
US500.cash,1,2025-09-04 13:15:00+00:00,2025-09-04 14:45:00+00:00,6463.42,6455.035089285715,6484.382276785713,6455.035089285715,-1.0,SL,6
US500.cash,1,2025-09-04 18:00:00+00:00,2025-09-05 09:00:00+00:00,6467.41,6447.442589285714,6517.328526785714,6517.328526785714,2.5,TP,56
US500.cash,1,2025-09-05 11:45:00+00:00,2025-09-05 14:30:00+00:00,6516.32,6511.064553571429,6529.458616071426,6511.064553571429,-1.0,SL,11
US500.cash,1,2025-09-05 16:00:00+00:00,2025-09-05 17:00:00+00:00,6525.72,6503.227410714286,6581.951473214287,6503.227410714286,-1.0,SL,4
US500.cash,1,2025-09-08 01:45:00+00:00,2025-09-09 23:00:00+00:00,6487.28,6474.112678571429,6520.1983035714275,6520.1983035714275,2.5,TP,177
US500.cash,1,2025-09-10 13:00:00+00:00,2025-09-10 15:30:00+00:00,6528.92,6522.340446428571,6545.368883928571,6545.368883928571,2.5,TP,10
US500.cash,1,2025-09-10 16:00:00+00:00,2025-09-10 19:30:00+00:00,6548.02,6532.87,6585.895000000002,6532.87,-1.0,SL,14
US500.cash,1,2025-09-10 23:00:00+00:00,2025-09-11 17:30:00+00:00,6532.42,6515.413750000001,6574.935624999998,6574.935624999998,2.5,TP,70
US500.cash,1,2025-09-11 18:00:00+00:00,2025-09-18 11:30:00+00:00,6576.22,6546.786160714286,6649.804598214287,6649.804598214287,2.5,TP,434
US500.cash,1,2025-09-18 12:15:00+00:00,2025-09-18 16:00:00+00:00,6654.27,6626.6053571428565,6723.43160714286,6626.6053571428565,-1.0,SL,15
US500.cash,1,2025-09-18 17:30:00+00:00,2025-09-25 14:30:00+00:00,6652.96,6612.437767857143,6754.265580357143,6612.437767857143,-1.0,SL,448
US500.cash,-1,2025-09-25 16:00:00+00:00,2025-09-25 17:15:00+00:00,6602.67,6614.909285714285,6572.071785714288,6614.909285714285,-1.0,SL,5
US500.cash,-1,2025-09-26 06:15:00+00:00,2025-09-26 09:00:00+00:00,6602.27,6612.453928571428,6576.810178571432,6612.453928571428,-1.0,SL,11
US500.cash,1,2025-09-29 16:00:00+00:00,2025-09-29 16:15:00+00:00,6680.67,6674.748571428572,6695.47357142857,6674.748571428572,-1.0,SL,1
US500.cash,1,2025-09-29 21:15:00+00:00,2025-09-29 22:15:00+00:00,6657.46,6647.579821428571,6682.160446428572,6647.579821428571,-1.0,SL,4
US500.cash,1,2025-09-29 23:00:00+00:00,2025-09-30 10:30:00+00:00,6661.17,6647.362946428572,6695.68763392857,6647.362946428572,-1.0,SL,42
US500.cash,1,2025-09-30 15:45:00+00:00,2025-09-30 16:45:00+00:00,6656.67,6644.003035714286,6688.337410714285,6644.003035714286,-1.0,SL,4
US500.cash,1,2025-09-30 21:30:00+00:00,2025-10-01 09:45:00+00:00,6662.96,6642.548660714286,6713.988348214286,6642.548660714286,-1.0,SL,45
US500.cash,1,2025-10-01 12:30:00+00:00,2025-10-01 17:15:00+00:00,6652.57,6641.901339285714,6679.241651785714,6679.241651785714,2.5,TP,19
US500.cash,1,2025-10-01 17:45:00+00:00,2025-10-02 15:15:00+00:00,6678.37,6657.676517857143,6730.103705357142,6730.103705357142,2.5,TP,82
US500.cash,1,2025-10-02 21:30:00+00:00,2025-10-07 18:45:00+00:00,6720.66,6701.903839285714,6767.550401785715,6701.903839285714,-1.0,SL,265
US500.cash,1,2025-10-08 17:30:00+00:00,2025-10-09 20:00:00+00:00,6743.26,6719.024553571428,6803.848616071429,6719.024553571428,-1.0,SL,102
US500.cash,1,2025-10-10 01:15:00+00:00,2025-10-10 12:45:00+00:00,6734.83,6728.985892857143,6749.440267857142,6728.985892857143,-1.0,SL,46
US500.cash,-1,2025-10-10 18:15:00+00:00,2025-10-10 22:30:00+00:00,6697.97,6750.696785714285,6566.153035714287,6566.153035714287,2.5,TP,17
US500.cash,1,2025-10-20 16:00:00+00:00,2025-10-20 20:15:00+00:00,6696.57,6678.911071428571,6740.717321428572,6740.717321428572,2.5,TP,17
US500.cash,1,2025-10-21 14:30:00+00:00,2025-10-21 16:45:00+00:00,6739.17,6728.781607142857,6765.140982142858,6728.781607142857,-1.0,SL,9
US500.cash,1,2025-10-21 18:15:00+00:00,2025-10-22 17:15:00+00:00,6746.57,6725.395892857143,6799.505267857142,6725.395892857143,-1.0,SL,88
US500.cash,1,2025-10-23 17:00:00+00:00,2025-10-24 15:30:00+00:00,6722.07,6692.144107142857,6796.884732142857,6796.884732142857,2.5,TP,86
US500.cash,1,2025-10-24 16:00:00+00:00,2025-10-27 01:00:00+00:00,6779.27,6759.63375,6828.360625000001,6828.360625000001,2.5,TP,32
US500.cash,-1,2025-10-31 17:00:00+00:00,2025-11-03 16:15:00+00:00,6855.77,6877.320000000001,6801.895,6877.320000000001,-1.0,SL,89
US500.cash,-1,2025-11-03 17:00:00+00:00,2025-11-04 12:00:00+00:00,6845.99,6880.970803571429,6758.5379910714255,6758.5379910714255,2.5,TP,72
US500.cash,-1,2025-11-04 15:45:00+00:00,2025-11-04 16:30:00+00:00,6777.37,6789.230714285714,6747.718214285714,6789.230714285714,-1.0,SL,3
US500.cash,-1,2025-11-04 18:15:00+00:00,2025-11-05 02:00:00+00:00,6801.77,6819.8351785714285,6756.60705357143,6756.60705357143,2.5,TP,27
US500.cash,-1,2025-11-06 02:30:00+00:00,2025-11-06 15:15:00+00:00,6787.77,6811.33875,6728.848125000002,6811.33875,-1.0,SL,51
US500.cash,-1,2025-11-06 16:15:00+00:00,2025-11-06 17:30:00+00:00,6795.47,6817.033392857144,6741.5615178571425,6741.5615178571425,2.5,TP,5
US500.cash,1,2025-11-10 17:00:00+00:00,2025-11-10 17:45:00+00:00,6803.57,6786.0575,6847.35125,6786.0575,-1.0,SL,3
US500.cash,1,2025-11-10 19:15:00+00:00,2025-11-10 20:45:00+00:00,6787.07,6771.891428571428,6825.016428571429,6825.016428571429,2.5,TP,6
US500.cash,1,2025-11-11 19:30:00+00:00,2025-11-13 16:30:00+00:00,6829.97,6809.878928571429,6880.197678571428,6809.878928571429,-1.0,SL,172
US500.cash,-1,2025-11-13 20:15:00+00:00,2025-11-14 09:15:00+00:00,6763.27,6782.158392857143,6716.049017857145,6716.049017857145,2.5,TP,48
US500.cash,-1,2025-11-14 22:30:00+00:00,2025-11-17 09:15:00+00:00,6743.17,6770.308392857143,6675.324017857142,6770.308392857143,-1.0,SL,39
US500.cash,-1,2025-11-17 12:45:00+00:00,2025-11-17 21:15:00+00:00,6749.77,6781.6575,6670.05125,6670.05125,2.5,TP,34
US500.cash,-1,2025-11-18 17:15:00+00:00,2025-11-18 19:45:00+00:00,6603.27,6646.92625,6494.129375,6646.92625,-1.0,SL,10
US500.cash,-1,2025-11-18 23:15:00+00:00,2025-11-19 16:45:00+00:00,6612.63,6668.121785714286,6473.900535714287,6668.121785714286,-1.0,SL,66
US500.cash,-1,2025-11-19 18:00:00+00:00,2025-11-20 01:00:00+00:00,6644.97,6685.912857142857,6542.612857142858,6685.912857142857,-1.0,SL,24
US500.cash,1,2025-11-20 12:45:00+00:00,2025-11-20 17:00:00+00:00,6721.47,6702.342321428571,6769.289196428573,6769.289196428573,2.5,TP,17
US500.cash,-1,2025-11-20 18:15:00+00:00,2025-11-20 20:45:00+00:00,6713.67,6771.809375,6568.321562500001,6568.321562500001,2.5,TP,10
US500.cash,1,2025-11-25 10:00:00+00:00,2025-11-25 10:45:00+00:00,6701.17,6693.794553571429,6719.608616071428,6693.794553571429,-1.0,SL,3
US500.cash,1,2025-11-25 14:15:00+00:00,2025-11-25 16:30:00+00:00,6703.97,6690.506607142857,6737.628482142858,6690.506607142857,-1.0,SL,9
US500.cash,1,2025-11-25 18:45:00+00:00,2025-11-26 07:15:00+00:00,6725.17,6699.936964285715,6788.252589285714,6788.252589285714,2.5,TP,46
US500.cash,1,2025-11-26 15:15:00+00:00,2025-11-26 17:45:00+00:00,6782.87,6772.446785714286,6808.928035714283,6808.928035714283,2.5,TP,10
US500.cash,1,2025-11-26 18:15:00+00:00,2025-12-10 22:15:00+00:00,6816.57,6783.687857142857,6898.775357142857,6898.775357142857,2.5,TP,865
US500.cash,-1,2025-12-11 04:15:00+00:00,2025-12-11 18:45:00+00:00,6858.37,6879.685267857143,6805.081830357141,6879.685267857143,-1.0,SL,58
US500.cash,1,2025-12-11 19:45:00+00:00,2025-12-12 17:15:00+00:00,6888.58,6861.415446428572,6956.491383928569,6861.415446428572,-1.0,SL,82
US500.cash,-1,2025-12-15 17:00:00+00:00,2025-12-17 18:00:00+00:00,6834.17,6869.266785714285,6746.428035714287,6746.428035714287,2.5,TP,188
US500.cash,-1,2025-12-18 21:15:00+00:00,2025-12-19 16:30:00+00:00,6782.77,6801.909285714285,6734.9217857142885,6801.909285714285,-1.0,SL,73
US500.cash,1,2025-12-22 15:30:00+00:00,2025-12-22 17:30:00+00:00,6864.43,6855.2132142857145,6887.471964285714,6855.2132142857145,-1.0,SL,8
US500.cash,1,2025-12-22 18:30:00+00:00,2025-12-23 15:30:00+00:00,6875.43,6862.587678571429,6907.535803571429,6862.587678571429,-1.0,SL,80
US500.cash,1,2025-12-23 17:00:00+00:00,2025-12-24 19:00:00+00:00,6881.93,6860.997857142857,6934.260357142857,6934.260357142857,2.5,TP,100
US500.cash,-1,2025-12-31 01:30:00+00:00,2025-12-31 03:00:00+00:00,6895.72,6901.1621428571425,6882.114642857145,6882.114642857145,2.5,TP,6
US500.cash,-1,2025-12-31 16:45:00+00:00,2026-01-02 18:00:00+00:00,6884.17,6903.709107142857,6835.322232142858,6835.322232142858,2.5,TP,97
US500.cash,1,2026-01-06 08:30:00+00:00,2026-01-06 10:00:00+00:00,6912.83,6908.862857142857,6922.747857142856,6908.862857142857,-1.0,SL,6
US500.cash,1,2026-01-06 15:00:00+00:00,2026-01-06 17:00:00+00:00,6905.53,6896.2391071428565,6928.757232142858,6928.757232142858,2.5,TP,8
US500.cash,1,2026-01-08 17:30:00+00:00,2026-01-09 20:30:00+00:00,6921.47,6900.6191071428575,6973.597232142857,6973.597232142857,2.5,TP,104
US500.cash,1,2026-01-12 17:00:00+00:00,2026-01-14 16:30:00+00:00,6961.33,6925.4974999999995,7050.911250000001,6925.4974999999995,-1.0,SL,182
US500.cash,-1,2026-01-14 17:00:00+00:00,2026-01-15 08:15:00+00:00,6910.97,6936.752946428572,6846.512633928572,6936.752946428572,-1.0,SL,57
US500.cash,1,2026-01-16 01:15:00+00:00,2026-01-16 17:00:00+00:00,6950.32,6940.027142857143,6976.052142857141,6940.027142857143,-1.0,SL,63
US500.cash,-1,2026-01-19 15:30:00+00:00,2026-01-19 18:00:00+00:00,6861.47,6873.9064285714285,6830.37892857143,6873.9064285714285,-1.0,SL,10
US500.cash,-1,2026-01-20 02:15:00+00:00,2026-01-20 10:30:00+00:00,6865.57,6879.016071428571,6831.954821428571,6831.954821428571,2.5,TP,33
US500.cash,-1,2026-01-20 10:45:00+00:00,2026-01-20 14:45:00+00:00,6829.07,6849.174642857142,6778.808392857143,6849.174642857142,-1.0,SL,16
US500.cash,-1,2026-01-20 16:00:00+00:00,2026-01-20 16:30:00+00:00,6831.07,6844.384464285715,6797.783839285712,6844.384464285715,-1.0,SL,2
US500.cash,-1,2026-01-20 19:45:00+00:00,2026-01-21 17:30:00+00:00,6836.63,6865.703035714286,6763.947410714286,6865.703035714286,-1.0,SL,83
US500.cash,1,2026-01-22 16:15:00+00:00,2026-01-22 16:45:00+00:00,6921.67,6912.929464285714,6943.521339285715,6912.929464285714,-1.0,SL,2
US500.cash,1,2026-01-22 20:00:00+00:00,2026-01-22 20:45:00+00:00,6933.03,6922.684821428571,6958.892946428572,6922.684821428571,-1.0,SL,3
US500.cash,1,2026-01-22 23:15:00+00:00,2026-01-23 11:30:00+00:00,6910.53,6901.066785714285,6934.188035714285,6901.066785714285,-1.0,SL,45
US500.cash,1,2026-01-23 18:15:00+00:00,2026-01-23 19:45:00+00:00,6928.28,6905.055625,6986.340937499999,6905.055625,-1.0,SL,6
US500.cash,1,2026-01-23 21:30:00+00:00,2026-01-23 23:15:00+00:00,6917.88,6905.646339285714,6948.464151785715,6905.646339285714,-1.0,SL,7
US500.cash,1,2026-01-26 05:30:00+00:00,2026-01-26 15:45:00+00:00,6897.07,6888.058660714285,6919.5983482142865,6919.5983482142865,2.5,TP,41
US500.cash,1,2026-01-26 17:00:00+00:00,2026-01-29 17:30:00+00:00,6945.33,6908.5794642857145,7037.2063392857135,6908.5794642857145,-1.0,SL,278
US500.cash,-1,2026-01-30 04:45:00+00:00,2026-01-30 05:00:00+00:00,6922.37,6941.376517857143,6874.853705357142,6941.376517857143,-1.0,SL,1
US500.cash,-1,2026-01-30 08:15:00+00:00,2026-01-30 16:30:00+00:00,6925.07,6950.019732142857,6862.695669642857,6950.019732142857,-1.0,SL,33
US500.cash,-1,2026-02-02 01:00:00+00:00,2026-02-02 16:30:00+00:00,6911.23,6943.710625,6830.028437499999,6943.710625,-1.0,SL,62
US500.cash,1,2026-02-03 14:30:00+00:00,2026-02-03 16:15:00+00:00,6995.17,6983.681517857143,7023.891205357142,6983.681517857143,-1.0,SL,7
US500.cash,-1,2026-02-04 11:45:00+00:00,2026-02-04 12:30:00+00:00,6911.97,6930.001875000001,6866.890312499999,6930.001875000001,-1.0,SL,3
US500.cash,-1,2026-02-04 16:15:00+00:00,2026-02-04 16:30:00+00:00,6921.77,6933.562142857143,6892.289642857144,6933.562142857143,-1.0,SL,1
US500.cash,-1,2026-02-04 19:45:00+00:00,2026-02-04 21:45:00+00:00,6851.67,6894.115714285715,6745.555714285714,6894.115714285715,-1.0,SL,8
US500.cash,-1,2026-02-05 01:30:00+00:00,2026-02-05 14:30:00+00:00,6900.83,6919.348035714285,6854.5349107142865,6854.5349107142865,2.5,TP,52
US500.cash,-1,2026-02-05 22:00:00+00:00,2026-02-06 01:15:00+00:00,6811.17,6834.757321428571,6752.201696428572,6752.201696428572,2.5,TP,9
US500.cash,-1,2026-02-06 07:00:00+00:00,2026-02-06 07:45:00+00:00,6765.97,6788.01,6710.870000000001,6788.01,-1.0,SL,3
US500.cash,-1,2026-02-06 09:00:00+00:00,2026-02-06 10:45:00+00:00,6783.57,6798.277142857142,6746.802142857143,6798.277142857142,-1.0,SL,7
US500.cash,1,2026-02-09 15:30:00+00:00,2026-02-09 16:00:00+00:00,6927.27,6916.875714285715,6953.255714285715,6916.875714285715,-1.0,SL,2
US500.cash,1,2026-02-09 17:00:00+00:00,2026-02-09 17:45:00+00:00,6924.97,6911.060535714286,6959.743660714286,6959.743660714286,2.5,TP,3
US500.cash,1,2026-02-12 05:15:00+00:00,2026-02-12 16:45:00+00:00,6953.53,6943.315089285715,6979.067276785712,6943.315089285715,-1.0,SL,46
US500.cash,-1,2026-02-12 17:15:00+00:00,2026-02-12 17:30:00+00:00,6953.17,6964.765357142857,6924.181607142857,6924.181607142857,2.5,TP,1
US500.cash,-1,2026-02-12 18:00:00+00:00,2026-02-17 17:30:00+00:00,6905.97,6956.477857142857,6779.700357142859,6779.700357142859,2.5,TP,258
US500.cash,1,2026-02-18 23:00:00+00:00,2026-02-19 12:00:00+00:00,6879.17,6854.885357142857,6939.881607142857,6854.885357142857,-1.0,SL,48
US500.cash,-1,2026-02-19 22:00:00+00:00,2026-02-19 22:45:00+00:00,6842.03,6859.255803571428,6798.965491071429,6859.255803571428,-1.0,SL,3
US500.cash,1,2026-02-20 01:30:00+00:00,2026-02-20 11:15:00+00:00,6862.22,6851.368125,6889.349687500001,6889.349687500001,2.5,TP,39
US500.cash,1,2026-02-20 17:00:00+00:00,2026-02-23 18:00:00+00:00,6865.07,6834.377589285714,6941.801026785714,6834.377589285714,-1.0,SL,96
US500.cash,-1,2026-02-23 21:15:00+00:00,2026-02-24 04:30:00+00:00,6835.03,6859.278125,6774.4096875,6859.278125,-1.0,SL,25
US500.cash,-1,2026-02-24 10:30:00+00:00,2026-02-24 16:45:00+00:00,6847.67,6862.012857142858,6811.812857142856,6862.012857142858,-1.0,SL,25
US500.cash,1,2026-02-25 10:30:00+00:00,2026-02-25 16:30:00+00:00,6899.27,6887.786339285714,6927.979151785716,6927.979151785716,2.5,TP,24
US500.cash,1,2026-02-25 17:00:00+00:00,2026-02-25 23:30:00+00:00,6929.57,6915.312142857143,6965.214642857141,6965.214642857141,2.5,TP,26
US500.cash,1,2026-02-26 08:15:00+00:00,2026-02-26 16:30:00+00:00,6939.43,6929.909017857142,6963.232455357145,6929.909017857142,-1.0,SL,33
US500.cash,-1,2026-02-27 12:30:00+00:00,2026-02-27 15:30:00+00:00,6886.77,6903.825803571429,6844.13049107143,6844.13049107143,2.5,TP,12
US500.cash,-1,2026-03-02 01:15:00+00:00,2026-03-02 18:45:00+00:00,6818.93,6883.346428571429,6657.888928571429,6883.346428571429,-1.0,SL,70
US500.cash,-1,2026-03-03 04:00:00+00:00,2026-03-03 10:15:00+00:00,6846.07,6868.401607142857,6790.240982142857,6790.240982142857,2.5,TP,25
US500.cash,-1,2026-03-03 12:00:00+00:00,2026-03-03 14:15:00+00:00,6759.47,6786.475178571429,6691.957053571428,6786.475178571429,-1.0,SL,9
US500.cash,-1,2026-03-03 16:00:00+00:00,2026-03-03 18:45:00+00:00,6760.57,6791.220714285715,6683.943214285711,6791.220714285715,-1.0,SL,11
US500.cash,-1,2026-03-04 05:30:00+00:00,2026-03-04 09:30:00+00:00,6777.97,6799.567321428572,6723.976696428572,6799.567321428572,-1.0,SL,16
US500.cash,1,2026-03-05 06:30:00+00:00,2026-03-05 08:00:00+00:00,6859.17,6842.146964285714,6901.727589285716,6842.146964285714,-1.0,SL,6
US500.cash,1,2026-03-05 09:15:00+00:00,2026-03-05 10:30:00+00:00,6854.67,6834.427142857143,6905.277142857143,6834.427142857143,-1.0,SL,5
US500.cash,1,2026-03-05 11:15:00+00:00,2026-03-05 16:00:00+00:00,6879.67,6833.631160714285,6994.767098214287,6833.631160714285,-1.0,SL,19
US500.cash,-1,2026-03-05 17:45:00+00:00,2026-03-06 16:45:00+00:00,6825.77,6871.04875,6712.573125000002,6712.573125000002,2.5,TP,88
US500.cash,-1,2026-03-09 01:15:00+00:00,2026-03-09 22:15:00+00:00,6620.23,6741.386160714286,6317.339598214283,6741.386160714286,-1.0,SL,84
US500.cash,1,2026-03-10 16:15:00+00:00,2026-03-10 17:00:00+00:00,6782.17,6764.258392857143,6826.949017857143,6764.258392857143,-1.0,SL,3
US500.cash,1,2026-03-10 17:45:00+00:00,2026-03-11 15:45:00+00:00,6812.83,6761.620357142857,6940.854107142857,6761.620357142857,-1.0,SL,84
US500.cash,-1,2026-03-12 01:15:00+00:00,2026-03-12 16:45:00+00:00,6754.23,6778.758125,6692.909687499998,6692.909687499998,2.5,TP,62
US500.cash,-1,2026-03-13 07:45:00+00:00,2026-03-13 10:00:00+00:00,6688.57,6702.864375,6652.834062499998,6652.834062499998,2.5,TP,9
US500.cash,-1,2026-03-13 17:30:00+00:00,2026-03-17 16:15:00+00:00,6697.67,6733.375714285714,6608.4057142857155,6733.375714285714,-1.0,SL,179
US500.cash,1,2026-03-18 03:30:00+00:00,2026-03-18 08:45:00+00:00,6719.53,6707.575803571429,6749.415491071427,6749.415491071427,2.5,TP,21
US500.cash,-1,2026-03-18 20:30:00+00:00,2026-03-18 21:00:00+00:00,6667.28,6678.610624999999,6638.9534375,6678.610624999999,-1.0,SL,2
US500.cash,-1,2026-03-19 14:45:00+00:00,2026-03-19 22:00:00+00:00,6597.67,6618.713571428572,6545.061071428569,6618.713571428572,-1.0,SL,29
US500.cash,-1,2026-03-20 08:15:00+00:00,2026-03-20 12:45:00+00:00,6611.27,6624.822946428571,6577.3876339285725,6577.3876339285725,2.5,TP,18
US500.cash,-1,2026-03-24 03:30:00+00:00,2026-03-24 23:15:00+00:00,6579.07,6608.854375000001,6504.609062499997,6608.854375000001,-1.0,SL,79
US500.cash,1,2026-03-25 14:30:00+00:00,2026-03-25 15:15:00+00:00,6616.97,6599.8953571428565,6659.65660714286,6599.8953571428565,-1.0,SL,3
US500.cash,-1,2026-03-26 08:15:00+00:00,2026-03-26 20:15:00+00:00,6574.07,6600.469017857143,6508.072455357142,6508.072455357142,2.5,TP,48
US500.cash,-1,2026-03-27 10:00:00+00:00,2026-03-27 12:00:00+00:00,6508.13,6522.4815178571425,6472.2512053571445,6472.2512053571445,2.5,TP,8
US500.cash,-1,2026-03-27 14:00:00+00:00,2026-03-27 22:30:00+00:00,6451.47,6484.731160714286,6368.317098214287,6368.317098214287,2.5,TP,34
US500.cash,-1,2026-03-30 01:15:00+00:00,2026-03-30 06:00:00+00:00,6335.63,6360.498392857143,6273.459017857143,6360.498392857143,-1.0,SL,19
US500.cash,-1,2026-03-30 17:00:00+00:00,2026-03-31 16:45:00+00:00,6376.17,6430.779285714286,6239.646785714285,6430.779285714286,-1.0,SL,91
US500.cash,1,2026-04-01 13:00:00+00:00,2026-04-01 15:30:00+00:00,6560.17,6545.517232142857,6596.801919642858,6596.801919642858,2.5,TP,10
US500.cash,1,2026-04-01 19:15:00+00:00,2026-04-01 21:00:00+00:00,6600.13,6583.027589285714,6642.886026785714,6583.027589285714,-1.0,SL,7
US500.cash,1,2026-04-01 22:45:00+00:00,2026-04-02 04:00:00+00:00,6585.28,6562.0225,6643.423749999999,6562.0225,-1.0,SL,17
US500.cash,1,2026-04-02 17:15:00+00:00,2026-04-08 01:00:00+00:00,6519.87,6473.861071428571,6634.892321428571,6634.892321428571,2.5,TP,272
US500.cash,1,2026-04-13 16:15:00+00:00,2026-04-13 19:45:00+00:00,6788.57,6763.925625,6850.180937499999,6850.180937499999,2.5,TP,14
US500.cash,1,2026-04-13 23:15:00+00:00,2026-04-14 22:30:00+00:00,6884.92,6851.91,6967.445000000001,6967.445000000001,2.5,TP,89
US500.cash,1,2026-04-15 17:30:00+00:00,2026-04-17 14:45:00+00:00,6993.33,6965.20875,7063.633125,7063.633125,2.5,TP,173
US500.cash,1,2026-04-17 15:45:00+00:00,2026-04-17 17:30:00+00:00,7073.87,7051.138839285714,7130.697901785714,7130.697901785714,2.5,TP,7
US500.cash,1,2026-04-20 02:00:00+00:00,2026-04-20 15:45:00+00:00,7073.57,7062.135178571429,7102.157053571427,7102.157053571427,2.5,TP,55
US500.cash,1,2026-04-20 23:30:00+00:00,2026-04-21 14:30:00+00:00,7110.47,7097.009375,7144.121562500002,7144.121562500002,2.5,TP,56
US500.cash,1,2026-04-22 08:45:00+00:00,2026-04-23 03:00:00+00:00,7108.18,7090.590535714286,7152.153660714287,7090.590535714286,-1.0,SL,69
US500.cash,1,2026-04-23 12:45:00+00:00,2026-04-23 15:00:00+00:00,7101.97,7090.211071428572,7131.367321428572,7131.367321428572,2.5,TP,9
US500.cash,1,2026-04-24 01:15:00+00:00,2026-04-24 18:45:00+00:00,7112.73,7094.1884821428575,7159.083794642855,7159.083794642855,2.5,TP,70
US500.cash,1,2026-04-27 12:00:00+00:00,2026-04-27 18:15:00+00:00,7158.28,7148.399107142857,7182.982232142856,7148.399107142857,-1.0,SL,25
US500.cash,1,2026-04-27 19:30:00+00:00,2026-04-28 14:00:00+00:00,7162.88,7150.051875,7194.9503125,7150.051875,-1.0,SL,70
US500.cash,1,2026-04-29 01:15:00+00:00,2026-04-29 11:15:00+00:00,7146.97,7137.240714285715,7171.293214285714,7137.240714285715,-1.0,SL,40
US500.cash,-1,2026-04-29 16:45:00+00:00,2026-04-29 17:30:00+00:00,7122.38,7142.606339285714,7071.814151785715,7142.606339285714,-1.0,SL,3
US500.cash,-1,2026-04-29 18:30:00+00:00,2026-04-29 23:00:00+00:00,7131.63,7143.949732142857,7100.830669642857,7143.949732142857,-1.0,SL,18
US500.cash,1,2026-04-30 01:30:00+00:00,2026-04-30 07:30:00+00:00,7158.23,7121.973660714286,7248.870848214284,7121.973660714286,-1.0,SL,24
US500.cash,1,2026-04-30 18:15:00+00:00,2026-05-01 16:45:00+00:00,7166.68,7130.209910714286,7257.8552232142865,7257.8552232142865,2.5,TP,86
US500.cash,1,2026-05-04 01:15:00+00:00,2026-05-04 13:00:00+00:00,7241.33,7214.310178571428,7308.87955357143,7214.310178571428,-1.0,SL,47
US500.cash,1,2026-05-04 14:00:00+00:00,2026-05-04 19:00:00+00:00,7221.27,7192.836428571429,7292.35392857143,7192.836428571429,-1.0,SL,20
US500.cash,1,2026-05-05 05:45:00+00:00,2026-05-05 15:00:00+00:00,7214.58,7205.571964285715,7237.100089285713,7237.100089285713,2.5,TP,37
US500.cash,1,2026-05-05 15:30:00+00:00,2026-05-06 01:45:00+00:00,7240.07,7223.357410714286,7281.851473214285,7281.851473214285,2.5,TP,37
US500.cash,1,2026-05-06 12:00:00+00:00,2026-05-08 16:45:00+00:00,7310.07,7279.083482142857,7387.536294642856,7387.536294642856,2.5,TP,203
US500.cash,1,2026-05-11 17:00:00+00:00,2026-05-12 09:45:00+00:00,7408.83,7384.01,7470.879999999999,7384.01,-1.0,SL,63
US500.cash,1,2026-05-12 15:00:00+00:00,2026-05-12 15:30:00+00:00,7383.83,7378.041696428571,7398.300758928572,7378.041696428571,-1.0,SL,2
US500.cash,1,2026-05-12 16:00:00+00:00,2026-05-12 16:30:00+00:00,7394.83,7379.215625,7433.865937500001,7379.215625,-1.0,SL,2
US500.cash,1,2026-05-12 20:30:00+00:00,2026-05-13 19:15:00+00:00,7364.13,7337.71875,7430.158125,7430.158125,2.5,TP,87
US500.cash,1,2026-05-14 09:15:00+00:00,2026-05-14 18:00:00+00:00,7463.33,7449.680982142857,7497.452544642858,7497.452544642858,2.5,TP,35
US500.cash,-1,2026-05-18 02:30:00+00:00,2026-05-18 15:30:00+00:00,7393.37,7415.434821428572,7338.20794642857,7415.434821428572,-1.0,SL,52
US500.cash,-1,2026-05-18 18:00:00+00:00,2026-05-20 18:15:00+00:00,7402.33,7430.473392857142,7331.971517857144,7430.473392857142,-1.0,SL,185
US500.cash,1,2026-05-21 04:30:00+00:00,2026-05-21 16:30:00+00:00,7410.78,7393.850892857143,7453.102767857143,7393.850892857143,-1.0,SL,48
US500.cash,1,2026-05-21 17:15:00+00:00,2026-05-22 03:15:00+00:00,7411.87,7389.505714285714,7467.780714285715,7467.780714285715,2.5,TP,36
US500.cash,1,2026-05-22 15:00:00+00:00,2026-05-22 16:00:00+00:00,7463.33,7454.117410714286,7486.361473214285,7486.361473214285,2.5,TP,4
US500.cash,1,2026-05-22 18:30:00+00:00,2026-05-22 22:45:00+00:00,7496.08,7468.831428571429,7564.201428571429,7468.831428571429,-1.0,SL,17
US500.cash,1,2026-05-25 01:15:00+00:00,2026-06-05 19:00:00+00:00,7514.32,7463.542767857142,7641.263080357143,7463.542767857142,-1.0,SL,883
US500.cash,-1,2026-06-08 09:00:00+00:00,2026-06-08 09:30:00+00:00,7379.87,7397.277321428572,7336.35169642857,7397.277321428572,-1.0,SL,2
US500.cash,-1,2026-06-08 18:45:00+00:00,2026-06-08 22:15:00+00:00,7447.18,7467.020714285714,7397.578214285715,7397.578214285715,2.5,TP,14
US500.cash,-1,2026-06-09 17:30:00+00:00,2026-06-09 18:45:00+00:00,7425.17,7468.544464285715,7316.733839285714,7316.733839285714,2.5,TP,5
US500.cash,-1,2026-06-10 01:15:00+00:00,2026-06-10 11:45:00+00:00,7373.93,7391.631517857143,7329.676205357144,7329.676205357144,2.5,TP,42
US500.cash,-1,2026-06-10 18:15:00+00:00,2026-06-11 22:15:00+00:00,7319.67,7392.3096428571425,7138.070892857144,7392.3096428571425,-1.0,SL,108
US500.cash,1,2026-06-12 17:30:00+00:00,2026-06-15 05:30:00+00:00,7406.87,7363.865535714285,7514.381160714287,7514.381160714287,2.5,TP,44
US500.cash,1,2026-06-15 08:15:00+00:00,2026-06-15 18:30:00+00:00,7524.88,7508.364464285714,7566.168839285714,7566.168839285714,2.5,TP,41
US500.cash,1,2026-06-17 04:30:00+00:00,2026-06-17 11:45:00+00:00,7530.28,7520.081249999999,7555.776875000001,7520.081249999999,-1.0,SL,29
US500.cash,1,2026-06-18 20:30:00+00:00,2026-06-18 22:00:00+00:00,7504.18,7488.423303571429,7543.57174107143,7488.423303571429,-1.0,SL,6
US500.cash,1,2026-06-18 23:15:00+00:00,2026-06-19 05:00:00+00:00,7507.92,7477.7033035714285,7583.461741071429,7477.7033035714285,-1.0,SL,19
US500.cash,-1,2026-06-22 01:15:00+00:00,2026-06-22 10:15:00+00:00,7464.23,7499.081607142857,7377.100982142856,7499.081607142857,-1.0,SL,36
US500.cash,-1,2026-06-22 17:45:00+00:00,2026-06-25 16:45:00+00:00,7472.87,7531.465357142857,7326.381607142857,7326.381607142857,2.5,TP,272
US500.cash,-1,2026-06-26 12:00:00+00:00,2026-06-26 17:00:00+00:00,7321.37,7346.768125,7257.874687500001,7346.768125,-1.0,SL,20
US500.cash,-1,2026-06-29 01:00:00+00:00,2026-06-29 01:15:00+00:00,7366.33,7355.962589285714,7340.411473214284,7355.962589285714,1.0,SL,1
US500.cash,1,2026-06-29 20:15:00+00:00,2026-06-30 18:45:00+00:00,7429.23,7406.954732142856,7484.918169642858,7484.918169642858,2.5,TP,86
US500.cash,1,2026-06-30 19:15:00+00:00,2026-07-01 05:00:00+00:00,7490.38,7473.605267857143,7532.316830357142,7473.605267857143,-1.0,SL,35
US500.cash,1,2026-07-01 17:30:00+00:00,2026-07-02 19:30:00+00:00,7494.58,7454.284553571429,7595.318616071429,7454.284553571429,-1.0,SL,100
US500.cash,1,2026-07-03 01:30:00+00:00,2026-07-06 01:45:00+00:00,7474.97,7458.418303571429,7516.34924107143,7516.34924107143,2.5,TP,77
US500.cash,1,2026-07-06 07:30:00+00:00,2026-07-06 16:30:00+00:00,7496.25,7487.629910714286,7517.800223214285,7517.800223214285,2.5,TP,36
US500.cash,1,2026-07-06 21:30:00+00:00,2026-07-07 06:15:00+00:00,7540.45,7524.842857142857,7579.467857142858,7524.842857142857,-1.0,SL,31
US500.cash,1,2026-07-07 09:00:00+00:00,2026-07-07 16:45:00+00:00,7522.5,7511.960089285714,7548.849776785714,7511.960089285714,-1.0,SL,31
US500.cash,-1,2026-07-08 08:45:00+00:00,2026-07-08 11:15:00+00:00,7494.7,7505.149017857143,7468.577455357142,7468.577455357142,2.5,TP,10
US500.cash,-1,2026-07-08 12:30:00+00:00,2026-07-09 08:00:00+00:00,7424.95,7500.187410714286,7236.856473214285,7500.187410714286,-1.0,SL,74
US500.cash,1,2026-07-09 17:00:00+00:00,2026-07-09 17:15:00+00:00,7514.25,7496.409821428571,7558.850446428572,7496.409821428571,-1.0,SL,1
US500.cash,1,2026-07-09 18:15:00+00:00,2026-07-10 19:45:00+00:00,7519.95,7502.175446428571,7564.386383928571,7564.386383928571,2.5,TP,98
US500.cash,1,2026-07-13 10:30:00+00:00,2026-07-13 12:30:00+00:00,7540.6,7533.737321428571,7557.756696428574,7557.756696428574,2.5,TP,8
US2000.cash,1,2025-02-17 19:45:00+00:00,2025-02-18 01:30:00+00:00,2282.74,2279.0364464285717,2295.7024374999983,2279.0364464285717,-1.0,SL,3
US2000.cash,-1,2025-02-21 17:00:00+00:00,2025-02-24 17:00:00+00:00,2255.03,2279.161125,2170.5710625000006,2170.5710625000006,3.5,TP,92
US2000.cash,-1,2025-02-26 12:00:00+00:00,2025-02-26 13:30:00+00:00,2177.87,2182.571,2161.4165,2182.571,-1.0,SL,6
US2000.cash,-1,2025-02-26 14:15:00+00:00,2025-02-26 16:30:00+00:00,2180.16,2185.1678928571428,2162.6323749999997,2185.1678928571428,-1.0,SL,9
US2000.cash,-1,2025-02-26 20:00:00+00:00,2025-02-28 16:30:00+00:00,2181.01,2196.5334107142858,2126.678062500001,2126.678062500001,3.5,TP,170
US2000.cash,-1,2025-02-28 20:00:00+00:00,2025-02-28 22:45:00+00:00,2133.4,2152.3623392857144,2067.0318125000003,2152.3623392857144,-1.0,SL,11
US2000.cash,-1,2025-03-05 12:30:00+00:00,2025-03-05 15:45:00+00:00,2104.95,2112.147178571429,2079.759874999998,2079.759874999998,3.5,TP,13
US2000.cash,-1,2025-03-06 13:15:00+00:00,2025-03-06 17:15:00+00:00,2076.1,2082.7095,2052.9667499999996,2082.7095,-1.0,SL,16
US2000.cash,-1,2025-03-07 12:30:00+00:00,2025-03-07 14:45:00+00:00,2071.45,2077.8077857142857,2049.1977499999994,2077.8077857142857,-1.0,SL,9
US2000.cash,-1,2025-03-11 17:30:00+00:00,2025-03-11 21:30:00+00:00,2010.45,2034.9829642857142,1924.5846250000006,2034.9829642857142,-1.0,SL,16
US2000.cash,-1,2025-03-12 06:00:00+00:00,2025-03-12 11:45:00+00:00,2028.68,2034.84675,2007.0963750000005,2034.84675,-1.0,SL,23
US2000.cash,-1,2025-03-12 17:00:00+00:00,2025-03-17 16:30:00+00:00,2029.31,2044.8489464285713,1974.9236875000004,2044.8489464285713,-1.0,SL,274
US2000.cash,1,2025-03-20 17:00:00+00:00,2025-03-21 08:45:00+00:00,2078.49,2060.0254464285717,2143.115937499998,2060.0254464285717,-1.0,SL,59
US2000.cash,1,2025-03-25 13:45:00+00:00,2025-03-25 16:45:00+00:00,2101.66,2098.810982142857,2111.6315624999997,2098.810982142857,-1.0,SL,12
US2000.cash,1,2025-03-26 13:45:00+00:00,2025-03-26 17:15:00+00:00,2093.3,2089.128892857143,2107.8988750000003,2089.128892857143,-1.0,SL,14
US2000.cash,-1,2025-03-28 17:00:00+00:00,2025-03-31 16:30:00+00:00,2044.47,2064.1536964285715,1975.5770625,1975.5770625,3.5,TP,90
US2000.cash,-1,2025-04-02 03:30:00+00:00,2025-04-02 17:45:00+00:00,2008.65,2018.7217142857144,1973.3990000000001,2018.7217142857144,-1.0,SL,57
US2000.cash,-1,2025-04-02 21:00:00+00:00,2025-04-02 23:00:00+00:00,2033.11,2047.8647142857144,1981.468499999999,2047.8647142857144,-1.0,SL,8
US2000.cash,-1,2025-04-03 16:00:00+00:00,2025-04-03 16:30:00+00:00,1936.58,1953.2510892857144,1878.2311874999991,1953.2510892857144,-1.0,SL,2
US2000.cash,-1,2025-04-03 17:15:00+00:00,2025-04-04 13:45:00+00:00,1927.34,1957.1725000000001,1822.926249999999,1822.926249999999,3.5,TP,78
US2000.cash,-1,2025-04-08 18:00:00+00:00,2025-04-08 22:30:00+00:00,1840.41,1867.5128214285714,1745.5501250000002,1745.5501250000002,3.5,TP,18
US2000.cash,-1,2025-04-09 11:30:00+00:00,2025-04-09 16:30:00+00:00,1739.0,1767.5790178571428,1638.9734375,1767.5790178571428,-1.0,SL,20
US2000.cash,1,2025-04-11 13:00:00+00:00,2025-04-11 16:00:00+00:00,1848.04,1817.0186428571428,1956.61475,1817.0186428571428,-1.0,SL,12
US2000.cash,1,2025-04-11 19:00:00+00:00,2025-04-14 12:00:00+00:00,1815.7,1798.801642857143,1874.8442499999999,1874.8442499999999,3.5,TP,64
US2000.cash,1,2025-04-14 14:00:00+00:00,2025-04-14 16:30:00+00:00,1874.83,1866.6022321428572,1903.6271874999993,1866.6022321428572,-1.0,SL,10
US2000.cash,1,2025-04-15 03:30:00+00:00,2025-04-15 15:15:00+00:00,1878.39,1868.9277857142858,1911.50775,1868.9277857142858,-1.0,SL,47
US2000.cash,1,2025-04-23 13:45:00+00:00,2025-04-23 16:30:00+00:00,1933.53,1926.4454999999998,1958.3257500000004,1958.3257500000004,3.5,TP,11
US2000.cash,1,2025-04-24 12:30:00+00:00,2025-04-24 13:45:00+00:00,1903.42,1900.4465178571427,1913.827187500001,1913.827187500001,3.5,TP,5
US2000.cash,1,2025-04-24 16:00:00+00:00,2025-04-24 18:45:00+00:00,1915.92,1908.5599642857142,1941.6801250000008,1941.6801250000008,3.5,TP,11
US2000.cash,1,2025-04-25 19:30:00+00:00,2025-04-25 20:45:00+00:00,1945.83,1939.4315714285715,1968.2244999999994,1939.4315714285715,-1.0,SL,5
US2000.cash,1,2025-04-28 14:45:00+00:00,2025-04-28 19:00:00+00:00,1953.85,1946.9680357142859,1977.936874999999,1946.9680357142859,-1.0,SL,17
US2000.cash,1,2025-04-29 04:00:00+00:00,2025-04-29 13:45:00+00:00,1963.81,1959.3985357142858,1979.2501249999996,1959.3985357142858,-1.0,SL,39
US2000.cash,1,2025-04-29 18:15:00+00:00,2025-04-30 15:30:00+00:00,1961.86,1945.1960178571428,2020.1839374999997,1945.1960178571428,-1.0,SL,81
US2000.cash,1,2025-05-05 12:45:00+00:00,2025-05-05 16:30:00+00:00,2002.03,1997.7406607142857,2017.0426874999998,1997.7406607142857,-1.0,SL,15
US2000.cash,1,2025-05-08 18:45:00+00:00,2025-05-23 15:00:00+00:00,2030.85,1998.7424642857143,2143.2263749999997,1998.7424642857143,-1.0,SL,997
US2000.cash,1,2025-05-28 13:30:00+00:00,2025-05-28 17:00:00+00:00,2085.33,2079.3393571428574,2106.2972499999987,2079.3393571428574,-1.0,SL,14
US2000.cash,-1,2025-06-03 01:30:00+00:00,2025-06-03 14:30:00+00:00,2067.88,2073.065464285714,2049.730875000002,2073.065464285714,-1.0,SL,52
US2000.cash,1,2025-06-04 16:45:00+00:00,2025-06-04 17:00:00+00:00,2108.32,2101.4584464285717,2132.3354375,2101.4584464285717,-1.0,SL,1
US2000.cash,1,2025-06-04 20:00:00+00:00,2025-06-05 15:30:00+00:00,2099.08,2093.0372678571425,2120.2295625000006,2093.0372678571425,-1.0,SL,74
US2000.cash,1,2025-06-06 15:00:00+00:00,2025-06-06 16:00:00+00:00,2107.12,2101.716178571429,2126.0333749999986,2126.0333749999986,3.5,TP,4
US2000.cash,1,2025-06-06 18:15:00+00:00,2025-06-06 20:00:00+00:00,2130.8,2120.6612857142854,2166.285500000002,2120.6612857142854,-1.0,SL,7
US2000.cash,1,2025-06-10 02:30:00+00:00,2025-06-10 08:30:00+00:00,2148.3,2144.8425535714287,2160.4010625000005,2144.8425535714287,-1.0,SL,24
US2000.cash,1,2025-06-10 12:00:00+00:00,2025-06-11 15:30:00+00:00,2147.85,2141.708464285714,2169.345375000001,2169.345375000001,3.5,TP,106
US2000.cash,-1,2025-06-16 01:30:00+00:00,2025-06-16 02:30:00+00:00,2096.88,2103.762982142857,2072.789562500002,2103.762982142857,-1.0,SL,4
US2000.cash,-1,2025-06-18 13:45:00+00:00,2025-06-18 16:45:00+00:00,2100.28,2107.863375,2073.738187500001,2107.863375,-1.0,SL,12
US2000.cash,1,2025-06-20 21:30:00+00:00,2025-06-23 01:00:00+00:00,2109.11,2100.9982142857143,2137.5012500000003,2100.9982142857143,-1.0,SL,10
US2000.cash,-1,2025-06-23 12:15:00+00:00,2025-06-23 16:30:00+00:00,2108.32,2112.7322142857142,2092.877250000001,2092.877250000001,3.5,TP,17
US2000.cash,-1,2025-06-23 18:00:00+00:00,2025-06-23 21:00:00+00:00,2112.39,2121.5156785714285,2080.450125,2121.5156785714285,-1.0,SL,12
US2000.cash,1,2025-06-25 12:15:00+00:00,2025-06-25 12:45:00+00:00,2163.95,2161.1394464285713,2173.7869374999996,2161.1394464285713,-1.0,SL,2
US2000.cash,1,2025-06-25 15:15:00+00:00,2025-06-25 16:30:00+00:00,2163.24,2157.245982142857,2184.2190624999994,2157.245982142857,-1.0,SL,5
US2000.cash,1,2025-06-26 13:45:00+00:00,2025-06-26 15:30:00+00:00,2142.39,2138.958232142857,2154.4011874999997,2138.958232142857,-1.0,SL,7
US2000.cash,1,2025-06-27 14:30:00+00:00,2025-06-27 15:30:00+00:00,2180.62,2176.9441964285716,2193.485312499999,2176.9441964285716,-1.0,SL,4
US2000.cash,1,2025-06-30 01:30:00+00:00,2025-06-30 20:45:00+00:00,2181.75,2171.745142857143,2216.7669999999994,2171.745142857143,-1.0,SL,77
US2000.cash,1,2025-07-01 17:00:00+00:00,2025-07-01 18:15:00+00:00,2167.49,2162.0554107142857,2186.511062499999,2186.511062499999,3.5,TP,5
US2000.cash,1,2025-07-01 20:45:00+00:00,2025-07-01 22:00:00+00:00,2211.37,2198.419303571429,2256.6974374999986,2198.419303571429,-1.0,SL,5
US2000.cash,1,2025-07-02 12:45:00+00:00,2025-07-02 14:45:00+00:00,2213.71,2207.633267857143,2234.9785624999995,2207.633267857143,-1.0,SL,8
US2000.cash,1,2025-07-02 17:45:00+00:00,2025-07-10 19:15:00+00:00,2209.84,2192.601392857143,2270.1751250000007,2270.1751250000007,3.5,TP,527
US2000.cash,-1,2025-07-15 17:00:00+00:00,2025-07-17 22:00:00+00:00,2237.39,2257.780410714286,2166.023562499998,2257.780410714286,-1.0,SL,204
US2000.cash,1,2025-07-24 14:45:00+00:00,2025-07-24 15:30:00+00:00,2277.55,2274.3154642857144,2288.8708750000005,2274.3154642857144,-1.0,SL,3
US2000.cash,-1,2025-07-29 17:00:00+00:00,2025-07-30 22:15:00+00:00,2262.13,2274.547875,2218.6674375,2218.6674375,3.5,TP,113
US2000.cash,-1,2025-07-31 14:15:00+00:00,2025-07-31 16:30:00+00:00,2220.48,2224.6816607142855,2205.774187500001,2224.6816607142855,-1.0,SL,9
US2000.cash,-1,2025-07-31 18:15:00+00:00,2025-07-31 19:30:00+00:00,2218.14,2231.0619285714283,2172.9132500000005,2231.0619285714283,-1.0,SL,5
US2000.cash,-1,2025-07-31 20:45:00+00:00,2025-08-01 13:45:00+00:00,2217.65,2230.4006607142856,2173.0226875000008,2173.0226875000008,3.5,TP,64
US2000.cash,1,2025-08-05 18:30:00+00:00,2025-08-06 07:00:00+00:00,2208.9,2201.2423035714282,2235.701937500002,2235.701937500002,3.5,TP,46
US2000.cash,1,2025-08-08 14:30:00+00:00,2025-08-08 15:15:00+00:00,2228.9,2227.6620714285714,2233.2327500000006,2227.6620714285714,-1.0,SL,3
US2000.cash,1,2025-08-13 18:45:00+00:00,2025-08-14 15:30:00+00:00,2309.01,2295.321,2356.9215000000013,2295.321,-1.0,SL,79
US2000.cash,1,2025-08-15 04:00:00+00:00,2025-08-15 09:00:00+00:00,2299.57,2296.4895892857144,2310.3514375000004,2310.3514375000004,3.5,TP,20
US2000.cash,1,2025-08-15 14:15:00+00:00,2025-08-15 16:30:00+00:00,2302.16,2296.5305535714283,2321.8630625000005,2296.5305535714283,-1.0,SL,9
US2000.cash,1,2025-08-18 20:30:00+00:00,2025-08-19 03:30:00+00:00,2296.03,2290.2688035714286,2316.1941875000007,2290.2688035714286,-1.0,SL,24
US2000.cash,-1,2025-08-19 18:00:00+00:00,2025-08-22 17:00:00+00:00,2285.84,2299.1010892857144,2239.4261875,2299.1010892857144,-1.0,SL,272
US2000.cash,1,2025-08-26 12:30:00+00:00,2025-08-26 16:30:00+00:00,2333.68,2329.552339285714,2348.1268125000006,2348.1268125000006,3.5,TP,16
US2000.cash,1,2025-08-26 17:00:00+00:00,2025-08-28 05:15:00+00:00,2350.69,2341.9848214285716,2381.1581249999995,2381.1581249999995,3.5,TP,137
US2000.cash,1,2025-08-29 16:00:00+00:00,2025-08-29 17:00:00+00:00,2373.99,2368.653267857143,2392.6685624999986,2368.653267857143,-1.0,SL,4
US2000.cash,-1,2025-09-02 13:45:00+00:00,2025-09-02 16:45:00+00:00,2342.03,2349.4568035714283,2316.0361875000017,2349.4568035714283,-1.0,SL,12
US2000.cash,-1,2025-09-03 16:00:00+00:00,2025-09-03 16:30:00+00:00,2344.02,2350.757535714286,2320.438624999999,2350.757535714286,-1.0,SL,2
US2000.cash,1,2025-09-08 02:00:00+00:00,2025-09-08 16:15:00+00:00,2389.49,2386.520017857143,2399.884937499998,2399.884937499998,3.5,TP,57
US2000.cash,1,2025-09-08 18:00:00+00:00,2025-09-09 17:15:00+00:00,2393.19,2379.3027857142856,2441.7952500000006,2379.3027857142856,-1.0,SL,89
US2000.cash,1,2025-09-10 15:00:00+00:00,2025-09-10 15:30:00+00:00,2377.64,2374.7905892857143,2387.612937499999,2387.612937499999,3.5,TP,2
US2000.cash,1,2025-09-12 14:00:00+00:00,2025-09-12 15:30:00+00:00,2411.29,2408.635607142857,2420.5803749999995,2408.635607142857,-1.0,SL,6
US2000.cash,1,2025-09-17 14:30:00+00:00,2025-09-17 16:30:00+00:00,2402.45,2399.2130357142855,2413.779375,2413.779375,3.5,TP,8
US2000.cash,1,2025-09-18 14:30:00+00:00,2025-09-18 14:45:00+00:00,2445.56,2442.159857142857,2457.4604999999997,2442.159857142857,-1.0,SL,1
US2000.cash,1,2025-09-19 15:15:00+00:00,2025-09-19 16:30:00+00:00,2471.34,2465.1623214285714,2492.961875000001,2465.1623214285714,-1.0,SL,5
US2000.cash,1,2025-09-22 18:15:00+00:00,2025-09-23 16:30:00+00:00,2449.78,2442.5410892857144,2475.1161875000007,2475.1161875000007,3.5,TP,85
US2000.cash,1,2025-09-24 14:30:00+00:00,2025-09-24 16:30:00+00:00,2461.81,2458.651339285714,2472.8653125,2458.651339285714,-1.0,SL,8
US2000.cash,-1,2025-09-26 12:30:00+00:00,2025-09-26 15:30:00+00:00,2406.84,2417.438357142857,2369.745750000001,2417.438357142857,-1.0,SL,12
US2000.cash,1,2025-10-03 19:15:00+00:00,2025-10-03 20:00:00+00:00,2495.37,2486.0933928571426,2527.838125,2486.0933928571426,-1.0,SL,3
US2000.cash,1,2025-10-06 14:15:00+00:00,2025-10-06 16:45:00+00:00,2490.12,2484.926875,2508.295937499999,2484.926875,-1.0,SL,10
US2000.cash,1,2025-10-06 17:45:00+00:00,2025-10-07 01:30:00+00:00,2494.86,2482.525267857143,2538.0315625000007,2482.525267857143,-1.0,SL,27
US2000.cash,1,2025-10-07 12:15:00+00:00,2025-10-07 17:15:00+00:00,2482.76,2476.574214285714,2504.4102500000026,2476.574214285714,-1.0,SL,20
US2000.cash,-1,2025-10-10 17:30:00+00:00,2025-10-10 18:00:00+00:00,2474.13,2483.742160714286,2440.4874374999995,2440.4874374999995,3.5,TP,2
US2000.cash,-1,2025-10-13 14:30:00+00:00,2025-10-13 15:45:00+00:00,2426.96,2434.6123392857144,2400.1768125,2434.6123392857144,-1.0,SL,5
US2000.cash,1,2025-10-15 21:00:00+00:00,2025-10-16 19:15:00+00:00,2510.33,2488.142839285714,2587.9850625,2488.142839285714,-1.0,SL,85
US2000.cash,1,2025-10-21 14:30:00+00:00,2025-10-21 16:00:00+00:00,2497.97,2492.3554464285717,2517.620937499998,2492.3554464285717,-1.0,SL,6
US2000.cash,-1,2025-10-23 14:30:00+00:00,2025-10-23 16:15:00+00:00,2460.01,2463.1676071428574,2448.958375,2463.1676071428574,-1.0,SL,7
US2000.cash,1,2025-10-27 14:00:00+00:00,2025-10-27 14:30:00+00:00,2541.53,2537.3162500000003,2556.278125,2537.3162500000003,-1.0,SL,2
US2000.cash,1,2025-10-27 18:45:00+00:00,2025-10-27 19:00:00+00:00,2523.38,2519.399785714286,2537.31075,2519.399785714286,-1.0,SL,1
US2000.cash,1,2025-10-27 21:00:00+00:00,2025-10-28 05:30:00+00:00,2518.28,2515.6093928571427,2527.627125000002,2515.6093928571427,-1.0,SL,30
US2000.cash,1,2025-10-28 17:30:00+00:00,2025-10-28 22:30:00+00:00,2516.25,2503.2127142857144,2561.8804999999998,2503.2127142857144,-1.0,SL,20
US2000.cash,-1,2025-10-30 20:30:00+00:00,2025-11-03 17:15:00+00:00,2484.09,2494.6335,2447.187750000001,2447.187750000001,3.5,TP,171
US2000.cash,-1,2025-11-05 11:30:00+00:00,2025-11-05 14:30:00+00:00,2429.99,2434.7809464285715,2413.2216874999986,2434.7809464285715,-1.0,SL,12
US2000.cash,-1,2025-11-07 10:45:00+00:00,2025-11-07 13:30:00+00:00,2426.69,2432.228392857143,2407.3056250000004,2407.3056250000004,3.5,TP,11
US2000.cash,1,2025-11-11 13:30:00+00:00,2025-11-11 14:30:00+00:00,2453.81,2451.0776607142857,2463.3731875,2451.0776607142857,-1.0,SL,4
US2000.cash,-1,2025-11-13 13:45:00+00:00,2025-11-13 17:30:00+00:00,2440.82,2447.209339285714,2418.4573125000015,2418.4573125000015,3.5,TP,15
US2000.cash,-1,2025-11-13 20:15:00+00:00,2025-11-14 14:00:00+00:00,2396.88,2407.7986607142857,2358.6646875000006,2358.6646875000006,3.5,TP,67
US2000.cash,-1,2025-11-17 12:45:00+00:00,2025-11-17 18:00:00+00:00,2390.2,2396.1752500000002,2369.2866249999984,2369.2866249999984,3.5,TP,21
US2000.cash,-1,2025-11-17 20:00:00+00:00,2025-11-18 06:00:00+00:00,2371.97,2385.043767857143,2326.211812499999,2326.211812499999,3.5,TP,36
US2000.cash,-1,2025-11-19 16:30:00+00:00,2025-11-19 16:45:00+00:00,2352.28,2358.8065357142855,2329.4371250000017,2358.8065357142855,-1.0,SL,1
US2000.cash,-1,2025-11-19 18:15:00+00:00,2025-11-20 04:45:00+00:00,2351.81,2372.6342678571427,2278.9250625000004,2372.6342678571427,-1.0,SL,38
US2000.cash,-1,2025-11-20 18:15:00+00:00,2025-11-24 18:00:00+00:00,2375.95,2405.345482142857,2273.0658125000004,2405.345482142857,-1.0,SL,183
US2000.cash,1,2025-11-24 19:45:00+00:00,2025-11-25 16:45:00+00:00,2410.48,2402.8756785714286,2437.095125,2437.095125,3.5,TP,80
US2000.cash,1,2025-11-25 18:00:00+00:00,2025-11-26 21:15:00+00:00,2444.91,2430.9840714285715,2493.650749999999,2493.650749999999,3.5,TP,105
US2000.cash,1,2025-12-04 14:30:00+00:00,2025-12-04 15:00:00+00:00,2508.2,2504.7920714285715,2520.1277499999987,2504.7920714285715,-1.0,SL,2
US2000.cash,1,2025-12-05 17:30:00+00:00,2025-12-05 18:15:00+00:00,2535.13,2523.858392857143,2574.5806250000005,2523.858392857143,-1.0,SL,3
US2000.cash,1,2025-12-05 20:15:00+00:00,2025-12-08 20:45:00+00:00,2525.94,2517.0996785714287,2556.881125,2517.0996785714287,-1.0,SL,94
US2000.cash,1,2025-12-10 17:00:00+00:00,2025-12-10 21:45:00+00:00,2529.82,2519.6106785714287,2565.5526250000003,2565.5526250000003,3.5,TP,19
US2000.cash,1,2025-12-11 14:30:00+00:00,2025-12-11 15:30:00+00:00,2566.56,2558.3959285714286,2595.1342499999996,2558.3959285714286,-1.0,SL,4
US2000.cash,1,2025-12-11 16:45:00+00:00,2025-12-12 18:15:00+00:00,2577.11,2555.7785178571426,2651.7701875000016,2555.7785178571426,-1.0,SL,98
US2000.cash,-1,2025-12-16 18:30:00+00:00,2025-12-17 14:45:00+00:00,2517.91,2529.0862857142856,2478.7929999999997,2529.0862857142856,-1.0,SL,77
US2000.cash,-1,2025-12-17 18:00:00+00:00,2025-12-22 15:00:00+00:00,2509.07,2540.977857142857,2397.3925000000017,2540.977857142857,-1.0,SL,264
US2000.cash,-1,2025-12-29 13:00:00+00:00,2025-12-29 14:30:00+00:00,2534.61,2536.324232142857,2528.6101875000013,2528.6101875000013,3.5,TP,6
US2000.cash,-1,2025-12-29 14:30:00+00:00,2025-12-29 16:30:00+00:00,2531.5,2535.9797857142858,2515.82075,2535.9797857142858,-1.0,SL,8
US2000.cash,-1,2025-12-31 17:00:00+00:00,2025-12-31 22:00:00+00:00,2497.21,2501.800875,2481.1419375000005,2481.1419375000005,3.5,TP,20
US2000.cash,-1,2026-01-02 14:30:00+00:00,2026-01-02 16:30:00+00:00,2499.7,2502.372517857143,2490.3461874999985,2490.3461874999985,3.5,TP,8
US2000.cash,1,2026-01-06 14:30:00+00:00,2026-01-06 16:30:00+00:00,2542.85,2539.434589285714,2554.8039375000003,2539.434589285714,-1.0,SL,8
US2000.cash,1,2026-01-06 19:30:00+00:00,2026-01-06 21:30:00+00:00,2552.58,2546.9948035714283,2572.1281875000004,2572.1281875000004,3.5,TP,8
US2000.cash,1,2026-01-07 15:45:00+00:00,2026-01-07 16:30:00+00:00,2585.19,2576.4976071428573,2615.613375,2576.4976071428573,-1.0,SL,3
US2000.cash,1,2026-01-07 18:45:00+00:00,2026-01-08 06:00:00+00:00,2580.56,2567.387232142857,2626.6646874999997,2567.387232142857,-1.0,SL,41
US2000.cash,1,2026-01-09 11:45:00+00:00,2026-01-09 15:30:00+00:00,2603.42,2598.8401249999997,2619.4495625000013,2619.4495625000013,3.5,TP,15
US2000.cash,1,2026-01-09 17:00:00+00:00,2026-01-09 17:15:00+00:00,2622.99,2612.738625,2658.869812499999,2612.738625,-1.0,SL,1
US2000.cash,1,2026-01-09 18:30:00+00:00,2026-01-12 02:30:00+00:00,2628.47,2614.558357142857,2677.16075,2614.558357142857,-1.0,SL,28
US2000.cash,1,2026-01-12 13:00:00+00:00,2026-01-12 16:30:00+00:00,2610.5,2607.3825892857144,2621.4109375,2607.3825892857144,-1.0,SL,14
US2000.cash,1,2026-01-12 18:00:00+00:00,2026-01-15 17:45:00+00:00,2625.07,2609.152392857143,2680.781625000001,2680.781625000001,3.5,TP,275
US2000.cash,-1,2026-01-21 13:15:00+00:00,2026-01-21 16:00:00+00:00,2651.67,2655.6339642857142,2637.7961250000008,2655.6339642857142,-1.0,SL,11
US2000.cash,1,2026-01-22 20:00:00+00:00,2026-01-22 20:15:00+00:00,2732.9,2727.3381607142856,2752.3664375000008,2727.3381607142856,-1.0,SL,1
US2000.cash,-1,2026-01-27 13:15:00+00:00,2026-01-27 16:30:00+00:00,2665.84,2669.8935,2651.65275,2651.65275,3.5,TP,13
US2000.cash,-1,2026-01-30 18:30:00+00:00,2026-02-02 16:45:00+00:00,2606.36,2630.767678571429,2520.9331249999996,2630.767678571429,-1.0,SL,85
US2000.cash,1,2026-02-03 14:30:00+00:00,2026-02-03 18:30:00+00:00,2649.77,2640.8863035714285,2680.8629375,2640.8863035714285,-1.0,SL,16
US2000.cash,-1,2026-02-03 18:45:00+00:00,2026-02-04 16:30:00+00:00,2637.13,2663.865803571429,2543.5546874999995,2663.865803571429,-1.0,SL,83
US2000.cash,-1,2026-02-05 20:15:00+00:00,2026-02-06 13:30:00+00:00,2595.33,2610.5253214285713,2542.1463750000003,2610.5253214285713,-1.0,SL,65
US2000.cash,1,2026-02-09 14:30:00+00:00,2026-02-09 16:30:00+00:00,2666.15,2659.157607142857,2690.623375,2659.157607142857,-1.0,SL,8
US2000.cash,1,2026-02-09 17:30:00+00:00,2026-02-11 17:00:00+00:00,2672.6,2656.3762857142856,2729.383,2656.3762857142856,-1.0,SL,182
US2000.cash,-1,2026-02-12 17:00:00+00:00,2026-02-20 17:00:00+00:00,2668.2,2691.274982142857,2587.4375625,2691.274982142857,-1.0,SL,536
US2000.cash,1,2026-02-20 17:00:00+00:00,2026-02-20 19:15:00+00:00,2655.69,2641.073303571429,2706.8484374999994,2641.073303571429,-1.0,SL,9
US2000.cash,-1,2026-02-23 14:45:00+00:00,2026-02-23 16:30:00+00:00,2647.93,2655.3426785714287,2621.985624999999,2655.3426785714287,-1.0,SL,7
US2000.cash,-1,2026-02-24 15:00:00+00:00,2026-02-24 16:30:00+00:00,2624.18,2630.4157142857143,2602.354999999999,2630.4157142857143,-1.0,SL,6
US2000.cash,1,2026-02-25 13:45:00+00:00,2026-02-25 16:30:00+00:00,2665.83,2661.9209464285714,2679.5116875,2661.9209464285714,-1.0,SL,11
US2000.cash,-1,2026-03-02 14:30:00+00:00,2026-03-02 15:15:00+00:00,2591.09,2600.3871071428575,2558.5501249999993,2600.3871071428575,-1.0,SL,3
US2000.cash,-1,2026-03-03 06:30:00+00:00,2026-03-03 10:00:00+00:00,2631.31,2639.721875,2601.8684374999993,2601.8684374999993,3.5,TP,14
US2000.cash,-1,2026-03-05 14:00:00+00:00,2026-03-05 17:30:00+00:00,2621.67,2629.75425,2593.3751250000005,2593.3751250000005,3.5,TP,14
US2000.cash,-1,2026-03-06 10:30:00+00:00,2026-03-06 15:30:00+00:00,2587.82,2600.2610357142853,2544.276375000002,2544.276375000002,3.5,TP,20
US2000.cash,-1,2026-03-11 14:45:00+00:00,2026-03-11 17:30:00+00:00,2540.86,2555.7175535714287,2488.8585625000005,2555.7175535714287,-1.0,SL,11
US2000.cash,-1,2026-03-12 15:15:00+00:00,2026-03-16 16:45:00+00:00,2510.91,2526.8869285714286,2454.990749999999,2526.8869285714286,-1.0,SL,190
US2000.cash,-1,2026-03-30 17:00:00+00:00,2026-03-31 19:30:00+00:00,2437.71,2473.9023749999997,2311.0366875000013,2473.9023749999997,-1.0,SL,102
US2000.cash,1,2026-04-01 16:45:00+00:00,2026-04-02 04:00:00+00:00,2521.87,2505.7882142857143,2578.1562499999995,2505.7882142857143,-1.0,SL,41
US2000.cash,1,2026-04-02 04:00:00+00:00,2026-04-02 04:15:00+00:00,2518.89,2505.690517857143,2565.0881874999995,2505.690517857143,-1.0,SL,1
US2000.cash,1,2026-04-03 14:45:00+00:00,2026-04-06 01:00:00+00:00,2519.92,2513.7546607142854,2541.4986875000013,2513.7546607142854,-1.0,SL,6
US2000.cash,1,2026-04-06 07:15:00+00:00,2026-04-07 17:00:00+00:00,2521.76,2514.045857142857,2548.759500000001,2514.045857142857,-1.0,SL,131
US2000.cash,1,2026-04-07 22:45:00+00:00,2026-04-08 01:00:00+00:00,2534.45,2522.6343928571428,2575.8046249999998,2575.8046249999998,3.5,TP,5
US2000.cash,1,2026-04-08 14:45:00+00:00,2026-04-08 15:15:00+00:00,2648.63,2638.013107142857,2685.7891250000016,2638.013107142857,-1.0,SL,2
US2000.cash,1,2026-04-08 19:15:00+00:00,2026-04-08 21:30:00+00:00,2624.01,2613.8483928571427,2659.5756250000013,2613.8483928571427,-1.0,SL,9
US2000.cash,1,2026-04-09 17:00:00+00:00,2026-04-13 01:00:00+00:00,2622.01,2603.7688749999998,2685.853937500002,2603.7688749999998,-1.0,SL,120
US2000.cash,1,2026-04-13 14:15:00+00:00,2026-04-13 14:30:00+00:00,2612.11,2606.320892857143,2632.371875,2606.320892857143,-1.0,SL,1
US2000.cash,1,2026-04-13 19:30:00+00:00,2026-04-14 17:30:00+00:00,2650.26,2634.947232142857,2703.854687500001,2703.854687500001,3.5,TP,84
US2000.cash,1,2026-04-16 18:15:00+00:00,2026-04-17 16:00:00+00:00,2714.95,2701.7521964285716,2761.1423124999988,2761.1423124999988,3.5,TP,83
US2000.cash,1,2026-04-20 12:15:00+00:00,2026-04-20 14:00:00+00:00,2753.15,2749.246232142857,2766.813187500001,2749.246232142857,-1.0,SL,7
US2000.cash,1,2026-04-20 15:00:00+00:00,2026-04-20 16:45:00+00:00,2754.65,2748.7097857142858,2775.44075,2775.44075,3.5,TP,7
US2000.cash,1,2026-04-21 13:15:00+00:00,2026-04-21 15:30:00+00:00,2799.63,2795.0969107142855,2815.495812500001,2795.0969107142855,-1.0,SL,9
US2000.cash,1,2026-04-22 10:00:00+00:00,2026-04-22 11:15:00+00:00,2790.7,2786.1575178571425,2806.598687500001,2786.1575178571425,-1.0,SL,5
US2000.cash,1,2026-04-22 12:15:00+00:00,2026-04-22 17:30:00+00:00,2788.37,2781.7778214285713,2811.4426249999997,2781.7778214285713,-1.0,SL,21
US2000.cash,1,2026-04-23 13:45:00+00:00,2026-04-23 15:00:00+00:00,2769.16,2764.2056785714285,2786.5001249999996,2786.5001249999996,3.5,TP,5
US2000.cash,1,2026-04-24 13:30:00+00:00,2026-04-24 16:45:00+00:00,2775.08,2766.7651250000004,2804.182062499998,2766.7651250000004,-1.0,SL,13
US2000.cash,1,2026-04-27 14:00:00+00:00,2026-04-27 15:45:00+00:00,2789.3,2784.9101607142857,2804.664437500001,2784.9101607142857,-1.0,SL,7
US2000.cash,1,2026-05-01 17:30:00+00:00,2026-05-04 13:00:00+00:00,2809.32,2792.3933392857143,2868.5633125000004,2792.3933392857143,-1.0,SL,74
US2000.cash,1,2026-05-04 14:00:00+00:00,2026-05-04 19:00:00+00:00,2802.56,2786.3774642857143,2859.198875,2786.3774642857143,-1.0,SL,20
US2000.cash,1,2026-05-05 20:45:00+00:00,2026-05-06 11:45:00+00:00,2841.86,2835.6688214285714,2863.529125000001,2863.529125000001,3.5,TP,56
US2000.cash,1,2026-05-06 13:15:00+00:00,2026-05-07 19:15:00+00:00,2891.75,2852.545875,3028.9644375000007,2852.545875,-1.0,SL,116
US2000.cash,1,2026-05-11 14:45:00+00:00,2026-05-11 16:30:00+00:00,2858.18,2854.307892857143,2871.7323749999987,2871.7323749999987,3.5,TP,7
US2000.cash,-1,2026-05-13 12:30:00+00:00,2026-05-13 16:30:00+00:00,2849.02,2855.259625,2827.1813124999994,2827.1813124999994,3.5,TP,16
US2000.cash,-1,2026-05-18 21:00:00+00:00,2026-05-18 22:00:00+00:00,2769.27,2777.301339285714,2741.1603125,2777.301339285714,-1.0,SL,4
US2000.cash,-1,2026-05-19 12:30:00+00:00,2026-05-19 17:00:00+00:00,2764.0,2773.6938214285715,2730.0716249999996,2730.0716249999996,3.5,TP,18
US2000.cash,1,2026-05-21 14:30:00+00:00,2026-05-21 16:30:00+00:00,2801.08,2792.661535714286,2830.5446249999986,2792.661535714286,-1.0,SL,8
US2000.cash,1,2026-05-22 14:30:00+00:00,2026-05-22 15:00:00+00:00,2841.41,2837.314732142857,2855.7434375000003,2855.7434375000003,3.5,TP,2
US2000.cash,1,2026-05-26 13:45:00+00:00,2026-05-26 14:30:00+00:00,2900.89,2894.887392857143,2921.899124999999,2894.887392857143,-1.0,SL,3
US2000.cash,1,2026-05-26 17:00:00+00:00,2026-05-28 06:30:00+00:00,2912.13,2898.487232142857,2959.8796875000007,2898.487232142857,-1.0,SL,142
US2000.cash,1,2026-05-28 16:00:00+00:00,2026-05-28 16:30:00+00:00,2920.32,2905.7884285714285,2971.180500000001,2905.7884285714285,-1.0,SL,2
US2000.cash,1,2026-05-28 17:30:00+00:00,2026-05-29 17:15:00+00:00,2917.25,2899.6123035714286,2978.9819374999997,2899.6123035714286,-1.0,SL,91
US2000.cash,-1,2026-06-04 13:30:00+00:00,2026-06-04 14:45:00+00:00,2894.62,2902.027964285714,2868.6921250000005,2902.027964285714,-1.0,SL,5
US2000.cash,-1,2026-06-08 17:00:00+00:00,2026-06-08 17:30:00+00:00,2857.63,2874.3950357142858,2798.9523750000003,2874.3950357142858,-1.0,SL,2
US2000.cash,-1,2026-06-08 20:30:00+00:00,2026-06-09 08:30:00+00:00,2861.03,2871.680196428571,2823.7543125000025,2871.680196428571,-1.0,SL,44
US2000.cash,-1,2026-06-09 17:30:00+00:00,2026-06-09 19:30:00+00:00,2893.57,2922.22525,2793.276625000001,2793.276625000001,3.5,TP,8
US2000.cash,-1,2026-06-10 21:45:00+00:00,2026-06-11 10:15:00+00:00,2846.67,2866.972410714286,2775.6115624999993,2866.972410714286,-1.0,SL,46
US2000.cash,1,2026-06-12 12:30:00+00:00,2026-06-12 15:15:00+00:00,2946.51,2932.8450357142856,2994.3373750000014,2932.8450357142856,-1.0,SL,11
US2000.cash,1,2026-06-15 13:30:00+00:00,2026-06-15 16:15:00+00:00,2993.03,2986.101232142857,3017.2806875000015,2986.101232142857,-1.0,SL,11
US2000.cash,1,2026-06-15 18:45:00+00:00,2026-06-15 21:45:00+00:00,2982.47,2967.960125,3033.254562499999,2967.960125,-1.0,SL,12
US2000.cash,1,2026-06-18 12:45:00+00:00,2026-06-18 14:15:00+00:00,2955.16,2944.041875,2994.0734374999997,2944.041875,-1.0,SL,6
US2000.cash,1,2026-06-19 16:15:00+00:00,2026-06-22 01:00:00+00:00,2973.65,2960.1465178571425,3020.912187500002,2960.1465178571425,-1.0,SL,15
US2000.cash,1,2026-06-22 13:30:00+00:00,2026-06-22 16:30:00+00:00,2979.43,2971.7737500000003,3006.2268749999985,3006.2268749999985,3.5,TP,12
US2000.cash,1,2026-06-23 17:00:00+00:00,2026-07-08 11:15:00+00:00,2981.21,2951.5743214285712,3084.934875000001,2951.5743214285712,-1.0,SL,973
US2000.cash,-1,2026-07-08 23:45:00+00:00,2026-07-09 03:00:00+00:00,2948.99,2956.369642857143,2923.1612499999987,2956.369642857143,-1.0,SL,9
US2000.cash,-1,2026-07-13 13:15:00+00:00,2026-07-13 17:00:00+00:00,2975.49,2979.8411785714284,2960.260875,2960.260875,3.5,TP,15
UK100.cash,-1,2025-02-03 08:45:00+00:00,2025-02-03 09:00:00+00:00,8556.6,8575.494464285714,8499.91660714286,8575.494464285714,-1.0,SL,1
UK100.cash,-1,2025-02-03 15:00:00+00:00,2025-02-03 15:30:00+00:00,8550.7,8566.180892857143,8504.257321428575,8566.180892857143,-1.0,SL,2
UK100.cash,-1,2025-02-03 16:15:00+00:00,2025-02-03 17:15:00+00:00,8548.9,8566.742321428572,8495.373035714283,8566.742321428572,-1.0,SL,4
UK100.cash,-1,2025-02-03 19:45:00+00:00,2025-02-03 23:30:00+00:00,8552.0,8588.547214285714,8442.358357142857,8588.547214285714,-1.0,SL,15
UK100.cash,-1,2025-02-04 02:45:00+00:00,2025-02-04 10:30:00+00:00,8572.1,8586.721839285714,8528.23448214286,8528.23448214286,3.0,TP,31
UK100.cash,1,2025-02-06 07:45:00+00:00,2025-02-06 10:30:00+00:00,8672.9,8663.708107142857,8700.475678571429,8700.475678571429,3.0,TP,11
UK100.cash,1,2025-02-06 14:30:00+00:00,2025-02-06 19:00:00+00:00,8759.6,8713.418267857143,8898.145196428572,8713.418267857143,-1.0,SL,18
UK100.cash,1,2025-02-06 20:00:00+00:00,2025-02-06 20:30:00+00:00,8720.6,8709.150107142857,8754.94967857143,8709.150107142857,-1.0,SL,2
UK100.cash,1,2025-02-07 01:30:00+00:00,2025-02-07 17:45:00+00:00,8702.9,8688.499178571428,8746.102464285714,8688.499178571428,-1.0,SL,65
UK100.cash,1,2025-02-10 02:15:00+00:00,2025-02-10 16:45:00+00:00,8704.7,8680.008625,8778.774125000002,8778.774125000002,3.0,TP,58
UK100.cash,1,2025-02-10 20:00:00+00:00,2025-02-11 01:15:00+00:00,8771.6,8762.357857142857,8799.32642857143,8762.357857142857,-1.0,SL,17
UK100.cash,1,2025-02-11 03:00:00+00:00,2025-02-11 04:30:00+00:00,8774.5,8769.538553571429,8789.384339285714,8769.538553571429,-1.0,SL,6
UK100.cash,1,2025-02-11 09:30:00+00:00,2025-02-11 11:15:00+00:00,8774.0,8765.58892857143,8799.233214285712,8765.58892857143,-1.0,SL,7
UK100.cash,1,2025-02-11 13:45:00+00:00,2025-02-11 15:45:00+00:00,8769.33,8760.064375,8797.126875,8760.064375,-1.0,SL,8
UK100.cash,1,2025-02-11 17:45:00+00:00,2025-02-12 15:30:00+00:00,8773.7,8758.9895,8817.831500000004,8758.9895,-1.0,SL,83
UK100.cash,-1,2025-02-14 15:30:00+00:00,2025-02-17 15:00:00+00:00,8737.98,8756.548428571428,8682.274714285713,8756.548428571428,-1.0,SL,86
UK100.cash,1,2025-02-18 04:30:00+00:00,2025-02-18 08:30:00+00:00,8769.1,8757.21632142857,8804.751035714291,8757.21632142857,-1.0,SL,16
UK100.cash,1,2025-02-18 09:15:00+00:00,2025-02-18 10:30:00+00:00,8773.7,8758.545964285715,8819.162107142858,8758.545964285715,-1.0,SL,5
UK100.cash,1,2025-02-18 12:30:00+00:00,2025-02-18 16:30:00+00:00,8775.33,8757.842285714285,8827.793142857145,8757.842285714285,-1.0,SL,16
UK100.cash,1,2025-02-18 19:15:00+00:00,2025-02-18 21:15:00+00:00,8779.4,8765.214017857143,8821.95794642857,8765.214017857143,-1.0,SL,8
UK100.cash,1,2025-02-19 07:30:00+00:00,2025-02-19 09:00:00+00:00,8765.2,8758.863928571429,8784.208214285716,8758.863928571429,-1.0,SL,6
UK100.cash,-1,2025-02-19 12:30:00+00:00,2025-02-20 15:45:00+00:00,8741.83,8766.051107142857,8669.166678571428,8669.166678571428,3.0,TP,105
UK100.cash,-1,2025-02-21 17:00:00+00:00,2025-02-24 03:00:00+00:00,8645.4,8674.899732142856,8556.90080357143,8674.899732142856,-1.0,SL,32
UK100.cash,-1,2025-02-24 13:00:00+00:00,2025-02-25 11:30:00+00:00,8668.1,8688.829125,8605.912625,8688.829125,-1.0,SL,86
UK100.cash,1,2025-02-26 06:45:00+00:00,2025-02-26 07:30:00+00:00,8706.5,8699.632696428573,8727.101910714282,8727.101910714282,3.0,TP,3
UK100.cash,1,2025-02-26 11:15:00+00:00,2025-02-26 19:45:00+00:00,8733.7,8699.15625,8837.331250000003,8699.15625,-1.0,SL,34
UK100.cash,1,2025-02-26 21:45:00+00:00,2025-02-27 20:00:00+00:00,8701.5,8678.67675,8769.969749999998,8769.969749999998,3.0,TP,85
UK100.cash,1,2025-02-28 10:00:00+00:00,2025-02-28 12:00:00+00:00,8703.0,8680.019446428572,8771.941660714283,8771.941660714283,3.0,TP,8
UK100.cash,1,2025-02-28 18:15:00+00:00,2025-02-28 19:30:00+00:00,8804.9,8789.824517857143,8850.126446428569,8789.824517857143,-1.0,SL,5
UK100.cash,1,2025-03-03 01:15:00+00:00,2025-03-03 22:00:00+00:00,8863.9,8807.173446428571,9034.079660714286,8807.173446428571,-1.0,SL,83
UK100.cash,1,2025-03-03 23:15:00+00:00,2025-03-04 15:45:00+00:00,8844.34,8787.912607142856,9013.622178571432,8787.912607142856,-1.0,SL,62
UK100.cash,1,2025-03-04 21:00:00+00:00,2025-03-05 16:00:00+00:00,8830.6,8776.761785714287,8992.114642857141,8776.761785714287,-1.0,SL,72
UK100.cash,-1,2025-03-06 10:00:00+00:00,2025-03-06 11:45:00+00:00,8760.3,8790.263964285714,8670.408107142855,8670.408107142855,3.0,TP,7
UK100.cash,-1,2025-03-06 14:30:00+00:00,2025-03-06 15:30:00+00:00,8665.1,8683.542,8609.774000000003,8683.542,-1.0,SL,4
UK100.cash,-1,2025-03-06 19:00:00+00:00,2025-03-07 17:45:00+00:00,8644.6,8695.132767857143,8493.001696428571,8695.132767857143,-1.0,SL,87
UK100.cash,-1,2025-03-10 11:30:00+00:00,2025-03-10 20:00:00+00:00,8669.0,8699.995357142858,8576.013928571427,8576.013928571427,3.0,TP,34
UK100.cash,-1,2025-03-10 22:15:00+00:00,2025-03-10 22:30:00+00:00,8544.6,8571.461071428572,8464.016785714286,8571.461071428572,-1.0,SL,1
UK100.cash,-1,2025-03-11 02:30:00+00:00,2025-03-11 06:00:00+00:00,8568.0,8602.840857142857,8463.477428571428,8602.840857142857,-1.0,SL,14
UK100.cash,-1,2025-03-11 11:30:00+00:00,2025-03-11 17:00:00+00:00,8595.4,8620.560321428571,8519.919035714285,8519.919035714285,3.0,TP,22
UK100.cash,-1,2025-03-11 19:30:00+00:00,2025-03-11 21:15:00+00:00,8486.9,8518.025357142858,8393.523928571423,8518.025357142858,-1.0,SL,7
UK100.cash,-1,2025-03-12 02:45:00+00:00,2025-03-12 05:15:00+00:00,8510.3,8527.14732142857,8459.758035714285,8527.14732142857,-1.0,SL,10
UK100.cash,-1,2025-03-12 10:00:00+00:00,2025-03-12 12:15:00+00:00,8511.5,8534.971428571427,8441.085714285718,8534.971428571427,-1.0,SL,9
UK100.cash,-1,2025-03-12 16:30:00+00:00,2025-03-12 20:30:00+00:00,8535.5,8554.22644642857,8479.320660714287,8554.22644642857,-1.0,SL,16
UK100.cash,-1,2025-03-13 04:30:00+00:00,2025-03-13 12:00:00+00:00,8537.1,8566.709482142858,8448.271553571427,8566.709482142858,-1.0,SL,30
UK100.cash,-1,2025-03-13 14:15:00+00:00,2025-03-14 11:45:00+00:00,8557.6,8577.391071428572,8498.226785714285,8577.391071428572,-1.0,SL,82
UK100.cash,1,2025-03-14 17:00:00+00:00,2025-03-17 20:30:00+00:00,8616.27,8589.023928571427,8698.00821428572,8698.00821428572,3.0,TP,102
UK100.cash,1,2025-03-18 04:30:00+00:00,2025-03-18 18:00:00+00:00,8700.1,8690.161232142857,8729.916303571432,8690.161232142857,-1.0,SL,54
UK100.cash,1,2025-03-19 02:00:00+00:00,2025-03-19 11:00:00+00:00,8702.2,8682.587892857142,8761.036321428577,8682.587892857142,-1.0,SL,36
UK100.cash,1,2025-03-19 13:00:00+00:00,2025-03-20 11:30:00+00:00,8688.0,8671.36217857143,8737.913464285712,8737.913464285712,3.0,TP,86
UK100.cash,1,2025-03-20 11:30:00+00:00,2025-03-20 12:15:00+00:00,8731.3,8700.898000000001,8822.505999999994,8700.898000000001,-1.0,SL,3
UK100.cash,-1,2025-03-21 20:00:00+00:00,2025-03-24 01:00:00+00:00,8644.8,8657.76517857143,8605.904464285708,8657.76517857143,-1.0,SL,12
UK100.cash,-1,2025-03-24 12:45:00+00:00,2025-03-25 13:45:00+00:00,8662.0,8693.536785714286,8567.38964285714,8693.536785714286,-1.0,SL,96
UK100.cash,1,2025-03-26 04:00:00+00:00,2025-03-26 04:15:00+00:00,8673.4,8671.9925,8677.622499999998,8677.622499999998,3.0,TP,1
UK100.cash,1,2025-03-26 10:30:00+00:00,2025-03-26 12:00:00+00:00,8693.0,8660.481071428572,8790.556785714283,8660.481071428572,-1.0,SL,6
UK100.cash,1,2025-03-26 17:30:00+00:00,2025-03-26 20:30:00+00:00,8686.1,8665.785892857144,8747.04232142857,8665.785892857144,-1.0,SL,12
UK100.cash,-1,2025-03-27 09:15:00+00:00,2025-03-27 11:00:00+00:00,8652.0,8661.215178571429,8624.354464285714,8624.354464285714,3.0,TP,7
UK100.cash,-1,2025-03-27 18:45:00+00:00,2025-03-27 19:15:00+00:00,8638.1,8660.125999999998,8572.022000000006,8660.125999999998,-1.0,SL,2
UK100.cash,1,2025-03-28 09:30:00+00:00,2025-03-28 09:45:00+00:00,8666.6,8653.623428571429,8705.529714285714,8653.623428571429,-1.0,SL,1
UK100.cash,1,2025-03-28 11:30:00+00:00,2025-03-28 18:00:00+00:00,8659.1,8635.02592857143,8731.322214285714,8635.02592857143,-1.0,SL,26
UK100.cash,-1,2025-03-31 13:30:00+00:00,2025-03-31 17:45:00+00:00,8556.0,8587.967678571427,8460.096964285718,8587.967678571427,-1.0,SL,17
UK100.cash,-1,2025-04-01 01:30:00+00:00,2025-04-01 09:00:00+00:00,8608.0,8622.18857142857,8565.434285714287,8622.18857142857,-1.0,SL,30
UK100.cash,-1,2025-04-01 16:15:00+00:00,2025-04-02 13:00:00+00:00,8626.9,8651.641785714286,8552.67464285714,8552.67464285714,3.0,TP,79
UK100.cash,-1,2025-04-02 19:30:00+00:00,2025-04-02 20:00:00+00:00,8589.3,8599.264071428572,8559.407785714282,8599.264071428572,-1.0,SL,2
UK100.cash,-1,2025-04-02 21:15:00+00:00,2025-04-02 22:45:00+00:00,8582.3,8604.254428571428,8516.436714285712,8604.254428571428,-1.0,SL,6
UK100.cash,-1,2025-04-03 01:15:00+00:00,2025-04-07 01:00:00+00:00,8431.3,8659.0585,7748.0244999999995,7748.0244999999995,3.0,TP,179
UK100.cash,-1,2025-04-07 19:30:00+00:00,2025-04-07 20:30:00+00:00,7696.26,7772.821571428572,7466.575285714286,7772.821571428572,-1.0,SL,4
UK100.cash,-1,2025-04-08 06:30:00+00:00,2025-04-08 14:30:00+00:00,7852.56,7893.475892857144,7729.812321428571,7893.475892857144,-1.0,SL,32
UK100.cash,-1,2025-04-08 18:00:00+00:00,2025-04-08 22:00:00+00:00,7916.9,7984.630571428571,7713.708285714286,7713.708285714286,3.0,TP,16
UK100.cash,-1,2025-04-09 01:30:00+00:00,2025-04-09 05:15:00+00:00,7686.5,7734.821214285714,7541.536357142859,7734.821214285714,-1.0,SL,15
UK100.cash,-1,2025-04-09 07:30:00+00:00,2025-04-09 09:30:00+00:00,7636.8,7729.039785714286,7360.080642857142,7729.039785714286,-1.0,SL,8
UK100.cash,-1,2025-04-09 11:30:00+00:00,2025-04-09 20:15:00+00:00,7676.6,7782.274428571429,7359.576714285715,7782.274428571429,-1.0,SL,35
UK100.cash,-1,2025-04-10 17:00:00+00:00,2025-04-10 19:00:00+00:00,7968.4,8011.965392857142,7837.703821428571,7837.703821428571,3.0,TP,8
UK100.cash,-1,2025-04-11 02:30:00+00:00,2025-04-11 08:30:00+00:00,7933.3,7983.5106964285715,7782.667910714286,7983.5106964285715,-1.0,SL,24
UK100.cash,-1,2025-04-11 12:00:00+00:00,2025-04-11 12:45:00+00:00,7878.3,7935.693375000001,7706.1198749999985,7935.693375000001,-1.0,SL,3
UK100.cash,1,2025-04-11 17:00:00+00:00,2025-04-14 22:00:00+00:00,7968.42,7903.491321428572,8163.2060357142855,8163.2060357142855,3.0,TP,108
UK100.cash,1,2025-04-15 07:00:00+00:00,2025-04-15 10:30:00+00:00,8142.8,8125.715178571429,8194.054464285715,8194.054464285715,3.0,TP,14
UK100.cash,1,2025-04-15 10:30:00+00:00,2025-04-17 19:15:00+00:00,8187.4,8143.438035714286,8319.28589285714,8319.28589285714,3.0,TP,219
UK100.cash,1,2025-04-22 04:30:00+00:00,2025-04-22 18:00:00+00:00,8242.5,8213.121946428571,8330.634160714286,8330.634160714286,3.0,TP,54
UK100.cash,1,2025-04-24 17:45:00+00:00,2025-04-29 17:45:00+00:00,8395.3,8370.463732142856,8469.808803571428,8469.808803571428,3.0,TP,272
UK100.cash,1,2025-04-29 20:45:00+00:00,2025-04-30 05:45:00+00:00,8494.8,8465.918964285715,8581.443107142853,8465.918964285715,-1.0,SL,32
UK100.cash,1,2025-04-30 09:30:00+00:00,2025-04-30 10:30:00+00:00,8474.1,8461.487142857144,8511.938571428569,8461.487142857144,-1.0,SL,4
UK100.cash,1,2025-04-30 18:30:00+00:00,2025-04-30 23:00:00+00:00,8460.4,8440.174892857143,8521.075321428569,8521.075321428569,3.0,TP,18
UK100.cash,1,2025-05-01 05:00:00+00:00,2025-05-01 10:00:00+00:00,8514.3,8493.740267857142,8575.979196428572,8493.740267857142,-1.0,SL,20
UK100.cash,1,2025-05-02 03:30:00+00:00,2025-05-02 15:45:00+00:00,8496.4,8464.382017857142,8592.453946428572,8592.453946428572,3.0,TP,49
UK100.cash,1,2025-05-06 14:15:00+00:00,2025-05-06 16:45:00+00:00,8589.2,8574.29875,8633.903750000003,8574.29875,-1.0,SL,10
UK100.cash,1,2025-05-07 01:15:00+00:00,2025-05-08 16:45:00+00:00,8588.9,8528.600571428571,8769.798285714285,8528.600571428571,-1.0,SL,154
UK100.cash,1,2025-05-09 11:00:00+00:00,2025-05-09 11:15:00+00:00,8570.5,8558.140714285715,8607.577857142855,8558.140714285715,-1.0,SL,1
UK100.cash,1,2025-05-12 10:30:00+00:00,2025-05-12 10:45:00+00:00,8609.0,8576.039285714285,8707.882142857145,8576.039285714285,-1.0,SL,1
UK100.cash,1,2025-05-12 11:45:00+00:00,2025-05-15 02:00:00+00:00,8592.1,8546.767857142857,8728.09642857143,8546.767857142857,-1.0,SL,237
UK100.cash,-1,2025-05-15 06:30:00+00:00,2025-05-15 09:30:00+00:00,8559.9,8566.843767857143,8539.06869642857,8539.06869642857,3.0,TP,12
UK100.cash,1,2025-05-16 07:45:00+00:00,2025-05-16 09:45:00+00:00,8638.4,8630.71017857143,8661.46946428571,8661.46946428571,3.0,TP,8
UK100.cash,1,2025-05-19 16:45:00+00:00,2025-05-20 13:45:00+00:00,8654.5,8621.680178571429,8752.959464285714,8752.959464285714,3.0,TP,80
UK100.cash,1,2025-05-20 14:15:00+00:00,2025-05-20 16:00:00+00:00,8745.1,8736.869642857142,8769.791071428575,8769.791071428575,3.0,TP,7
UK100.cash,1,2025-05-20 20:00:00+00:00,2025-05-20 21:15:00+00:00,8792.7,8780.90482142857,8828.085535714292,8780.90482142857,-1.0,SL,5
UK100.cash,1,2025-05-21 02:30:00+00:00,2025-05-21 09:00:00+00:00,8789.3,8765.878232142857,8859.565303571426,8765.878232142857,-1.0,SL,26
UK100.cash,1,2025-05-21 10:30:00+00:00,2025-05-21 20:15:00+00:00,8767.1,8754.923767857143,8803.628696428574,8754.923767857143,-1.0,SL,39
UK100.cash,1,2025-05-22 20:45:00+00:00,2025-05-23 14:15:00+00:00,8766.5,8732.103464285716,8869.689607142853,8732.103464285716,-1.0,SL,66
UK100.cash,1,2025-05-27 03:15:00+00:00,2025-05-29 11:15:00+00:00,8789.9,8716.3175,9010.647500000001,8716.3175,-1.0,SL,216
UK100.cash,1,2025-06-02 03:15:00+00:00,2025-06-02 09:00:00+00:00,8792.5,8762.961714285713,8881.11485714286,8762.961714285713,-1.0,SL,23
UK100.cash,1,2025-06-02 11:30:00+00:00,2025-06-02 17:00:00+00:00,8785.8,8737.274285714286,8931.37714285714,8737.274285714286,-1.0,SL,22
UK100.cash,1,2025-06-02 17:45:00+00:00,2025-06-03 11:15:00+00:00,8769.3,8740.663571428571,8855.209285714283,8740.663571428571,-1.0,SL,66
UK100.cash,1,2025-06-03 12:15:00+00:00,2025-06-04 15:30:00+00:00,8757.4,8737.142303571429,8818.173089285712,8818.173089285712,3.0,TP,105
UK100.cash,1,2025-06-04 16:00:00+00:00,2025-06-04 17:00:00+00:00,8818.0,8793.250571428573,8892.248285714282,8793.250571428573,-1.0,SL,4
UK100.cash,1,2025-06-04 17:45:00+00:00,2025-06-04 18:30:00+00:00,8814.5,8796.132000000001,8869.603999999996,8796.132000000001,-1.0,SL,3
UK100.cash,1,2025-06-04 20:00:00+00:00,2025-06-05 09:00:00+00:00,8801.4,8786.7395,8845.3815,8786.7395,-1.0,SL,48
UK100.cash,1,2025-06-05 10:30:00+00:00,2025-06-05 16:30:00+00:00,8803.2,8790.126625,8842.420125,8790.126625,-1.0,SL,24
UK100.cash,1,2025-06-06 08:00:00+00:00,2025-06-06 10:15:00+00:00,8798.6,8787.917678571428,8830.646964285717,8830.646964285717,3.0,TP,9
UK100.cash,1,2025-06-12 10:30:00+00:00,2025-06-13 03:30:00+00:00,8864.1,8826.306071428571,8977.481785714288,8826.306071428571,-1.0,SL,64
UK100.cash,1,2025-06-13 14:15:00+00:00,2025-06-13 17:45:00+00:00,8860.4,8838.589625,8925.831124999997,8838.589625,-1.0,SL,14
UK100.cash,-1,2025-06-16 08:00:00+00:00,2025-06-16 08:15:00+00:00,8834.7,8841.644285714287,8813.867142857143,8841.644285714287,-1.0,SL,1
UK100.cash,1,2025-06-16 10:30:00+00:00,2025-06-16 20:45:00+00:00,8867.9,8854.155535714286,8909.13339285714,8854.155535714286,-1.0,SL,41
UK100.cash,-1,2025-06-17 20:15:00+00:00,2025-06-18 21:00:00+00:00,8848.3,8860.094107142857,8812.917678571426,8860.094107142857,-1.0,SL,95
UK100.cash,-1,2025-06-19 08:15:00+00:00,2025-06-19 09:30:00+00:00,8849.1,8862.054464285715,8810.236607142857,8810.236607142857,3.0,TP,5
UK100.cash,-1,2025-06-19 10:00:00+00:00,2025-06-19 13:45:00+00:00,8806.4,8825.406964285714,8749.379107142857,8825.406964285714,-1.0,SL,15
UK100.cash,-1,2025-06-19 14:30:00+00:00,2025-06-19 16:15:00+00:00,8811.4,8829.396428571428,8757.410714285714,8829.396428571428,-1.0,SL,7
UK100.cash,-1,2025-06-19 18:00:00+00:00,2025-06-20 01:45:00+00:00,8810.1,8826.249642857143,8761.651071428572,8826.249642857143,-1.0,SL,23
UK100.cash,-1,2025-06-20 12:00:00+00:00,2025-06-20 12:30:00+00:00,8822.1,8838.0425,8774.272500000003,8838.0425,-1.0,SL,2
UK100.cash,-1,2025-06-20 13:30:00+00:00,2025-06-20 17:30:00+00:00,8828.8,8845.98732142857,8777.238035714285,8777.238035714285,3.0,TP,16
UK100.cash,-1,2025-06-23 09:30:00+00:00,2025-06-23 10:00:00+00:00,8732.7,8746.789625,8690.431125000005,8746.789625,-1.0,SL,2
UK100.cash,-1,2025-06-23 14:00:00+00:00,2025-06-24 01:00:00+00:00,8767.9,8787.389267857143,8709.43219642857,8787.389267857143,-1.0,SL,40
UK100.cash,-1,2025-06-25 11:30:00+00:00,2025-06-25 16:30:00+00:00,8776.0,8790.433553571427,8732.699339285718,8732.699339285718,3.0,TP,20
UK100.cash,1,2025-06-27 18:00:00+00:00,2025-06-30 10:00:00+00:00,8774.5,8761.795964285715,8812.612107142855,8812.612107142855,3.0,TP,56
UK100.cash,1,2025-06-30 13:30:00+00:00,2025-06-30 16:15:00+00:00,8780.9,8769.458196428572,8815.225410714283,8769.458196428572,-1.0,SL,11
UK100.cash,1,2025-07-01 03:00:00+00:00,2025-07-01 11:00:00+00:00,8777.1,8757.271267857142,8836.586196428574,8757.271267857142,-1.0,SL,32
UK100.cash,-1,2025-07-01 13:00:00+00:00,2025-07-01 16:45:00+00:00,8737.8,8764.722482142857,8657.032553571426,8764.722482142857,-1.0,SL,15
UK100.cash,1,2025-07-01 20:45:00+00:00,2025-07-02 03:00:00+00:00,8793.9,8778.784428571429,8839.246714285711,8778.784428571429,-1.0,SL,21
UK100.cash,1,2025-07-02 05:45:00+00:00,2025-07-02 09:15:00+00:00,8789.3,8780.134428571428,8816.796714285714,8816.796714285714,3.0,TP,14
UK100.cash,1,2025-07-02 17:30:00+00:00,2025-07-08 17:00:00+00:00,8768.1,8742.006392857144,8846.380821428571,8846.380821428571,3.0,TP,358
UK100.cash,1,2025-07-09 05:15:00+00:00,2025-07-09 08:15:00+00:00,8857.7,8851.485375,8876.343875000002,8851.485375,-1.0,SL,12
UK100.cash,1,2025-07-09 10:00:00+00:00,2025-07-09 23:00:00+00:00,8865.5,8851.820553571428,8906.538339285717,8906.538339285717,3.0,TP,52
UK100.cash,1,2025-07-10 09:15:00+00:00,2025-07-10 10:30:00+00:00,8909.8,8896.672857142858,8949.181428571424,8949.181428571424,3.0,TP,5
UK100.cash,1,2025-07-10 12:30:00+00:00,2025-07-10 16:30:00+00:00,8972.6,8939.427142857143,9072.118571428573,8939.427142857143,-1.0,SL,16
UK100.cash,1,2025-07-10 17:15:00+00:00,2025-07-11 12:00:00+00:00,8970.3,8938.661785714285,9065.214642857143,8938.661785714285,-1.0,SL,71
UK100.cash,1,2025-07-11 20:15:00+00:00,2025-07-14 01:00:00+00:00,8937.2,8926.006428571429,8970.780714285716,8926.006428571429,-1.0,SL,11
UK100.cash,1,2025-07-14 10:15:00+00:00,2025-07-16 09:30:00+00:00,8953.2,8919.13769642857,9055.386910714293,8919.13769642857,-1.0,SL,181
UK100.cash,1,2025-07-16 15:30:00+00:00,2025-07-16 17:30:00+00:00,8965.33,8955.014785714286,8996.275642857143,8955.014785714286,-1.0,SL,8
UK100.cash,1,2025-07-17 21:00:00+00:00,2025-07-22 10:00:00+00:00,8969.4,8954.050535714287,9015.448392857139,9015.448392857139,3.0,TP,228
UK100.cash,1,2025-07-24 09:30:00+00:00,2025-07-24 09:45:00+00:00,9113.6,9101.4675,9149.9975,9101.4675,-1.0,SL,1
UK100.cash,1,2025-07-24 11:45:00+00:00,2025-07-25 10:00:00+00:00,9134.9,9103.040714285715,9230.477857142854,9103.040714285715,-1.0,SL,85
UK100.cash,1,2025-07-25 18:00:00+00:00,2025-07-28 15:00:00+00:00,9122.7,9097.280892857143,9198.957321428574,9097.280892857143,-1.0,SL,76
UK100.cash,1,2025-07-29 09:30:00+00:00,2025-07-29 09:45:00+00:00,9096.5,9087.618392857143,9123.144821428572,9087.618392857143,-1.0,SL,1
UK100.cash,1,2025-07-29 13:30:00+00:00,2025-07-30 10:00:00+00:00,9143.3,9110.615714285714,9241.352857142856,9110.615714285714,-1.0,SL,78
UK100.cash,1,2025-07-30 21:00:00+00:00,2025-07-30 21:15:00+00:00,9147.93,9139.915928571429,9171.972214285715,9139.915928571429,-1.0,SL,1
UK100.cash,1,2025-07-30 23:15:00+00:00,2025-07-31 21:15:00+00:00,9148.47,9109.942928571429,9264.051214285711,9109.942928571429,-1.0,SL,84
UK100.cash,-1,2025-08-01 08:45:00+00:00,2025-08-04 18:00:00+00:00,9099.4,9126.769107142858,9017.292678571424,9126.769107142858,-1.0,SL,125
UK100.cash,1,2025-08-04 20:15:00+00:00,2025-08-07 01:00:00+00:00,9137.7,9120.43625,9189.491250000001,9120.43625,-1.0,SL,199
UK100.cash,-1,2025-08-07 14:30:00+00:00,2025-08-11 10:15:00+00:00,9102.7,9127.82107142857,9027.336785714291,9127.82107142857,-1.0,SL,163
UK100.cash,1,2025-08-12 02:15:00+00:00,2025-08-12 10:00:00+00:00,9128.4,9120.593928571428,9151.818214285713,9151.818214285713,3.0,TP,31
UK100.cash,1,2025-08-12 10:30:00+00:00,2025-08-12 14:00:00+00:00,9159.3,9138.409464285714,9221.971607142854,9138.409464285714,-1.0,SL,14
UK100.cash,1,2025-08-12 16:00:00+00:00,2025-08-12 16:30:00+00:00,9150.9,9129.909714285715,9213.870857142852,9129.909714285715,-1.0,SL,2
UK100.cash,1,2025-08-12 18:00:00+00:00,2025-08-14 21:30:00+00:00,9142.2,9121.695964285715,9203.71210714286,9203.71210714286,3.0,TP,198
UK100.cash,1,2025-08-18 06:30:00+00:00,2025-08-18 09:00:00+00:00,9163.9,9158.418375000001,9180.344874999995,9158.418375000001,-1.0,SL,10
UK100.cash,-1,2025-08-18 09:30:00+00:00,2025-08-18 10:00:00+00:00,9159.5,9165.149482142859,9142.551553571424,9165.149482142859,-1.0,SL,2
UK100.cash,-1,2025-08-18 11:00:00+00:00,2025-08-18 18:45:00+00:00,9138.3,9162.267696428571,9066.396910714284,9162.267696428571,-1.0,SL,31
UK100.cash,1,2025-08-18 20:15:00+00:00,2025-08-20 17:15:00+00:00,9172.4,9131.23125,9295.906249999996,9295.906249999996,3.0,TP,172
UK100.cash,1,2025-08-20 19:30:00+00:00,2025-08-21 11:45:00+00:00,9300.9,9281.225714285714,9359.922857142856,9281.225714285714,-1.0,SL,61
UK100.cash,1,2025-08-21 14:30:00+00:00,2025-08-22 01:00:00+00:00,9273.1,9257.295,9320.515000000001,9320.515000000001,3.0,TP,38
UK100.cash,1,2025-08-22 11:15:00+00:00,2025-08-22 16:30:00+00:00,9298.6,9286.685892857142,9334.342321428576,9334.342321428576,3.0,TP,21
UK100.cash,1,2025-08-22 17:30:00+00:00,2025-08-26 03:00:00+00:00,9349.3,9311.645535714286,9462.26339285714,9311.645535714286,-1.0,SL,22
UK100.cash,1,2025-08-26 21:45:00+00:00,2025-08-27 10:30:00+00:00,9290.6,9277.100535714286,9331.098392857144,9277.100535714286,-1.0,SL,47
UK100.cash,-1,2025-08-27 16:15:00+00:00,2025-09-02 10:30:00+00:00,9241.5,9272.93857142857,9147.184285714287,9147.184285714287,3.0,TP,337
UK100.cash,-1,2025-09-02 14:00:00+00:00,2025-09-02 15:45:00+00:00,9156.6,9169.747839285714,9117.15648214286,9117.15648214286,3.0,TP,7
UK100.cash,-1,2025-09-03 02:15:00+00:00,2025-09-03 10:15:00+00:00,9154.4,9169.568892857144,9108.893321428568,9108.893321428568,3.0,TP,32
UK100.cash,-1,2025-09-03 14:15:00+00:00,2025-09-03 15:45:00+00:00,9163.4,9171.901964285715,9137.894107142854,9137.894107142854,3.0,TP,6
UK100.cash,1,2025-09-04 17:00:00+00:00,2025-09-05 17:45:00+00:00,9220.94,9199.203839285714,9286.14848214286,9199.203839285714,-1.0,SL,95
UK100.cash,1,2025-09-05 22:00:00+00:00,2025-09-08 16:45:00+00:00,9219.3,9200.7895,9274.831499999995,9200.7895,-1.0,SL,67
UK100.cash,1,2025-09-08 21:45:00+00:00,2025-09-10 11:00:00+00:00,9224.0,9207.489107142857,9273.532678571428,9273.532678571428,3.0,TP,141
UK100.cash,1,2025-09-10 13:00:00+00:00,2025-09-10 16:15:00+00:00,9266.1,9244.287142857143,9331.538571428571,9244.287142857143,-1.0,SL,13
UK100.cash,1,2025-09-11 08:45:00+00:00,2025-09-11 10:15:00+00:00,9244.5,9236.374125,9268.877625,9268.877625,3.0,TP,6
UK100.cash,1,2025-09-12 14:00:00+00:00,2025-09-12 17:00:00+00:00,9333.8,9318.841964285713,9378.674107142857,9318.841964285713,-1.0,SL,12
UK100.cash,1,2025-09-16 04:30:00+00:00,2025-09-16 10:00:00+00:00,9280.4,9273.050392857143,9302.448821428568,9273.050392857143,-1.0,SL,22
UK100.cash,-1,2025-09-16 15:15:00+00:00,2025-09-16 17:00:00+00:00,9244.5,9257.675160714287,9204.97451785714,9204.97451785714,3.0,TP,7
UK100.cash,-1,2025-09-17 01:30:00+00:00,2025-09-17 03:00:00+00:00,9199.27,9207.627107142856,9174.198678571433,9207.627107142856,-1.0,SL,6
UK100.cash,-1,2025-09-17 10:30:00+00:00,2025-09-17 11:30:00+00:00,9202.6,9219.269642857143,9152.591071428571,9219.269642857143,-1.0,SL,4
UK100.cash,-1,2025-09-17 17:30:00+00:00,2025-09-18 17:15:00+00:00,9224.8,9244.649285714286,9165.25214285714,9244.649285714286,-1.0,SL,91
UK100.cash,-1,2025-09-19 08:45:00+00:00,2025-09-19 09:00:00+00:00,9226.5,9236.53232142857,9196.403035714287,9236.53232142857,-1.0,SL,1
UK100.cash,-1,2025-09-19 10:30:00+00:00,2025-09-22 20:30:00+00:00,9226.9,9249.897142857144,9157.908571428567,9249.897142857144,-1.0,SL,128
UK100.cash,1,2025-09-23 03:00:00+00:00,2025-09-23 11:30:00+00:00,9240.2,9233.32092857143,9260.837214285715,9260.837214285715,3.0,TP,34
UK100.cash,1,2025-09-23 12:00:00+00:00,2025-09-23 13:00:00+00:00,9263.4,9242.059321428571,9327.422035714286,9242.059321428571,-1.0,SL,4
UK100.cash,1,2025-09-23 15:15:00+00:00,2025-09-23 18:30:00+00:00,9241.6,9225.171803571428,9290.884589285719,9225.171803571428,-1.0,SL,13
UK100.cash,-1,2025-09-24 10:30:00+00:00,2025-09-24 15:30:00+00:00,9180.6,9225.351071428573,9046.346785714282,9225.351071428573,-1.0,SL,20
UK100.cash,-1,2025-09-25 12:15:00+00:00,2025-09-25 23:45:00+00:00,9225.1,9242.149125,9173.952625000002,9242.149125,-1.0,SL,46
UK100.cash,-1,2025-09-26 06:30:00+00:00,2025-09-26 10:30:00+00:00,9228.5,9239.560660714285,9195.318017857144,9239.560660714285,-1.0,SL,16
UK100.cash,1,2025-09-26 11:00:00+00:00,2025-09-29 02:45:00+00:00,9241.5,9218.718571428572,9309.844285714285,9309.844285714285,3.0,TP,55
UK100.cash,1,2025-09-29 07:30:00+00:00,2025-09-29 10:00:00+00:00,9316.3,9306.020571428571,9347.138285714283,9306.020571428571,-1.0,SL,10
UK100.cash,1,2025-09-29 10:45:00+00:00,2025-09-29 16:15:00+00:00,9346.5,9313.388928571429,9445.833214285714,9313.388928571429,-1.0,SL,22
UK100.cash,1,2025-09-29 18:00:00+00:00,2025-09-29 18:30:00+00:00,9311.6,9294.454642857143,9363.036071428573,9294.454642857143,-1.0,SL,2
UK100.cash,1,2025-09-30 02:00:00+00:00,2025-09-30 09:45:00+00:00,9297.1,9288.45875,9323.023750000002,9288.45875,-1.0,SL,31
UK100.cash,1,2025-09-30 12:15:00+00:00,2025-09-30 14:15:00+00:00,9279.6,9268.743035714286,9312.170892857144,9312.170892857144,3.0,TP,8
UK100.cash,1,2025-09-30 16:30:00+00:00,2025-10-01 11:30:00+00:00,9333.1,9310.160714285716,9401.917857142855,9401.917857142855,3.0,TP,72
UK100.cash,1,2025-10-02 07:15:00+00:00,2025-10-02 09:45:00+00:00,9477.4,9469.886267857142,9499.941196428572,9469.886267857142,-1.0,SL,10
UK100.cash,1,2025-10-02 11:45:00+00:00,2025-10-02 17:15:00+00:00,9446.1,9429.941982142856,9494.574053571432,9429.941982142856,-1.0,SL,22
UK100.cash,1,2025-10-03 03:45:00+00:00,2025-10-03 11:30:00+00:00,9438.7,9425.97394642857,9476.878160714292,9476.878160714292,3.0,TP,31
UK100.cash,1,2025-10-03 12:30:00+00:00,2025-10-10 18:00:00+00:00,9487.0,9452.933946428571,9589.198160714286,9452.933946428571,-1.0,SL,478
UK100.cash,-1,2025-10-13 07:15:00+00:00,2025-10-13 09:00:00+00:00,9420.3,9440.085732142858,9360.942803571425,9440.085732142858,-1.0,SL,7
UK100.cash,-1,2025-10-13 11:30:00+00:00,2025-10-13 20:00:00+00:00,9442.5,9456.941982142858,9399.174053571425,9456.941982142858,-1.0,SL,34
UK100.cash,-1,2025-10-13 22:00:00+00:00,2025-10-14 03:30:00+00:00,9443.4,9457.5825,9400.852499999997,9457.5825,-1.0,SL,18
UK100.cash,-1,2025-10-14 07:30:00+00:00,2025-10-14 12:00:00+00:00,9418.1,9441.923928571428,9346.628214285716,9441.923928571428,-1.0,SL,18
UK100.cash,-1,2025-10-14 13:00:00+00:00,2025-10-14 17:15:00+00:00,9417.5,9443.394107142858,9339.817678571426,9443.394107142858,-1.0,SL,17
UK100.cash,-1,2025-10-15 10:30:00+00:00,2025-10-17 04:45:00+00:00,9452.0,9486.768214285714,9347.695357142858,9347.695357142858,3.0,TP,161
UK100.cash,-1,2025-10-17 08:30:00+00:00,2025-10-17 10:15:00+00:00,9330.8,9346.366607142858,9284.100178571423,9284.100178571423,3.0,TP,7
UK100.cash,1,2025-10-21 14:30:00+00:00,2025-10-21 16:45:00+00:00,9433.1,9419.568392857143,9473.694821428571,9419.568392857143,-1.0,SL,9
UK100.cash,1,2025-10-21 18:00:00+00:00,2025-10-21 23:00:00+00:00,9430.1,9404.044642857143,9508.266071428572,9404.044642857143,-1.0,SL,20
UK100.cash,1,2025-10-22 05:15:00+00:00,2025-10-22 09:00:00+00:00,9419.0,9412.672142857142,9437.983571428575,9437.983571428575,3.0,TP,15
UK100.cash,1,2025-10-22 09:30:00+00:00,2025-10-23 16:00:00+00:00,9459.7,9419.215,9581.155000000002,9581.155000000002,3.0,TP,118
UK100.cash,1,2025-10-24 12:45:00+00:00,2025-10-24 18:15:00+00:00,9583.3,9563.437321428572,9642.888035714283,9642.888035714283,3.0,TP,22
UK100.cash,-1,2025-11-04 08:30:00+00:00,2025-11-04 16:45:00+00:00,9654.7,9690.671964285715,9546.784107142857,9690.671964285715,-1.0,SL,33
UK100.cash,-1,2025-11-05 02:15:00+00:00,2025-11-05 03:15:00+00:00,9696.3,9709.830714285714,9655.707857142856,9655.707857142856,3.0,TP,4
UK100.cash,1,2025-11-05 17:00:00+00:00,2025-11-06 19:15:00+00:00,9769.7,9711.283214285715,9944.950357142858,9711.283214285715,-1.0,SL,101
UK100.cash,-1,2025-11-07 13:30:00+00:00,2025-11-07 17:30:00+00:00,9650.5,9687.751785714285,9538.744642857146,9687.751785714285,-1.0,SL,16
UK100.cash,1,2025-11-10 01:15:00+00:00,2025-11-10 19:30:00+00:00,9744.87,9721.181232142857,9815.936303571432,9815.936303571432,3.0,TP,73
UK100.cash,1,2025-11-11 04:15:00+00:00,2025-11-13 14:30:00+00:00,9875.9,9838.77125,9987.28625,9838.77125,-1.0,SL,225
UK100.cash,-1,2025-11-13 20:15:00+00:00,2025-11-13 22:45:00+00:00,9780.1,9794.226071428571,9737.721785714288,9737.721785714288,3.0,TP,10
UK100.cash,-1,2025-11-14 08:30:00+00:00,2025-11-14 09:45:00+00:00,9757.5,9770.010910714285,9719.967267857144,9719.967267857144,3.0,TP,5
UK100.cash,-1,2025-11-14 13:30:00+00:00,2025-11-14 16:45:00+00:00,9649.8,9676.260732142857,9570.417803571427,9676.260732142857,-1.0,SL,13
UK100.cash,-1,2025-11-17 03:30:00+00:00,2025-11-17 10:00:00+00:00,9688.6,9703.540160714287,9643.779517857141,9703.540160714287,-1.0,SL,26
UK100.cash,-1,2025-11-17 11:15:00+00:00,2025-11-17 21:15:00+00:00,9688.9,9705.644089285715,9638.667732142852,9638.667732142852,3.0,TP,40
UK100.cash,1,2025-11-26 07:30:00+00:00,2025-11-26 10:00:00+00:00,9636.8,9624.924464285714,9672.426607142856,9624.924464285714,-1.0,SL,10
UK100.cash,1,2025-11-26 15:15:00+00:00,2025-12-17 10:45:00+00:00,9646.0,9592.12125,9807.63625,9807.63625,3.0,TP,1344
UK100.cash,1,2026-01-08 17:00:00+00:00,2026-01-09 12:45:00+00:00,10034.7,10014.369464285714,10095.691607142862,10095.691607142862,3.0,TP,75
UK100.cash,1,2026-01-12 08:30:00+00:00,2026-01-12 09:30:00+00:00,10116.4,10110.580321428572,10133.859035714284,10110.580321428572,-1.0,SL,4
UK100.cash,1,2026-01-13 08:00:00+00:00,2026-01-13 08:15:00+00:00,10147.5,10134.816625,10185.550125000002,10134.816625,-1.0,SL,1
UK100.cash,1,2026-01-13 18:00:00+00:00,2026-01-20 10:30:00+00:00,10142.7,10094.9025,10286.092500000002,10094.9025,-1.0,SL,422
UK100.cash,-1,2026-01-20 10:45:00+00:00,2026-01-21 09:00:00+00:00,10087.1,10132.842857142858,9949.871428571429,10132.842857142858,-1.0,SL,85
UK100.cash,-1,2026-01-21 12:15:00+00:00,2026-01-21 16:00:00+00:00,10112.8,10132.661410714287,10053.215767857137,10132.661410714287,-1.0,SL,15
UK100.cash,1,2026-01-22 09:00:00+00:00,2026-01-22 09:15:00+00:00,10211.1,10199.659107142857,10245.422678571429,10199.659107142857,-1.0,SL,1
UK100.cash,1,2026-01-22 12:15:00+00:00,2026-01-22 12:30:00+00:00,10223.2,10205.890535714285,10275.128392857148,10205.890535714285,-1.0,SL,1
UK100.cash,1,2026-01-22 14:45:00+00:00,2026-01-22 17:00:00+00:00,10189.5,10155.837142857143,10290.488571428572,10155.837142857143,-1.0,SL,9
UK100.cash,-1,2026-01-23 09:45:00+00:00,2026-01-23 10:00:00+00:00,10143.1,10156.854821428573,10101.835535714283,10156.854821428573,-1.0,SL,1
UK100.cash,-1,2026-01-23 12:00:00+00:00,2026-01-26 10:15:00+00:00,10151.2,10177.556071428571,10072.13178571429,10177.556071428571,-1.0,SL,81
UK100.cash,-1,2026-01-26 11:00:00+00:00,2026-01-26 16:30:00+00:00,10141.8,10176.034089285715,10039.097732142853,10176.034089285715,-1.0,SL,22
UK100.cash,1,2026-01-27 04:15:00+00:00,2026-01-28 14:45:00+00:00,10169.3,10148.743392857143,10230.969821428569,10148.743392857143,-1.0,SL,134
UK100.cash,1,2026-01-29 04:45:00+00:00,2026-01-29 14:15:00+00:00,10163.8,10141.528607142858,10230.614178571423,10230.614178571423,3.0,TP,38
UK100.cash,1,2026-01-29 15:30:00+00:00,2026-01-29 17:00:00+00:00,10247.16,10224.436964285715,10315.329107142856,10224.436964285715,-1.0,SL,6
UK100.cash,1,2026-01-30 14:00:00+00:00,2026-01-30 20:15:00+00:00,10215.0,10180.846964285714,10317.459107142857,10180.846964285714,-1.0,SL,25
UK100.cash,1,2026-01-30 21:15:00+00:00,2026-02-02 04:30:00+00:00,10219.5,10176.48375,10348.548750000002,10176.48375,-1.0,SL,21
UK100.cash,1,2026-02-02 10:00:00+00:00,2026-02-02 11:45:00+00:00,10144.0,10118.012696428572,10221.961910714284,10221.961910714284,3.0,TP,7
UK100.cash,1,2026-02-03 01:15:00+00:00,2026-02-03 03:00:00+00:00,10344.47,10324.524285714286,10404.30714285714,10324.524285714286,-1.0,SL,7
UK100.cash,1,2026-02-03 06:00:00+00:00,2026-02-03 10:15:00+00:00,10324.5,10310.492857142857,10366.521428571428,10366.521428571428,3.0,TP,17
UK100.cash,1,2026-02-03 23:00:00+00:00,2026-02-04 12:00:00+00:00,10293.47,10254.894107142856,10409.197678571429,10409.197678571429,3.0,TP,48
UK100.cash,1,2026-02-04 14:00:00+00:00,2026-02-04 18:15:00+00:00,10462.1,10419.045,10591.265000000001,10419.045,-1.0,SL,17
UK100.cash,1,2026-02-04 22:15:00+00:00,2026-02-04 23:00:00+00:00,10420.6,10391.3275,10508.417500000003,10391.3275,-1.0,SL,3
UK100.cash,1,2026-02-05 02:45:00+00:00,2026-02-05 04:00:00+00:00,10428.9,10407.924642857142,10491.826071428572,10407.924642857142,-1.0,SL,5
UK100.cash,1,2026-02-05 07:00:00+00:00,2026-02-05 09:45:00+00:00,10397.2,10380.940892857143,10445.977321428574,10380.940892857143,-1.0,SL,11
UK100.cash,-1,2026-02-06 07:00:00+00:00,2026-02-06 07:45:00+00:00,10240.6,10266.128660714285,10164.014017857147,10266.128660714285,-1.0,SL,3
UK100.cash,1,2026-02-06 17:00:00+00:00,2026-02-09 16:15:00+00:00,10356.74,10317.046785714285,10475.819642857145,10317.046785714285,-1.0,SL,85
UK100.cash,1,2026-02-09 18:30:00+00:00,2026-02-10 10:30:00+00:00,10382.0,10334.363035714287,10524.91089285714,10334.363035714287,-1.0,SL,60
UK100.cash,1,2026-02-10 19:30:00+00:00,2026-02-11 16:15:00+00:00,10377.1,10347.89392857143,10464.718214285713,10464.718214285713,3.0,TP,79
UK100.cash,1,2026-02-12 06:00:00+00:00,2026-02-12 10:15:00+00:00,10513.3,10496.23925,10564.482249999995,10496.23925,-1.0,SL,17
UK100.cash,1,2026-02-12 11:15:00+00:00,2026-02-12 12:15:00+00:00,10517.0,10485.473750000001,10611.578749999997,10485.473750000001,-1.0,SL,4
UK100.cash,1,2026-02-16 01:15:00+00:00,2026-02-17 18:30:00+00:00,10452.07,10416.851089285714,10557.726732142857,10557.726732142857,3.0,TP,157
UK100.cash,1,2026-02-18 10:30:00+00:00,2026-02-20 17:00:00+00:00,10611.3,10565.675892857143,10748.172321428567,10748.172321428567,3.0,TP,210
UK100.cash,1,2026-02-20 20:15:00+00:00,2026-02-23 03:00:00+00:00,10692.4,10664.861285714287,10775.016142857137,10664.861285714287,-1.0,SL,19
UK100.cash,1,2026-02-23 09:45:00+00:00,2026-02-23 16:30:00+00:00,10670.3,10654.545732142857,10717.562803571427,10717.562803571427,3.0,TP,27
UK100.cash,1,2026-02-23 20:30:00+00:00,2026-02-24 04:00:00+00:00,10691.6,10655.916607142857,10798.65017857143,10655.916607142857,-1.0,SL,26
UK100.cash,1,2026-02-24 04:45:00+00:00,2026-02-24 10:00:00+00:00,10665.5,10656.864107142857,10691.407678571428,10656.864107142857,-1.0,SL,21
UK100.cash,1,2026-02-24 13:45:00+00:00,2026-02-25 10:00:00+00:00,10676.3,10653.660535714285,10744.218392857141,10744.218392857141,3.0,TP,77
UK100.cash,1,2026-02-25 10:30:00+00:00,2026-03-03 08:45:00+00:00,10771.0,10705.004660714285,10968.986017857145,10705.004660714285,-1.0,SL,357
UK100.cash,-1,2026-03-03 12:30:00+00:00,2026-03-03 19:30:00+00:00,10466.0,10520.542142857144,10302.373571428567,10520.542142857144,-1.0,SL,28
UK100.cash,-1,2026-03-03 23:00:00+00:00,2026-03-04 08:00:00+00:00,10527.97,10549.931607142857,10462.085178571428,10462.085178571428,3.0,TP,32
UK100.cash,-1,2026-03-05 03:15:00+00:00,2026-03-05 15:30:00+00:00,10610.8,10640.486625,10521.740124999998,10521.740124999998,3.0,TP,49
UK100.cash,-1,2026-03-05 17:45:00+00:00,2026-03-06 15:45:00+00:00,10458.3,10516.670678571429,10283.187964285711,10283.187964285711,3.0,TP,84
UK100.cash,-1,2026-03-09 03:45:00+00:00,2026-03-09 09:00:00+00:00,10131.8,10197.092767857142,9935.92169642857,10197.092767857142,-1.0,SL,21
UK100.cash,-1,2026-03-09 11:30:00+00:00,2026-03-09 12:30:00+00:00,10091.5,10165.440696428572,9869.677910714285,10165.440696428572,-1.0,SL,4
UK100.cash,-1,2026-03-09 16:00:00+00:00,2026-03-09 16:15:00+00:00,10148.5,10193.29017857143,10014.129464285712,10193.29017857143,-1.0,SL,1
UK100.cash,-1,2026-03-11 08:30:00+00:00,2026-03-11 10:45:00+00:00,10399.9,10416.364821428571,10350.505535714285,10350.505535714285,3.0,TP,9
UK100.cash,-1,2026-03-11 11:00:00+00:00,2026-03-12 06:30:00+00:00,10359.8,10398.327678571428,10244.216964285713,10244.216964285713,3.0,TP,74
UK100.cash,-1,2026-03-12 15:15:00+00:00,2026-03-13 16:30:00+00:00,10305.3,10347.981785714286,10177.254642857139,10347.981785714286,-1.0,SL,97
UK100.cash,-1,2026-03-13 17:30:00+00:00,2026-03-16 16:45:00+00:00,10322.6,10369.348089285715,10182.355732142856,10369.348089285715,-1.0,SL,89
UK100.cash,1,2026-03-17 08:00:00+00:00,2026-03-17 08:45:00+00:00,10328.9,10319.765392857144,10356.303821428568,10319.765392857144,-1.0,SL,3
UK100.cash,1,2026-03-17 11:30:00+00:00,2026-03-17 15:00:00+00:00,10329.1,10306.591821428572,10396.624535714285,10396.624535714285,3.0,TP,14
UK100.cash,1,2026-03-18 03:30:00+00:00,2026-03-18 08:30:00+00:00,10365.8,10352.122125,10406.833624999997,10406.833624999997,3.0,TP,20
UK100.cash,1,2026-03-18 11:30:00+00:00,2026-03-18 15:00:00+00:00,10420.3,10405.239446428572,10465.481660714282,10405.239446428572,-1.0,SL,14
UK100.cash,-1,2026-03-19 01:30:00+00:00,2026-03-19 04:45:00+00:00,10206.17,10234.265107142857,10121.884678571429,10234.265107142857,-1.0,SL,13
UK100.cash,-1,2026-03-19 07:15:00+00:00,2026-03-19 11:30:00+00:00,10209.0,10240.273374999999,10115.179875000003,10115.179875000003,3.0,TP,17
UK100.cash,-1,2026-03-19 15:30:00+00:00,2026-03-19 22:00:00+00:00,10018.59,10085.845892857144,9816.82232142857,10085.845892857144,-1.0,SL,26
UK100.cash,-1,2026-03-20 12:30:00+00:00,2026-03-20 17:00:00+00:00,10079.2,10111.378035714286,9982.665892857145,9982.665892857145,3.0,TP,18
UK100.cash,-1,2026-03-20 17:15:00+00:00,2026-03-25 13:30:00+00:00,9980.2,10089.948750000001,9650.953749999999,10089.948750000001,-1.0,SL,261
UK100.cash,1,2026-03-25 13:30:00+00:00,2026-03-25 18:15:00+00:00,10075.8,10044.456607142858,10169.830178571423,10044.456607142858,-1.0,SL,19
UK100.cash,1,2026-03-25 19:45:00+00:00,2026-03-26 01:15:00+00:00,10114.5,10074.936964285715,10233.189107142856,10074.936964285715,-1.0,SL,18
UK100.cash,1,2026-03-26 03:15:00+00:00,2026-03-26 05:15:00+00:00,10082.5,10067.190892857143,10128.427321428571,10067.190892857143,-1.0,SL,8
UK100.cash,-1,2026-03-27 03:45:00+00:00,2026-03-27 04:15:00+00:00,9946.2,9969.711785714286,9875.664642857146,9969.711785714286,-1.0,SL,2
UK100.cash,-1,2026-03-27 10:00:00+00:00,2026-03-27 11:00:00+00:00,9990.0,10012.430535714286,9922.708392857143,10012.430535714286,-1.0,SL,4
UK100.cash,-1,2026-03-27 11:45:00+00:00,2026-03-30 11:00:00+00:00,9945.2,10014.019107142858,9738.742678571429,10014.019107142858,-1.0,SL,89
UK100.cash,1,2026-03-30 23:00:00+00:00,2026-03-31 03:00:00+00:00,10067.97,10040.345535714287,10150.843392857138,10040.345535714287,-1.0,SL,12
UK100.cash,1,2026-03-31 04:00:00+00:00,2026-03-31 19:30:00+00:00,10096.0,10034.120196428572,10281.639410714284,10281.639410714284,3.0,TP,62
UK100.cash,1,2026-04-01 11:45:00+00:00,2026-04-01 17:00:00+00:00,10346.1,10305.0775,10469.167500000003,10305.0775,-1.0,SL,21
UK100.cash,1,2026-04-01 19:00:00+00:00,2026-04-02 04:30:00+00:00,10394.2,10334.089875,10574.530375000004,10334.089875,-1.0,SL,34
UK100.cash,1,2026-04-02 09:30:00+00:00,2026-04-02 10:15:00+00:00,10267.6,10251.703232142858,10315.290303571428,10315.290303571428,3.0,TP,3
UK100.cash,1,2026-04-07 22:45:00+00:00,2026-04-08 01:00:00+00:00,10393.7,10366.354285714286,10475.737142857146,10475.737142857146,3.0,TP,5
UK100.cash,1,2026-04-08 02:00:00+00:00,2026-04-21 20:00:00+00:00,10562.67,10458.598928571428,10874.883214285717,10458.598928571428,-1.0,SL,892
UK100.cash,-1,2026-04-22 04:30:00+00:00,2026-04-22 08:15:00+00:00,10463.6,10481.014107142857,10411.35767857143,10481.014107142857,-1.0,SL,15
UK100.cash,-1,2026-04-22 11:45:00+00:00,2026-04-22 18:30:00+00:00,10501.0,10514.310714285715,10461.067857142854,10461.067857142854,3.0,TP,27
UK100.cash,-1,2026-04-23 03:30:00+00:00,2026-04-23 12:00:00+00:00,10440.9,10462.172678571427,10377.081964285717,10377.081964285717,3.0,TP,34
UK100.cash,-1,2026-04-23 12:00:00+00:00,2026-04-23 15:00:00+00:00,10389.1,10424.110357142858,10284.068928571429,10424.110357142858,-1.0,SL,12
UK100.cash,-1,2026-04-23 19:00:00+00:00,2026-04-23 20:15:00+00:00,10453.5,10471.792857142857,10398.62142857143,10398.62142857143,3.0,TP,5
UK100.cash,1,2026-05-01 05:15:00+00:00,2026-05-01 09:30:00+00:00,10370.8,10338.384642857143,10468.046071428567,10338.384642857143,-1.0,SL,17
UK100.cash,-1,2026-05-01 12:15:00+00:00,2026-05-01 12:45:00+00:00,10297.3,10326.213214285714,10210.560357142856,10326.213214285714,-1.0,SL,2
UK100.cash,1,2026-05-01 17:00:00+00:00,2026-05-05 03:00:00+00:00,10364.7,10321.952857142856,10492.941428571434,10321.952857142856,-1.0,SL,24
UK100.cash,-1,2026-05-05 08:30:00+00:00,2026-05-05 09:30:00+00:00,10264.4,10285.725178571429,10200.424464285712,10285.725178571429,-1.0,SL,4
UK100.cash,-1,2026-05-05 10:30:00+00:00,2026-05-06 01:45:00+00:00,10264.4,10301.952321428571,10151.743035714286,10301.952321428571,-1.0,SL,57
UK100.cash,1,2026-05-06 09:15:00+00:00,2026-05-06 10:00:00+00:00,10334.3,10320.081607142856,10376.955178571428,10376.955178571428,3.0,TP,3
UK100.cash,1,2026-05-06 12:00:00+00:00,2026-05-07 13:15:00+00:00,10447.2,10356.305357142857,10719.883928571431,10356.305357142857,-1.0,SL,97
UK100.cash,-1,2026-05-08 18:30:00+00:00,2026-05-08 21:00:00+00:00,10229.2,10252.233392857142,10160.099821428576,10252.233392857142,-1.0,SL,10
UK100.cash,-1,2026-05-11 01:15:00+00:00,2026-05-11 08:45:00+00:00,10235.47,10262.095339285715,10155.593982142851,10262.095339285715,-1.0,SL,30
UK100.cash,-1,2026-05-11 12:00:00+00:00,2026-05-11 12:45:00+00:00,10251.6,10265.968910714286,10208.493267857144,10265.968910714286,-1.0,SL,3
UK100.cash,-1,2026-05-11 14:00:00+00:00,2026-05-11 16:00:00+00:00,10240.8,10264.718375,10169.044874999996,10264.718375,-1.0,SL,8
UK100.cash,-1,2026-05-11 19:00:00+00:00,2026-05-12 18:45:00+00:00,10243.7,10274.91,10150.070000000003,10274.91,-1.0,SL,91
UK100.cash,1,2026-05-13 10:00:00+00:00,2026-05-13 10:30:00+00:00,10318.5,10306.318232142858,10355.045303571427,10355.045303571427,3.0,TP,2
UK100.cash,1,2026-05-13 10:30:00+00:00,2026-05-13 12:15:00+00:00,10344.9,10306.225553571428,10460.923339285713,10306.225553571428,-1.0,SL,7
UK100.cash,1,2026-05-13 16:30:00+00:00,2026-05-14 14:15:00+00:00,10274.2,10241.078035714285,10373.565892857148,10373.565892857148,3.0,TP,83
UK100.cash,1,2026-05-14 18:15:00+00:00,2026-05-15 04:15:00+00:00,10358.1,10325.087660714285,10457.137017857145,10325.087660714285,-1.0,SL,36
UK100.cash,-1,2026-05-15 12:30:00+00:00,2026-05-18 04:30:00+00:00,10227.1,10255.462482142857,10142.01255357143,10142.01255357143,3.0,TP,56
UK100.cash,-1,2026-05-18 09:15:00+00:00,2026-05-18 10:00:00+00:00,10137.9,10167.218214285713,10049.94535714286,10167.218214285713,-1.0,SL,3
UK100.cash,1,2026-05-19 06:45:00+00:00,2026-05-19 07:00:00+00:00,10320.3,10303.243053571428,10371.470839285712,10303.243053571428,-1.0,SL,1
UK100.cash,1,2026-05-19 09:30:00+00:00,2026-05-19 21:30:00+00:00,10336.1,10306.86019642857,10423.819410714292,10306.86019642857,-1.0,SL,48
UK100.cash,1,2026-05-20 09:30:00+00:00,2026-05-20 17:30:00+00:00,10288.6,10249.872160714287,10404.78351785714,10404.78351785714,3.0,TP,32
UK100.cash,1,2026-05-21 10:30:00+00:00,2026-05-21 11:30:00+00:00,10380.7,10365.162714285714,10427.31185714286,10427.31185714286,3.0,TP,4
UK100.cash,1,2026-05-21 11:30:00+00:00,2026-05-21 13:30:00+00:00,10416.2,10378.704142857143,10528.687571428574,10378.704142857143,-1.0,SL,8
UK100.cash,1,2026-05-21 17:15:00+00:00,2026-05-28 06:30:00+00:00,10456.4,10397.341607142856,10633.57517857143,10397.341607142856,-1.0,SL,313
UK100.cash,-1,2026-05-28 10:30:00+00:00,2026-05-28 17:00:00+00:00,10403.0,10435.677678571428,10304.966964285715,10435.677678571428,-1.0,SL,26
UK100.cash,-1,2026-05-28 21:00:00+00:00,2026-05-28 22:30:00+00:00,10434.8,10445.966785714285,10401.299642857142,10401.299642857142,3.0,TP,6
UK100.cash,-1,2026-05-29 16:30:00+00:00,2026-05-29 17:45:00+00:00,10434.7,10457.71392857143,10365.658214285715,10457.71392857143,-1.0,SL,5
UK100.cash,-1,2026-05-29 18:45:00+00:00,2026-06-10 13:15:00+00:00,10388.2,10463.634464285715,10161.896607142859,10161.896607142859,3.0,TP,706
UK100.cash,-1,2026-06-10 21:45:00+00:00,2026-06-11 02:00:00+00:00,10216.7,10237.211607142857,10155.165178571431,10155.165178571431,3.0,TP,13
UK100.cash,-1,2026-06-11 05:15:00+00:00,2026-06-11 07:30:00+00:00,10183.8,10213.494982142856,10094.715053571428,10213.494982142856,-1.0,SL,9
UK100.cash,1,2026-06-12 05:15:00+00:00,2026-06-12 08:30:00+00:00,10406.5,10375.9475,10498.1575,10375.9475,-1.0,SL,13
UK100.cash,1,2026-06-12 11:15:00+00:00,2026-06-19 07:00:00+00:00,10454.2,10361.314999999999,10732.855000000007,10361.314999999999,-1.0,SL,439
UK100.cash,-1,2026-06-22 10:30:00+00:00,2026-06-22 13:45:00+00:00,10363.8,10389.643553571428,10286.269339285713,10389.643553571428,-1.0,SL,13
UK100.cash,-1,2026-06-23 04:30:00+00:00,2026-06-23 06:30:00+00:00,10404.4,10426.794107142856,10337.217678571431,10337.217678571431,3.0,TP,8
UK100.cash,-1,2026-06-23 08:45:00+00:00,2026-06-23 10:00:00+00:00,10334.2,10360.635535714286,10254.893392857146,10360.635535714286,-1.0,SL,5
UK100.cash,-1,2026-06-23 11:15:00+00:00,2026-06-23 11:30:00+00:00,10342.5,10366.240357142857,10271.27892857143,10366.240357142857,-1.0,SL,1
UK100.cash,1,2026-06-23 16:45:00+00:00,2026-06-24 07:00:00+00:00,10421.1,10384.309642857143,10531.471071428574,10384.309642857143,-1.0,SL,53
UK100.cash,1,2026-06-24 08:30:00+00:00,2026-06-25 14:00:00+00:00,10410.9,10378.449999999999,10508.250000000002,10508.250000000002,3.0,TP,114
UK100.cash,1,2026-07-13 10:00:00+00:00,2026-07-13 15:00:00+00:00,10498.1,10468.919303571429,10585.642089285715,10468.919303571429,-1.0,SL,20
UK100.cash,1,2026-07-13 17:00:00+00:00,2026-07-13 17:15:00+00:00,10518.2,10479.128392857143,10635.414821428574,10479.128392857143,-1.0,SL,1
JP225.cash,-1,2025-02-17 04:45:00+00:00,2025-02-18 02:00:00+00:00,39137.73,39228.07821428572,38911.859464285706,39228.07821428572,-1.0,SL,65
JP225.cash,1,2025-02-18 05:00:00+00:00,2025-02-18 06:00:00+00:00,39341.73,39277.756785714286,39501.6630357143,39501.6630357143,2.5,TP,4
JP225.cash,1,2025-02-18 13:00:00+00:00,2025-02-18 15:15:00+00:00,39303.73,39270.93535714286,39385.716607142866,39270.93535714286,-1.0,SL,9
JP225.cash,1,2025-02-18 22:15:00+00:00,2025-02-19 02:00:00+00:00,39263.73,39196.86392857143,39430.89517857143,39196.86392857143,-1.0,SL,11
JP225.cash,-1,2025-02-19 12:15:00+00:00,2025-02-19 15:15:00+00:00,39116.73,39179.32339285714,38960.24651785716,38960.24651785716,2.5,TP,12
JP225.cash,-1,2025-02-20 01:15:00+00:00,2025-02-20 02:30:00+00:00,38945.73,39010.73464285715,38783.21839285715,38783.21839285715,2.5,TP,5
JP225.cash,-1,2025-02-20 03:30:00+00:00,2025-02-20 12:00:00+00:00,38705.73,38815.71214285715,38430.77464285714,38815.71214285715,-1.0,SL,34
JP225.cash,-1,2025-02-20 13:30:00+00:00,2025-02-20 16:45:00+00:00,38760.73,38831.24785714286,38584.435357142866,38584.435357142866,2.5,TP,13
JP225.cash,-1,2025-02-21 04:30:00+00:00,2025-02-21 08:00:00+00:00,38695.73,38784.33785714286,38474.21035714286,38784.33785714286,-1.0,SL,14
JP225.cash,-1,2025-02-21 16:45:00+00:00,2025-02-21 19:45:00+00:00,38699.84,38835.92642857143,38359.62392857141,38359.62392857141,2.5,TP,12
JP225.cash,-1,2025-02-26 20:15:00+00:00,2025-02-27 22:00:00+00:00,38207.7,38446.94973214286,37609.57566964284,37609.57566964284,2.5,TP,99
JP225.cash,-1,2025-02-28 12:00:00+00:00,2025-02-28 17:00:00+00:00,37299.7,37424.34285714285,36988.09285714286,37424.34285714285,-1.0,SL,20
JP225.cash,-1,2025-02-28 20:00:00+00:00,2025-02-28 22:45:00+00:00,37189.25,37505.245089285716,36399.26227678571,37505.245089285716,-1.0,SL,11
JP225.cash,-1,2025-03-03 20:15:00+00:00,2025-03-03 22:30:00+00:00,37794.25,38074.40178571428,37093.87053571429,37093.87053571429,2.5,TP,9
JP225.cash,-1,2025-03-04 01:15:00+00:00,2025-03-04 03:30:00+00:00,37282.25,37429.845982142855,36913.26004464286,36913.26004464286,2.5,TP,9
JP225.cash,-1,2025-03-04 03:30:00+00:00,2025-03-04 08:30:00+00:00,36945.25,37333.55133928572,35974.49665178571,37333.55133928572,-1.0,SL,20
JP225.cash,-1,2025-03-04 09:30:00+00:00,2025-03-04 14:15:00+00:00,37267.25,37469.67633928572,36761.18415178571,36761.18415178571,2.5,TP,19
JP225.cash,-1,2025-03-04 17:15:00+00:00,2025-03-04 20:00:00+00:00,36482.25,36837.74107142857,35593.522321428565,36837.74107142857,-1.0,SL,11
JP225.cash,-1,2025-03-05 15:45:00+00:00,2025-03-05 19:45:00+00:00,37267.25,37488.47026785714,36714.19933035715,37488.47026785714,-1.0,SL,16
JP225.cash,1,2025-03-06 04:15:00+00:00,2025-03-06 09:30:00+00:00,37798.25,37617.66741071428,38249.70647321429,37617.66741071428,-1.0,SL,21
JP225.cash,-1,2025-03-06 10:00:00+00:00,2025-03-06 13:00:00+00:00,37570.25,37776.314732142855,37055.08816964286,37055.08816964286,2.5,TP,12
JP225.cash,-1,2025-03-06 13:15:00+00:00,2025-03-06 17:00:00+00:00,37072.25,37271.58258928572,36573.91852678571,37271.58258928572,-1.0,SL,15
JP225.cash,-1,2025-03-07 04:45:00+00:00,2025-03-07 18:30:00+00:00,36972.25,37163.64875,36493.753125,36493.753125,2.5,TP,55
JP225.cash,-1,2025-03-07 18:45:00+00:00,2025-03-07 19:30:00+00:00,36541.25,36827.919642857145,35824.57589285714,36827.919642857145,-1.0,SL,3
JP225.cash,-1,2025-03-10 01:15:00+00:00,2025-03-11 03:45:00+00:00,36983.73,37329.602857142854,36119.047857142876,36119.047857142876,2.5,TP,102
JP225.cash,-1,2025-03-11 15:30:00+00:00,2025-03-11 17:30:00+00:00,36753.73,36925.283571428576,36324.846071428576,36324.846071428576,2.5,TP,8
JP225.cash,-1,2025-03-11 17:30:00+00:00,2025-03-11 22:00:00+00:00,36428.73,36805.694285714286,35486.3192857143,36805.694285714286,-1.0,SL,18
JP225.cash,1,2025-03-12 18:45:00+00:00,2025-03-13 09:00:00+00:00,37047.73,36796.73991071429,37675.20522321428,36796.73991071429,-1.0,SL,53
JP225.cash,1,2025-03-14 01:30:00+00:00,2025-03-14 03:00:00+00:00,36767.73,36691.61669642857,36958.01325892858,36691.61669642857,-1.0,SL,6
JP225.cash,1,2025-03-14 03:45:00+00:00,2025-03-14 18:00:00+00:00,36911.73,36675.891696428575,37501.32575892858,37501.32575892858,2.5,TP,57
JP225.cash,1,2025-03-17 06:00:00+00:00,2025-03-17 09:15:00+00:00,37515.73,37433.29446428572,37721.81883928571,37433.29446428572,-1.0,SL,13
JP225.cash,1,2025-03-17 16:00:00+00:00,2025-03-19 03:30:00+00:00,37618.73,37453.01125,38033.026875,38033.026875,2.5,TP,134
JP225.cash,1,2025-03-19 17:00:00+00:00,2025-03-20 12:45:00+00:00,37912.73,37712.355,38413.6675,37712.355,-1.0,SL,75
JP225.cash,1,2025-03-21 03:30:00+00:00,2025-03-21 11:15:00+00:00,37835.73,37587.73892857143,38455.70767857143,37587.73892857143,-1.0,SL,31
JP225.cash,-1,2025-03-21 16:00:00+00:00,2025-03-21 20:00:00+00:00,37373.73,37588.044642857145,36837.94339285715,37588.044642857145,-1.0,SL,16
JP225.cash,-1,2025-03-24 01:00:00+00:00,2025-03-24 01:15:00+00:00,37745.73,37626.096071428576,37446.64517857143,37626.096071428576,1.0,SL,1
JP225.cash,-1,2025-03-24 07:00:00+00:00,2025-03-24 16:30:00+00:00,37664.73,37760.642053571435,37424.94986607142,37760.642053571435,-1.0,SL,38
JP225.cash,1,2025-03-24 17:00:00+00:00,2025-03-26 02:45:00+00:00,37800.73,37668.73892857143,38130.70767857143,38130.70767857143,2.5,TP,127
JP225.cash,1,2025-03-26 07:15:00+00:00,2025-03-26 17:15:00+00:00,38020.73,37873.889375000006,38387.831562499996,37873.889375000006,-1.0,SL,40
JP225.cash,-1,2025-03-27 04:15:00+00:00,2025-03-28 03:45:00+00:00,37651.73,37858.65723214286,37134.41191964286,37134.41191964286,2.5,TP,90
JP225.cash,-1,2025-03-28 04:15:00+00:00,2025-03-28 17:15:00+00:00,37034.73,37274.184017857144,36436.094955357155,36436.094955357155,2.5,TP,52
JP225.cash,-1,2025-04-01 01:30:00+00:00,2025-04-01 03:15:00+00:00,35921.73,36024.715267857144,35664.266830357155,36024.715267857144,-1.0,SL,7
JP225.cash,-1,2025-04-01 04:00:00+00:00,2025-04-01 17:00:00+00:00,35799.73,36041.22241071429,35195.998973214286,35195.998973214286,2.5,TP,52
JP225.cash,-1,2025-04-01 21:30:00+00:00,2025-04-02 01:00:00+00:00,35447.73,35733.150625,34734.178437500006,35733.150625,-1.0,SL,10
JP225.cash,-1,2025-04-02 03:15:00+00:00,2025-04-02 19:00:00+00:00,35559.73,35875.71446428572,34769.76883928572,35875.71446428572,-1.0,SL,63
JP225.cash,-1,2025-04-02 21:00:00+00:00,2025-04-02 23:00:00+00:00,35867.73,36064.47205357143,35375.874866071434,36064.47205357143,-1.0,SL,8
JP225.cash,-1,2025-04-02 23:45:00+00:00,2025-04-07 01:00:00+00:00,34970.58,36352.607767857146,31515.510580357142,31515.510580357142,2.5,TP,185
JP225.cash,-1,2025-04-07 05:45:00+00:00,2025-04-07 17:00:00+00:00,31566.73,32012.642499999998,30451.948750000003,32012.642499999998,-1.0,SL,45
JP225.cash,-1,2025-04-08 20:30:00+00:00,2025-04-09 20:15:00+00:00,32389.73,33577.944285714286,29419.194285714286,33577.944285714286,-1.0,SL,91
JP225.cash,1,2025-04-10 05:15:00+00:00,2025-04-10 11:00:00+00:00,34367.58,34002.88294642857,35279.322633928576,34002.88294642857,-1.0,SL,23
JP225.cash,1,2025-04-11 17:00:00+00:00,2025-04-14 01:00:00+00:00,33067.36,32807.215000000004,33717.72249999999,33717.72249999999,2.5,TP,28
JP225.cash,1,2025-04-17 04:45:00+00:00,2025-04-21 20:00:00+00:00,34180.73,33936.37919642858,34791.607008928564,33936.37919642858,-1.0,SL,153
JP225.cash,1,2025-04-22 07:30:00+00:00,2025-04-22 09:45:00+00:00,34188.73,34127.53616071429,34341.71459821428,34341.71459821428,2.5,TP,9
JP225.cash,1,2025-04-22 21:30:00+00:00,2025-04-23 01:00:00+00:00,34746.73,34566.006785714286,35198.5380357143,35198.5380357143,2.5,TP,10
JP225.cash,1,2025-04-23 05:30:00+00:00,2025-04-23 13:15:00+00:00,34804.73,34665.173839285715,35153.62040178572,35153.62040178572,2.5,TP,31
JP225.cash,1,2025-04-23 17:00:00+00:00,2025-04-23 18:45:00+00:00,35364.73,35074.46214285715,36090.39964285714,35074.46214285715,-1.0,SL,7
JP225.cash,1,2025-04-23 23:45:00+00:00,2025-04-24 01:00:00+00:00,35395.44,35190.605,35907.5275,35190.605,-1.0,SL,1
JP225.cash,1,2025-04-24 02:00:00+00:00,2025-04-24 03:15:00+00:00,35260.73,35129.875446428574,35587.86638392857,35129.875446428574,-1.0,SL,5
JP225.cash,1,2025-04-24 12:30:00+00:00,2025-04-24 17:15:00+00:00,34895.73,34761.17008928572,35232.12977678572,35232.12977678572,2.5,TP,19
JP225.cash,1,2025-04-24 19:45:00+00:00,2025-04-25 06:30:00+00:00,35407.73,35295.87285714286,35687.372857142866,35687.372857142866,2.5,TP,39
JP225.cash,1,2025-04-25 06:45:00+00:00,2025-04-25 13:30:00+00:00,35696.73,35514.20580357143,36153.04049107144,35514.20580357143,-1.0,SL,27
JP225.cash,1,2025-04-25 14:30:00+00:00,2025-04-25 20:15:00+00:00,35575.73,35442.64330357143,35908.44674107144,35908.44674107144,2.5,TP,23
JP225.cash,1,2025-04-25 21:45:00+00:00,2025-04-28 20:15:00+00:00,35940.73,35696.98892857143,36550.08267857143,35696.98892857143,-1.0,SL,86
JP225.cash,1,2025-04-28 21:00:00+00:00,2025-04-29 12:00:00+00:00,35812.73,35665.51571428572,36180.765714285706,36180.765714285706,2.5,TP,56
JP225.cash,1,2025-04-29 17:15:00+00:00,2025-04-30 03:15:00+00:00,36007.73,35853.44482142857,36393.44294642858,35853.44482142857,-1.0,SL,36
JP225.cash,1,2025-04-30 10:30:00+00:00,2025-04-30 15:15:00+00:00,36090.73,35972.89964285715,36385.30589285714,35972.89964285715,-1.0,SL,19
JP225.cash,1,2025-04-30 18:30:00+00:00,2025-05-01 14:45:00+00:00,35921.73,35571.74660714286,36796.68848214287,36796.68848214287,2.5,TP,77
JP225.cash,1,2025-05-01 17:45:00+00:00,2025-05-02 05:00:00+00:00,36908.73,36618.01928571428,37635.5067857143,36618.01928571428,-1.0,SL,41
JP225.cash,1,2025-05-02 07:15:00+00:00,2025-05-02 12:45:00+00:00,36841.73,36646.22392857143,37330.49517857144,36646.22392857143,-1.0,SL,22
JP225.cash,1,2025-05-02 16:00:00+00:00,2025-05-06 23:15:00+00:00,36901.73,36638.09357142857,37560.82107142858,36638.09357142857,-1.0,SL,213
JP225.cash,1,2025-05-07 20:30:00+00:00,2025-05-07 21:00:00+00:00,36845.73,36679.033571428576,37262.471071428576,36679.033571428576,-1.0,SL,2
JP225.cash,1,2025-05-08 06:00:00+00:00,2025-05-08 18:30:00+00:00,37037.73,36851.23258928572,37503.97352678572,37503.97352678572,2.5,TP,50
JP225.cash,1,2025-05-09 04:45:00+00:00,2025-05-12 01:00:00+00:00,37385.73,37246.29508928572,37734.31727678572,37734.31727678572,2.5,TP,77
JP225.cash,-1,2025-05-15 10:00:00+00:00,2025-05-15 20:00:00+00:00,37680.73,37813.40598214286,37349.04004464286,37813.40598214286,-1.0,SL,40
JP225.cash,-1,2025-05-15 21:15:00+00:00,2025-05-16 11:00:00+00:00,37717.73,37844.64964285715,37400.43089285714,37844.64964285715,-1.0,SL,51
JP225.cash,-1,2025-05-19 01:15:00+00:00,2025-05-22 14:45:00+00:00,37653.73,37996.68866071429,36796.33334821429,36796.33334821429,2.5,TP,330
JP225.cash,-1,2025-05-23 12:15:00+00:00,2025-05-23 14:45:00+00:00,37172.73,37310.839732142864,36827.45566964285,36827.45566964285,2.5,TP,10
JP225.cash,1,2025-05-27 08:30:00+00:00,2025-05-27 16:15:00+00:00,37621.73,37426.45321428572,38109.921964285706,38109.921964285706,2.5,TP,31
JP225.cash,1,2025-05-27 17:15:00+00:00,2025-05-28 03:15:00+00:00,38180.73,38032.694285714286,38550.8192857143,38032.694285714286,-1.0,SL,36
JP225.cash,1,2025-05-28 13:00:00+00:00,2025-05-29 02:00:00+00:00,37750.73,37634.61651785715,38041.013705357145,38041.013705357145,2.5,TP,48
JP225.cash,-1,2025-05-30 19:45:00+00:00,2025-05-30 22:45:00+00:00,37444.73,37737.23973214286,36713.45566964286,37737.23973214286,-1.0,SL,12
JP225.cash,-1,2025-06-02 03:30:00+00:00,2025-06-02 19:45:00+00:00,37519.73,37650.54964285715,37192.68089285714,37650.54964285715,-1.0,SL,65
JP225.cash,-1,2025-06-03 01:15:00+00:00,2025-06-03 06:30:00+00:00,37751.73,37849.86892857143,37506.38267857144,37506.38267857144,2.5,TP,21
JP225.cash,1,2025-06-04 09:00:00+00:00,2025-06-04 09:15:00+00:00,37814.73,37738.513125000005,38005.2721875,37738.513125000005,-1.0,SL,1
JP225.cash,1,2025-06-04 11:15:00+00:00,2025-06-04 13:30:00+00:00,37836.73,37748.111339285715,38058.27665178572,37748.111339285715,-1.0,SL,9
JP225.cash,-1,2025-06-05 01:30:00+00:00,2025-06-05 03:00:00+00:00,37534.73,37573.81535714286,37437.016607142854,37573.81535714286,-1.0,SL,6
JP225.cash,-1,2025-06-05 06:00:00+00:00,2025-06-05 15:30:00+00:00,37602.73,37680.703571428574,37407.79607142857,37407.79607142857,2.5,TP,38
JP225.cash,-1,2025-06-05 17:00:00+00:00,2025-06-05 17:30:00+00:00,37345.73,37584.355,36749.1675,37584.355,-1.0,SL,2
JP225.cash,-1,2025-06-05 22:30:00+00:00,2025-06-06 02:45:00+00:00,37415.73,37568.23892857143,37034.45767857143,37568.23892857143,-1.0,SL,13
JP225.cash,1,2025-06-06 09:45:00+00:00,2025-06-06 15:30:00+00:00,37768.73,37659.98258928572,38040.59852678572,38040.59852678572,2.5,TP,23
JP225.cash,1,2025-06-09 03:15:00+00:00,2025-06-11 15:00:00+00:00,38124.73,37901.67178571429,38682.375535714295,38682.375535714295,2.5,TP,231
JP225.cash,-1,2025-06-13 01:15:00+00:00,2025-06-13 03:00:00+00:00,38137.73,38207.56241071429,37963.148973214295,37963.148973214295,2.5,TP,7
JP225.cash,-1,2025-06-13 03:30:00+00:00,2025-06-13 18:45:00+00:00,37680.73,38158.53098214286,36486.22754464286,38158.53098214286,-1.0,SL,61
JP225.cash,-1,2025-06-13 21:30:00+00:00,2025-06-16 03:00:00+00:00,38023.73,38125.52464285715,37769.24339285714,38125.52464285715,-1.0,SL,18
JP225.cash,1,2025-06-16 15:00:00+00:00,2025-06-17 13:30:00+00:00,38409.73,38292.000446428574,38704.05388392857,38292.000446428574,-1.0,SL,86
JP225.cash,1,2025-06-18 03:00:00+00:00,2025-06-18 07:15:00+00:00,38340.73,38131.55401785715,38863.669955357145,38863.669955357145,2.5,TP,17
JP225.cash,-1,2025-06-23 19:00:00+00:00,2025-06-23 20:15:00+00:00,38441.73,38547.80142857143,38176.55142857143,38547.80142857143,-1.0,SL,5
JP225.cash,1,2025-06-24 01:15:00+00:00,2025-06-24 03:00:00+00:00,38693.44,38602.904285714285,38919.77928571429,38919.77928571429,2.5,TP,7
JP225.cash,1,2025-06-30 03:45:00+00:00,2025-06-30 08:00:00+00:00,40801.73,40521.650446428575,41501.92888392857,40521.650446428575,-1.0,SL,17
JP225.cash,1,2025-06-30 11:00:00+00:00,2025-06-30 11:15:00+00:00,40452.73,40366.74785714286,40667.685357142866,40366.74785714286,-1.0,SL,1
JP225.cash,1,2025-06-30 16:15:00+00:00,2025-06-30 16:30:00+00:00,40377.73,40297.721071428576,40577.752321428576,40297.721071428576,-1.0,SL,1
JP225.cash,-1,2025-07-02 01:15:00+00:00,2025-07-02 03:45:00+00:00,39572.44,39655.760625,39364.138437500005,39655.760625,-1.0,SL,10
JP225.cash,-1,2025-07-02 08:30:00+00:00,2025-07-03 15:30:00+00:00,39805.73,39957.11392857143,39427.27017857143,39957.11392857143,-1.0,SL,120
JP225.cash,-1,2025-07-04 11:30:00+00:00,2025-07-07 01:00:00+00:00,39732.73,39825.73,39500.23,39825.73,-1.0,SL,34
JP225.cash,-1,2025-07-07 04:30:00+00:00,2025-07-07 13:15:00+00:00,39597.73,39714.46848214286,39305.88379464286,39714.46848214286,-1.0,SL,35
JP225.cash,-1,2025-07-07 17:30:00+00:00,2025-07-07 19:15:00+00:00,39778.73,39873.49785714286,39541.810357142866,39541.810357142866,2.5,TP,7
JP225.cash,-1,2025-07-07 19:45:00+00:00,2025-07-08 03:30:00+00:00,39608.73,39799.05142857143,39132.92642857143,39799.05142857143,-1.0,SL,27
JP225.cash,1,2025-07-08 17:00:00+00:00,2025-07-09 03:00:00+00:00,39908.73,39801.908571428576,40175.783571428576,39801.908571428576,-1.0,SL,36
JP225.cash,1,2025-07-09 05:15:00+00:00,2025-07-09 16:45:00+00:00,39683.73,39581.49785714286,39939.310357142866,39939.310357142866,2.5,TP,46
JP225.cash,-1,2025-07-10 08:15:00+00:00,2025-07-10 09:30:00+00:00,39573.73,39682.92642857143,39300.73892857143,39682.92642857143,-1.0,SL,5
JP225.cash,-1,2025-07-10 22:00:00+00:00,2025-07-11 01:45:00+00:00,39712.73,39750.98,39617.105,39750.98,-1.0,SL,11
JP225.cash,-1,2025-07-11 05:15:00+00:00,2025-07-14 01:15:00+00:00,39597.73,39743.34232142857,39233.699196428584,39233.699196428584,2.5,TP,76
JP225.cash,-1,2025-07-14 09:00:00+00:00,2025-07-15 04:45:00+00:00,39488.73,39614.759375,39173.65656250001,39614.759375,-1.0,SL,75
JP225.cash,1,2025-07-16 01:30:00+00:00,2025-07-16 03:00:00+00:00,39601.44,39567.24633928572,39686.924151785715,39567.24633928572,-1.0,SL,6
JP225.cash,1,2025-07-16 04:00:00+00:00,2025-07-16 17:30:00+00:00,39741.73,39508.313125,40325.27218750001,39508.313125,-1.0,SL,54
JP225.cash,-1,2025-07-17 02:45:00+00:00,2025-07-17 04:15:00+00:00,39475.73,39587.157589285714,39197.161026785725,39587.157589285714,-1.0,SL,6
JP225.cash,1,2025-07-17 15:30:00+00:00,2025-07-18 04:45:00+00:00,39893.84,39791.94330357143,40148.58174107141,39791.94330357143,-1.0,SL,49
JP225.cash,1,2025-07-21 07:30:00+00:00,2025-07-21 13:00:00+00:00,39845.73,39774.26571428572,40024.390714285706,39774.26571428572,-1.0,SL,22
JP225.cash,1,2025-07-21 16:45:00+00:00,2025-07-22 03:00:00+00:00,39756.73,39667.319285714286,39980.2567857143,39980.2567857143,2.5,TP,37
JP225.cash,1,2025-07-22 03:30:00+00:00,2025-07-22 06:30:00+00:00,40187.73,39752.48,41275.855,39752.48,-1.0,SL,12
JP225.cash,-1,2025-07-22 16:15:00+00:00,2025-07-23 02:00:00+00:00,39679.73,39783.221071428576,39421.002321428576,39783.221071428576,-1.0,SL,35
JP225.cash,1,2025-07-23 02:30:00+00:00,2025-07-23 18:15:00+00:00,40150.73,39605.96419642858,41512.64450892857,41512.64450892857,2.5,TP,63
JP225.cash,1,2025-07-23 18:45:00+00:00,2025-07-24 04:00:00+00:00,41549.73,41425.39071428572,41860.578214285706,41860.578214285706,2.5,TP,33
JP225.cash,1,2025-07-24 18:15:00+00:00,2025-07-24 22:45:00+00:00,41702.73,41604.93535714286,41947.216607142866,41604.93535714286,-1.0,SL,18
JP225.cash,1,2025-07-24 23:45:00+00:00,2025-07-25 04:45:00+00:00,41644.44,41563.86392857143,41845.88017857143,41563.86392857143,-1.0,SL,16
JP225.cash,-1,2025-07-28 16:15:00+00:00,2025-07-29 10:45:00+00:00,40795.73,40922.6675,40478.38625,40922.6675,-1.0,SL,70
JP225.cash,-1,2025-07-29 11:30:00+00:00,2025-07-29 12:15:00+00:00,40853.73,40911.39964285715,40709.55589285714,40911.39964285715,-1.0,SL,3
JP225.cash,-1,2025-07-29 14:45:00+00:00,2025-07-30 03:00:00+00:00,40843.73,40952.631785714286,40571.4755357143,40571.4755357143,2.5,TP,45
JP225.cash,-1,2025-07-30 04:00:00+00:00,2025-07-30 15:30:00+00:00,40587.73,40770.43535714286,40130.966607142866,40770.43535714286,-1.0,SL,46
JP225.cash,-1,2025-07-30 18:30:00+00:00,2025-07-30 19:15:00+00:00,40670.73,40746.09116071429,40482.327098214286,40746.09116071429,-1.0,SL,3
JP225.cash,-1,2025-07-30 22:15:00+00:00,2025-07-31 01:45:00+00:00,40606.73,40763.867946428574,40213.885133928576,40763.867946428574,-1.0,SL,10
JP225.cash,1,2025-07-31 11:45:00+00:00,2025-07-31 16:30:00+00:00,41257.73,41064.596071428576,41740.564821428576,41064.596071428576,-1.0,SL,19
JP225.cash,-1,2025-08-01 01:30:00+00:00,2025-08-01 03:30:00+00:00,40741.44,40835.85169642857,40505.41075892857,40835.85169642857,-1.0,SL,8
JP225.cash,-1,2025-08-01 07:00:00+00:00,2025-08-01 11:00:00+00:00,40892.73,41031.605,40545.5425,40545.5425,2.5,TP,16
JP225.cash,-1,2025-08-01 14:00:00+00:00,2025-08-01 16:30:00+00:00,40456.73,40588.06035714286,40128.404107142866,40128.404107142866,2.5,TP,10
JP225.cash,-1,2025-08-01 17:00:00+00:00,2025-08-04 21:30:00+00:00,39967.28,40551.185178571424,38507.517053571435,40551.185178571424,-1.0,SL,110
JP225.cash,1,2025-08-06 05:00:00+00:00,2025-08-08 03:00:00+00:00,40773.73,40530.81633928572,41381.01415178572,41381.01415178572,2.5,TP,176
JP225.cash,1,2025-08-08 03:30:00+00:00,2025-08-12 04:30:00+00:00,41652.73,41173.38214285715,42851.099642857145,42851.099642857145,2.5,TP,188
JP225.cash,1,2025-08-12 16:00:00+00:00,2025-08-14 04:15:00+00:00,43081.73,42688.641071428574,44064.45232142857,42688.641071428574,-1.0,SL,137
JP225.cash,1,2025-08-15 03:15:00+00:00,2025-08-15 09:30:00+00:00,42935.73,42730.58428571429,43448.59428571428,43448.59428571428,2.5,TP,25
JP225.cash,1,2025-08-15 11:00:00+00:00,2025-08-15 11:45:00+00:00,43430.73,43361.94169642858,43602.700758928564,43361.94169642858,-1.0,SL,3
JP225.cash,1,2025-08-15 14:00:00+00:00,2025-08-15 16:45:00+00:00,43417.73,43296.200625000005,43721.5534375,43296.200625000005,-1.0,SL,11
JP225.cash,1,2025-08-15 20:45:00+00:00,2025-08-18 05:45:00+00:00,43460.73,43325.61776785715,43798.51058035714,43798.51058035714,2.5,TP,32
JP225.cash,1,2025-08-19 04:45:00+00:00,2025-08-19 18:00:00+00:00,43694.73,43465.846071428576,44266.939821428576,43465.846071428576,-1.0,SL,53
JP225.cash,-1,2025-08-20 13:30:00+00:00,2025-08-20 16:45:00+00:00,42909.73,43042.2925,42578.32375,42578.32375,2.5,TP,13
JP225.cash,-1,2025-08-21 04:15:00+00:00,2025-08-22 16:30:00+00:00,42620.73,42783.625446428574,42213.49138392857,42783.625446428574,-1.0,SL,141
JP225.cash,-1,2025-08-25 04:15:00+00:00,2025-08-26 03:00:00+00:00,42838.73,43000.77464285715,42433.61839285714,42433.61839285714,2.5,TP,87
JP225.cash,-1,2025-08-26 03:30:00+00:00,2025-08-28 03:00:00+00:00,42477.73,42674.23,41986.48,42674.23,-1.0,SL,182
JP225.cash,1,2025-08-28 15:45:00+00:00,2025-08-29 03:00:00+00:00,42818.73,42694.221071428576,43130.002321428576,42694.221071428576,-1.0,SL,41
JP225.cash,-1,2025-08-29 19:00:00+00:00,2025-09-01 02:30:00+00:00,42106.73,42220.267321428575,41822.88669642857,42220.267321428575,-1.0,SL,26
JP225.cash,-1,2025-09-01 04:45:00+00:00,2025-09-01 14:00:00+00:00,42003.73,42378.07089285715,41067.87776785714,42378.07089285715,-1.0,SL,37
JP225.cash,-1,2025-09-01 18:30:00+00:00,2025-09-02 03:00:00+00:00,42371.73,42418.86392857143,42253.89517857143,42253.89517857143,2.5,TP,14
JP225.cash,-1,2025-09-02 05:15:00+00:00,2025-09-02 15:00:00+00:00,42270.73,42423.62026785714,41888.50433035716,41888.50433035716,2.5,TP,39
JP225.cash,-1,2025-09-02 18:30:00+00:00,2025-09-02 22:45:00+00:00,41893.73,42097.62857142858,41383.98357142857,42097.62857142858,-1.0,SL,17
JP225.cash,-1,2025-09-03 07:00:00+00:00,2025-09-03 15:00:00+00:00,42011.73,42212.31607142858,41510.26482142857,42212.31607142858,-1.0,SL,32
JP225.cash,-1,2025-09-03 18:45:00+00:00,2025-09-04 03:00:00+00:00,42050.73,42188.783571428576,41705.596071428576,42188.783571428576,-1.0,SL,29
JP225.cash,1,2025-09-04 17:00:00+00:00,2025-09-04 22:45:00+00:00,42603.01,42490.52946428572,42884.21133928571,42884.21133928571,2.5,TP,23
JP225.cash,1,2025-09-05 03:15:00+00:00,2025-09-05 04:00:00+00:00,43132.73,42907.59830357143,43695.55924107143,42907.59830357143,-1.0,SL,3
JP225.cash,1,2025-09-05 06:00:00+00:00,2025-09-05 07:15:00+00:00,42930.73,42829.72330357143,43183.24674107143,42829.72330357143,-1.0,SL,5
JP225.cash,1,2025-09-05 08:30:00+00:00,2025-09-05 17:15:00+00:00,42930.73,42796.58455357143,43266.093616071434,42796.58455357143,-1.0,SL,35
JP225.cash,1,2025-09-05 18:45:00+00:00,2025-09-08 01:30:00+00:00,42796.73,42580.157053571435,43338.162366071425,43338.162366071425,2.5,TP,23
JP225.cash,1,2025-09-08 03:45:00+00:00,2025-09-09 08:15:00+00:00,43811.73,43478.66598214286,44644.39004464286,43478.66598214286,-1.0,SL,110
JP225.cash,1,2025-09-09 20:30:00+00:00,2025-09-11 03:30:00+00:00,43424.73,43162.105,44081.2925,44081.2925,2.5,TP,116
JP225.cash,1,2025-09-18 05:30:00+00:00,2025-09-19 07:00:00+00:00,45286.83,44917.95428571429,46209.01928571428,44917.95428571429,-1.0,SL,98
JP225.cash,1,2025-09-22 02:15:00+00:00,2025-09-22 02:45:00+00:00,45325.83,45241.165,45537.49250000001,45241.165,-1.0,SL,2
JP225.cash,1,2025-09-22 03:30:00+00:00,2025-09-24 04:30:00+00:00,45628.83,45212.08892857143,46670.68267857144,45212.08892857143,-1.0,SL,188
JP225.cash,1,2025-09-24 09:30:00+00:00,2025-09-25 14:15:00+00:00,45641.83,45490.044285714284,46021.29428571429,45490.044285714284,-1.0,SL,111
JP225.cash,1,2025-09-25 17:30:00+00:00,2025-09-26 12:00:00+00:00,45552.83,45246.77133928572,46317.976651785706,45246.77133928572,-1.0,SL,70
JP225.cash,-1,2025-09-26 13:30:00+00:00,2025-09-26 15:30:00+00:00,45233.83,45363.43714285715,44909.81214285714,45363.43714285715,-1.0,SL,8
JP225.cash,-1,2025-09-26 17:30:00+00:00,2025-09-30 11:00:00+00:00,45232.83,45484.97696428571,44602.46258928572,44602.46258928572,2.5,TP,158
JP225.cash,-1,2025-09-30 11:30:00+00:00,2025-09-30 22:45:00+00:00,44639.83,44816.03535714286,44199.316607142864,44816.03535714286,-1.0,SL,45
JP225.cash,-1,2025-10-01 02:15:00+00:00,2025-10-01 03:00:00+00:00,44828.83,44897.266071428574,44657.73982142857,44657.73982142857,2.5,TP,3
JP225.cash,-1,2025-10-01 03:30:00+00:00,2025-10-02 02:45:00+00:00,44551.83,44860.70785714286,43779.63535714286,44860.70785714286,-1.0,SL,89
JP225.cash,1,2025-10-03 03:00:00+00:00,2025-10-03 03:45:00+00:00,45089.83,44890.258571428574,45588.75857142857,45588.75857142857,2.5,TP,3
JP225.cash,-1,2025-10-10 23:30:00+00:00,2025-10-13 01:00:00+00:00,45793.54,46386.5175,44311.09625,46386.5175,-1.0,SL,2
JP225.cash,-1,2025-10-13 07:00:00+00:00,2025-10-13 10:00:00+00:00,46417.83,46729.80321428572,45637.89696428571,46729.80321428572,-1.0,SL,12
JP225.cash,-1,2025-10-13 14:30:00+00:00,2025-10-13 16:45:00+00:00,46491.83,46745.56214285715,45857.49964285714,46745.56214285715,-1.0,SL,9
JP225.cash,-1,2025-10-14 04:15:00+00:00,2025-10-14 07:15:00+00:00,47555.83,47881.633571428574,46741.32107142857,46741.32107142857,2.5,TP,12
JP225.cash,-1,2025-10-14 23:00:00+00:00,2025-10-15 03:15:00+00:00,46929.54,47208.55321428572,46232.006964285705,47208.55321428572,-1.0,SL,13
JP225.cash,1,2025-10-15 08:45:00+00:00,2025-10-16 08:00:00+00:00,47742.83,47525.28535714286,48286.691607142864,48286.691607142864,2.5,TP,89
JP225.cash,1,2025-10-17 12:30:00+00:00,2025-10-20 03:30:00+00:00,47523.83,47051.43714285715,48704.81214285714,48704.81214285714,2.5,TP,56
JP225.cash,1,2025-10-21 12:30:00+00:00,2025-10-22 03:00:00+00:00,49318.83,49088.05321428572,49895.77196428571,49088.05321428572,-1.0,SL,54
JP225.cash,1,2025-10-22 04:45:00+00:00,2025-10-22 19:30:00+00:00,48951.83,48627.47285714286,49762.722857142864,48627.47285714286,-1.0,SL,59
JP225.cash,-1,2025-10-23 15:00:00+00:00,2025-10-23 16:30:00+00:00,48638.83,48782.49964285715,48279.65589285714,48782.49964285715,-1.0,SL,6
JP225.cash,1,2025-10-24 02:00:00+00:00,2025-10-24 03:45:00+00:00,49006.83,48905.00428571428,49261.3942857143,49261.3942857143,2.5,TP,7
JP225.cash,1,2025-10-24 04:00:00+00:00,2025-10-27 01:00:00+00:00,49169.83,48983.30321428572,49636.14696428571,49636.14696428571,2.5,TP,80
JP225.cash,1,2025-10-27 01:15:00+00:00,2025-10-29 05:45:00+00:00,49977.54,49436.68964285714,51329.66589285715,51329.66589285715,2.5,TP,202
JP225.cash,1,2025-10-30 23:30:00+00:00,2025-10-31 03:15:00+00:00,51421.54,51234.42821428572,51889.319464285705,51889.319464285705,2.5,TP,11
JP225.cash,-1,2025-11-05 02:00:00+00:00,2025-11-05 03:30:00+00:00,50646.83,51174.772142857146,49326.97464285714,49326.97464285714,2.5,TP,6
JP225.cash,-1,2025-11-05 08:00:00+00:00,2025-11-05 08:30:00+00:00,49999.83,50272.21392857143,49318.87017857144,50272.21392857143,-1.0,SL,2
JP225.cash,-1,2025-11-05 13:15:00+00:00,2025-11-05 15:15:00+00:00,50305.83,50560.74071428572,49668.55321428571,50560.74071428572,-1.0,SL,8
JP225.cash,-1,2025-11-06 01:15:00+00:00,2025-11-06 02:15:00+00:00,51139.54,51254.04,50853.29,50853.29,2.5,TP,4
JP225.cash,-1,2025-11-06 02:30:00+00:00,2025-11-07 06:00:00+00:00,50790.83,51252.4775,49636.71125000001,49636.71125000001,2.5,TP,106
JP225.cash,-1,2025-11-07 12:00:00+00:00,2025-11-07 16:30:00+00:00,50301.83,50493.92821428572,49821.58446428571,49821.58446428571,2.5,TP,18
JP225.cash,1,2025-11-10 21:45:00+00:00,2025-11-11 02:30:00+00:00,51150.83,51029.22285714286,51454.847857142864,51454.847857142864,2.5,TP,15
JP225.cash,1,2025-11-11 08:30:00+00:00,2025-11-12 02:00:00+00:00,50829.83,50589.169285714284,51431.48178571429,50589.169285714284,-1.0,SL,66
JP225.cash,1,2025-11-12 04:15:00+00:00,2025-11-12 05:00:00+00:00,50990.83,50800.955,51465.5175,50800.955,-1.0,SL,3
JP225.cash,1,2025-11-12 08:00:00+00:00,2025-11-12 12:00:00+00:00,50984.83,50847.856785714284,51327.26303571429,51327.26303571429,2.5,TP,16
JP225.cash,1,2025-11-12 22:45:00+00:00,2025-11-13 01:30:00+00:00,51221.83,51092.883571428574,51544.19607142857,51092.883571428574,-1.0,SL,7
JP225.cash,1,2025-11-13 03:30:00+00:00,2025-11-13 11:00:00+00:00,51224.83,50996.91035714286,51794.629107142864,50996.91035714286,-1.0,SL,30
JP225.cash,-1,2025-11-13 17:00:00+00:00,2025-11-13 19:45:00+00:00,50645.83,50810.356785714284,50234.51303571429,50234.51303571429,2.5,TP,11
JP225.cash,-1,2025-11-14 01:00:00+00:00,2025-11-14 02:00:00+00:00,50114.54,50229.084642857146,49828.17839285714,50229.084642857146,-1.0,SL,4
JP225.cash,-1,2025-11-14 12:00:00+00:00,2025-11-14 14:15:00+00:00,50188.83,50357.43080357143,49767.327991071434,49767.327991071434,2.5,TP,9
JP225.cash,-1,2025-11-17 01:15:00+00:00,2025-11-17 21:30:00+00:00,50269.54,50515.959642857146,49653.49089285714,49653.49089285714,2.5,TP,81
JP225.cash,-1,2025-11-20 21:00:00+00:00,2025-11-24 10:45:00+00:00,48550.83,49131.651071428576,47098.77732142857,49131.651071428576,-1.0,SL,143
JP225.cash,-1,2025-11-24 11:45:00+00:00,2025-11-24 16:30:00+00:00,48808.83,49174.321071428574,47895.10232142857,49174.321071428574,-1.0,SL,19
JP225.cash,-1,2025-11-25 02:30:00+00:00,2025-11-26 03:15:00+00:00,48858.83,49601.45705357143,47002.26236607143,49601.45705357143,-1.0,SL,95
JP225.cash,-1,2025-12-01 12:15:00+00:00,2025-12-01 16:45:00+00:00,49298.83,49475.56848214286,48856.98379464286,49475.56848214286,-1.0,SL,18
JP225.cash,-1,2025-12-01 21:30:00+00:00,2025-12-02 16:30:00+00:00,49457.83,49665.90142857143,48937.65142857144,49665.90142857143,-1.0,SL,70
JP225.cash,-1,2025-12-02 18:30:00+00:00,2025-12-03 02:00:00+00:00,49307.83,49618.78535714286,48530.441607142864,49618.78535714286,-1.0,SL,26
JP225.cash,1,2025-12-03 04:30:00+00:00,2025-12-03 12:45:00+00:00,49851.83,49595.38098214286,50492.95254464286,49595.38098214286,-1.0,SL,33
JP225.cash,1,2025-12-03 13:45:00+00:00,2025-12-03 16:00:00+00:00,49661.83,49581.104196428576,49863.64450892857,49581.104196428576,-1.0,SL,9
JP225.cash,1,2025-12-03 17:30:00+00:00,2025-12-04 02:00:00+00:00,49538.83,49344.544285714284,50024.54428571429,50024.54428571429,2.5,TP,30
JP225.cash,1,2025-12-04 20:30:00+00:00,2025-12-04 21:15:00+00:00,50592.83,50486.633571428574,50858.32107142857,50486.633571428574,-1.0,SL,3
JP225.cash,1,2025-12-04 23:15:00+00:00,2025-12-05 02:00:00+00:00,50589.54,50415.59785714286,51024.39535714286,50415.59785714286,-1.0,SL,7
JP225.cash,1,2025-12-05 04:30:00+00:00,2025-12-08 02:00:00+00:00,50463.83,50235.919285714284,51033.60678571429,50235.919285714284,-1.0,SL,82
JP225.cash,1,2025-12-08 04:30:00+00:00,2025-12-08 16:15:00+00:00,50462.83,50294.595089285714,50883.41727678572,50294.595089285714,-1.0,SL,47
JP225.cash,1,2025-12-09 01:15:00+00:00,2025-12-09 01:45:00+00:00,50404.54,50322.40607142857,50609.87482142857,50609.87482142857,2.5,TP,2
JP225.cash,1,2025-12-09 02:15:00+00:00,2025-12-10 03:45:00+00:00,50587.83,50372.772142857146,51125.47464285714,50372.772142857146,-1.0,SL,98
JP225.cash,1,2025-12-10 21:30:00+00:00,2025-12-10 23:00:00+00:00,50585.83,50443.34785714286,50942.035357142864,50942.035357142864,2.5,TP,6
JP225.cash,1,2025-12-11 19:45:00+00:00,2025-12-12 02:30:00+00:00,50622.83,50456.59785714286,51038.410357142864,51038.410357142864,2.5,TP,23
JP225.cash,1,2025-12-12 02:45:00+00:00,2025-12-12 03:00:00+00:00,51021.83,50656.2275,51935.83625000001,50656.2275,-1.0,SL,1
JP225.cash,1,2025-12-12 07:30:00+00:00,2025-12-12 13:30:00+00:00,50684.83,50456.669285714284,51255.23178571429,50456.669285714284,-1.0,SL,24
JP225.cash,1,2025-12-12 14:30:00+00:00,2025-12-12 17:00:00+00:00,50559.83,50425.08,50896.705,50425.08,-1.0,SL,10
JP225.cash,-1,2025-12-16 07:30:00+00:00,2025-12-16 10:15:00+00:00,49423.83,49593.955,48998.5175,49593.955,-1.0,SL,11
JP225.cash,-1,2025-12-16 12:00:00+00:00,2025-12-16 15:30:00+00:00,49497.83,49705.09785714286,48979.660357142864,49705.09785714286,-1.0,SL,14
JP225.cash,-1,2025-12-16 20:00:00+00:00,2025-12-17 20:30:00+00:00,49559.83,49812.184642857144,48928.943392857145,48928.943392857145,2.5,TP,94
JP225.cash,1,2025-12-19 21:30:00+00:00,2025-12-19 22:45:00+00:00,50377.83,50254.794285714284,50685.41928571429,50254.794285714284,-1.0,SL,5
JP225.cash,1,2025-12-22 10:00:00+00:00,2025-12-22 10:45:00+00:00,50462.83,50353.758571428574,50735.50857142857,50353.758571428574,-1.0,SL,3
JP225.cash,1,2025-12-22 18:30:00+00:00,2025-12-23 02:00:00+00:00,50289.83,50198.86571428572,50517.24071428571,50517.24071428571,2.5,TP,26
JP225.cash,1,2025-12-23 02:15:00+00:00,2025-12-24 09:00:00+00:00,50510.83,50256.481517857144,51146.701205357145,50256.481517857144,-1.0,SL,119
JP225.cash,1,2025-12-24 17:45:00+00:00,2025-12-26 02:00:00+00:00,50359.83,50259.58892857143,50610.43267857144,50610.43267857144,2.5,TP,14
JP225.cash,1,2025-12-26 02:30:00+00:00,2025-12-26 17:00:00+00:00,50779.83,50440.79794642857,51627.410133928584,50440.79794642857,-1.0,SL,58
JP225.cash,1,2025-12-26 17:45:00+00:00,2025-12-29 02:00:00+00:00,50535.83,50433.30321428572,50792.14696428571,50433.30321428572,-1.0,SL,29
JP225.cash,-1,2025-12-29 21:15:00+00:00,2025-12-29 21:30:00+00:00,50243.83,50298.68714285715,50106.68714285714,50298.68714285715,-1.0,SL,1
JP225.cash,-1,2025-12-30 01:30:00+00:00,2025-12-30 02:00:00+00:00,50272.59,50342.45517857143,50097.92705357142,50342.45517857143,-1.0,SL,2
JP225.cash,1,2025-12-30 14:15:00+00:00,2025-12-31 02:30:00+00:00,50481.83,50388.852321428574,50714.27419642857,50388.852321428574,-1.0,SL,45
JP225.cash,1,2025-12-31 13:30:00+00:00,2025-12-31 16:00:00+00:00,50384.83,50329.07053571429,50524.22866071429,50524.22866071429,2.5,TP,10
JP225.cash,1,2025-12-31 19:00:00+00:00,2025-12-31 20:45:00+00:00,50374.83,50245.731785714284,50697.57553571429,50697.57553571429,2.5,TP,7
JP225.cash,1,2026-01-02 04:30:00+00:00,2026-01-02 11:00:00+00:00,50740.83,50528.896517857145,51270.66370535715,51270.66370535715,2.5,TP,26
JP225.cash,1,2026-01-02 21:30:00+00:00,2026-01-05 02:45:00+00:00,50956.83,50676.43714285715,51657.81214285714,51657.81214285714,2.5,TP,17
JP225.cash,1,2026-01-05 06:45:00+00:00,2026-01-06 08:30:00+00:00,51863.83,51573.71392857143,52589.12017857144,52589.12017857144,2.5,TP,99
JP225.cash,1,2026-01-06 15:00:00+00:00,2026-01-06 15:45:00+00:00,52123.83,51974.205,52497.8925,51974.205,-1.0,SL,3
JP225.cash,1,2026-01-06 17:15:00+00:00,2026-01-07 06:45:00+00:00,52155.83,51895.21392857143,52807.37017857144,51895.21392857143,-1.0,SL,50
JP225.cash,1,2026-01-07 18:30:00+00:00,2026-01-07 22:30:00+00:00,52011.83,51894.71875,52304.608125000006,51894.71875,-1.0,SL,16
JP225.cash,-1,2026-01-08 14:30:00+00:00,2026-01-08 17:15:00+00:00,51344.83,51537.481785714284,50863.20053571429,51537.481785714284,-1.0,SL,11
JP225.cash,-1,2026-01-08 23:30:00+00:00,2026-01-09 02:00:00+00:00,51494.54,51586.99071428572,51263.413214285705,51586.99071428572,-1.0,SL,6
JP225.cash,1,2026-01-09 09:00:00+00:00,2026-01-09 16:00:00+00:00,52006.83,51861.92821428572,52369.08446428571,52369.08446428571,2.5,TP,28
JP225.cash,1,2026-01-09 16:30:00+00:00,2026-01-20 11:45:00+00:00,53204.83,52090.67857142857,55990.20857142858,52090.67857142857,-1.0,SL,609
JP225.cash,-1,2026-01-21 10:00:00+00:00,2026-01-21 16:30:00+00:00,52706.83,52866.64508928572,52307.29227678571,52866.64508928572,-1.0,SL,26
JP225.cash,1,2026-01-22 10:00:00+00:00,2026-01-23 09:30:00+00:00,53747.83,53533.10044642857,54284.65388392858,53533.10044642857,-1.0,SL,90
JP225.cash,-1,2026-01-26 01:15:00+00:00,2026-01-26 02:00:00+00:00,52179.54,52871.57571428572,50449.450714285704,52871.57571428572,-1.0,SL,3
JP225.cash,-1,2026-01-26 11:30:00+00:00,2026-01-27 02:30:00+00:00,52537.83,52913.28535714286,51599.191607142864,52913.28535714286,-1.0,SL,56
JP225.cash,-1,2026-01-27 12:15:00+00:00,2026-01-28 08:00:00+00:00,53109.83,53295.31214285715,52646.12464285714,53295.31214285715,-1.0,SL,75
JP225.cash,1,2026-01-29 01:15:00+00:00,2026-01-29 02:00:00+00:00,53829.54,53702.92392857143,54146.08017857143,53702.92392857143,-1.0,SL,3
JP225.cash,1,2026-01-29 05:45:00+00:00,2026-01-29 16:45:00+00:00,53347.83,53102.62464285715,53960.84339285714,53102.62464285715,-1.0,SL,44
JP225.cash,1,2026-01-30 05:15:00+00:00,2026-02-02 02:15:00+00:00,53180.83,52875.815982142856,53943.365044642866,53943.365044642866,2.5,TP,80
JP225.cash,1,2026-02-02 02:45:00+00:00,2026-02-02 03:45:00+00:00,54101.83,53559.16883928572,55458.48290178571,53559.16883928572,-1.0,SL,4
JP225.cash,-1,2026-02-02 08:45:00+00:00,2026-02-02 09:00:00+00:00,52604.83,52851.87464285715,51987.21839285714,52851.87464285715,-1.0,SL,1
JP225.cash,1,2026-02-02 16:00:00+00:00,2026-02-02 17:15:00+00:00,53337.83,53155.633571428574,53793.32107142857,53793.32107142857,2.5,TP,5
JP225.cash,1,2026-02-03 23:00:00+00:00,2026-02-06 01:15:00+00:00,54043.83,53567.09785714286,55235.660357142864,53567.09785714286,-1.0,SL,189
JP225.cash,-1,2026-02-06 01:15:00+00:00,2026-02-06 04:15:00+00:00,53600.54,54000.32410714286,52601.07973214286,54000.32410714286,-1.0,SL,12
JP225.cash,1,2026-02-06 04:15:00+00:00,2026-02-06 16:30:00+00:00,53979.83,53250.295892857146,55803.66526785714,55803.66526785714,2.5,TP,49
JP225.cash,1,2026-02-06 17:00:00+00:00,2026-02-09 01:00:00+00:00,55824.11,55405.33,56871.06,56871.06,2.5,TP,28
JP225.cash,1,2026-02-09 10:15:00+00:00,2026-02-10 03:15:00+00:00,56544.83,56027.83892857143,57837.30767857144,57837.30767857144,2.5,TP,64
JP225.cash,1,2026-02-10 19:30:00+00:00,2026-02-11 01:15:00+00:00,58038.83,57754.669017857144,58749.232455357145,57754.669017857144,-1.0,SL,19
JP225.cash,1,2026-02-11 02:00:00+00:00,2026-02-12 03:30:00+00:00,58047.83,57691.959375,58937.50656250001,57691.959375,-1.0,SL,98
JP225.cash,1,2026-02-13 09:15:00+00:00,2026-02-13 19:30:00+00:00,57085.83,56878.5175,57604.11125,57604.11125,2.5,TP,41
JP225.cash,1,2026-02-13 23:15:00+00:00,2026-02-16 02:00:00+00:00,57557.54,57255.09973214286,58313.64066964286,57255.09973214286,-1.0,SL,7
JP225.cash,-1,2026-02-16 08:00:00+00:00,2026-02-17 02:00:00+00:00,56936.83,57096.738125,56537.0596875,56537.0596875,2.5,TP,52
JP225.cash,-1,2026-02-17 03:00:00+00:00,2026-02-17 10:00:00+00:00,56443.83,56867.301517857144,55385.15120535715,56867.301517857144,-1.0,SL,28
JP225.cash,-1,2026-02-17 11:00:00+00:00,2026-02-17 18:00:00+00:00,56663.83,56931.78794642857,55993.93513392858,56931.78794642857,-1.0,SL,28
JP225.cash,1,2026-02-19 04:45:00+00:00,2026-02-19 05:30:00+00:00,57634.83,57506.80321428572,57954.89696428571,57506.80321428572,-1.0,SL,3
JP225.cash,1,2026-02-19 06:30:00+00:00,2026-02-19 08:00:00+00:00,57639.83,57486.74964285715,58022.53089285714,57486.74964285715,-1.0,SL,6
JP225.cash,-1,2026-02-20 02:30:00+00:00,2026-02-20 17:00:00+00:00,56846.83,57131.099910714285,56136.15522321429,57131.099910714285,-1.0,SL,58
JP225.cash,-1,2026-02-23 01:45:00+00:00,2026-02-23 16:30:00+00:00,56881.54,57163.97776785714,56175.44558035715,57163.97776785714,-1.0,SL,59
JP225.cash,-1,2026-02-23 17:30:00+00:00,2026-02-24 02:30:00+00:00,56946.83,57152.571071428574,56432.47732142857,57152.571071428574,-1.0,SL,32
JP225.cash,1,2026-02-24 06:00:00+00:00,2026-02-24 16:45:00+00:00,57364.83,57186.63098214286,57810.32754464286,57810.32754464286,2.5,TP,43
JP225.cash,1,2026-02-25 01:30:00+00:00,2026-02-25 02:00:00+00:00,58068.54,57856.04892857143,58599.76767857143,57856.04892857143,-1.0,SL,2
JP225.cash,1,2026-02-25 03:30:00+00:00,2026-02-25 06:30:00+00:00,58049.83,57751.81214285715,58794.87464285714,58794.87464285714,2.5,TP,12
JP225.cash,1,2026-02-26 10:30:00+00:00,2026-02-26 17:00:00+00:00,58876.83,58687.72285714286,59349.597857142864,58687.72285714286,-1.0,SL,26
JP225.cash,1,2026-02-27 04:30:00+00:00,2026-02-27 10:00:00+00:00,58537.83,58224.584910714286,59320.94272321429,59320.94272321429,2.5,TP,22
JP225.cash,-1,2026-03-02 13:15:00+00:00,2026-03-02 18:00:00+00:00,57340.75,57626.062053571426,56627.469866071435,57626.062053571426,-1.0,SL,19
JP225.cash,-1,2026-03-02 22:30:00+00:00,2026-03-03 02:00:00+00:00,57557.75,57861.27678571428,56798.93303571429,57861.27678571428,-1.0,SL,10
JP225.cash,-1,2026-03-03 04:15:00+00:00,2026-03-03 10:00:00+00:00,56922.75,57542.689375,55372.901562499996,55372.901562499996,2.5,TP,23
JP225.cash,-1,2026-03-03 23:45:00+00:00,2026-03-04 02:15:00+00:00,55237.75,55490.166875,54606.7078125,55490.166875,-1.0,SL,6
JP225.cash,-1,2026-03-04 04:30:00+00:00,2026-03-04 10:00:00+00:00,54096.83,54855.352321428574,52200.52419642857,54855.352321428574,-1.0,SL,22
JP225.cash,-1,2026-03-05 03:45:00+00:00,2026-03-06 16:30:00+00:00,55846.83,56648.309910714284,53843.13022321429,53843.13022321429,2.5,TP,143
JP225.cash,1,2026-03-11 02:30:00+00:00,2026-03-11 03:00:00+00:00,54826.83,54599.07125,55396.22687500001,55396.22687500001,2.5,TP,2
JP225.cash,1,2026-03-11 03:15:00+00:00,2026-03-11 11:15:00+00:00,55383.83,54711.388035714284,57064.93491071429,54711.388035714284,-1.0,SL,32
JP225.cash,1,2026-03-11 16:45:00+00:00,2026-03-12 01:15:00+00:00,54709.25,54269.65,55808.25,54269.65,-1.0,SL,30
JP225.cash,-1,2026-03-12 05:15:00+00:00,2026-03-12 11:00:00+00:00,54284.75,54775.19116071428,53058.64709821429,54775.19116071428,-1.0,SL,23
JP225.cash,-1,2026-03-12 12:30:00+00:00,2026-03-12 16:15:00+00:00,54579.25,54760.744375,54125.51406249999,54125.51406249999,2.5,TP,15
JP225.cash,-1,2026-03-12 16:45:00+00:00,2026-03-13 03:00:00+00:00,54144.25,54526.05732142857,53189.73169642858,53189.73169642858,2.5,TP,37
JP225.cash,-1,2026-03-13 05:00:00+00:00,2026-03-13 11:00:00+00:00,53824.75,54100.279375,53135.926562500004,53135.926562500004,2.5,TP,24
JP225.cash,-1,2026-03-13 17:30:00+00:00,2026-03-16 15:45:00+00:00,53865.25,54367.74107142857,52609.022321428565,54367.74107142857,-1.0,SL,85
JP225.cash,-1,2026-03-17 01:15:00+00:00,2026-03-17 09:00:00+00:00,54251.44,54557.56526785714,53486.126830357156,53486.126830357156,2.5,TP,31
JP225.cash,1,2026-03-17 16:30:00+00:00,2026-03-18 22:15:00+00:00,54472.0,53899.551517857144,55903.121205357136,53899.551517857144,-1.0,SL,115
JP225.cash,-1,2026-03-19 07:00:00+00:00,2026-03-19 10:00:00+00:00,53673.0,53912.533125,53074.167187499996,53074.167187499996,2.5,TP,12
JP225.cash,-1,2026-03-19 11:45:00+00:00,2026-03-19 22:00:00+00:00,52505.5,53272.40598214286,50588.235044642846,53272.40598214286,-1.0,SL,41
JP225.cash,-1,2026-03-20 12:30:00+00:00,2026-03-20 17:00:00+00:00,53291.5,53602.71428571428,52513.46428571429,52513.46428571429,2.5,TP,18
JP225.cash,-1,2026-03-20 17:15:00+00:00,2026-03-23 03:45:00+00:00,52494.5,53192.76133928572,50748.84665178571,50748.84665178571,2.5,TP,38
JP225.cash,-1,2026-03-24 01:15:00+00:00,2026-03-24 03:30:00+00:00,53055.44,53417.93669642857,52149.198258928576,52149.198258928576,2.5,TP,9
JP225.cash,1,2026-03-25 07:00:00+00:00,2026-03-26 08:00:00+00:00,53671.0,53349.932857142856,54473.667857142864,53349.932857142856,-1.0,SL,96
JP225.cash,-1,2026-03-27 03:45:00+00:00,2026-03-27 04:30:00+00:00,52600.73,52972.67678571429,51670.86303571428,52972.67678571429,-1.0,SL,3
JP225.cash,-1,2026-03-27 10:00:00+00:00,2026-03-27 14:00:00+00:00,53114.5,53551.93571428572,52020.9107142857,52020.9107142857,2.5,TP,16
JP225.cash,-1,2026-03-27 20:45:00+00:00,2026-03-30 01:00:00+00:00,51706.5,51985.705357142855,51008.48660714286,51008.48660714286,2.5,TP,13
JP225.cash,-1,2026-03-30 12:30:00+00:00,2026-03-30 14:15:00+00:00,51805.5,52173.58258928572,50885.29352678571,52173.58258928572,-1.0,SL,7
JP225.cash,-1,2026-03-30 17:00:00+00:00,2026-03-31 04:30:00+00:00,51532.5,52003.75375,50354.36562499999,52003.75375,-1.0,SL,42
JP225.cash,-1,2026-03-31 07:00:00+00:00,2026-03-31 16:45:00+00:00,51313.5,51951.341160714284,49718.89709821429,51951.341160714284,-1.0,SL,39
JP225.cash,1,2026-04-01 07:00:00+00:00,2026-04-01 09:30:00+00:00,53318.5,53059.939732142855,53964.90066964286,53964.90066964286,2.5,TP,10
JP225.cash,1,2026-04-01 22:45:00+00:00,2026-04-02 04:00:00+00:00,54190.5,53917.64080357143,54872.64799107143,53917.64080357143,-1.0,SL,17
JP225.cash,1,2026-04-02 17:15:00+00:00,2026-04-08 01:00:00+00:00,52702.5,52122.516339285714,54152.45915178572,54152.45915178572,2.5,TP,272
JP225.cash,1,2026-04-08 02:00:00+00:00,2026-05-06 03:00:00+00:00,55911.73,53758.545178571425,61294.692053571445,61294.692053571445,2.5,TP,1844
JP225.cash,1,2026-05-08 03:15:00+00:00,2026-05-08 16:30:00+00:00,62349.73,62067.12160714286,63056.25098214287,63056.25098214287,2.5,TP,53
JP225.cash,1,2026-05-11 16:30:00+00:00,2026-05-11 17:30:00+00:00,62716.5,62504.43339285714,63246.66651785714,62504.43339285714,-1.0,SL,4
JP225.cash,1,2026-05-11 20:45:00+00:00,2026-05-12 04:15:00+00:00,62846.5,62654.47357142857,63326.56607142858,62654.47357142857,-1.0,SL,26
JP225.cash,1,2026-05-13 04:45:00+00:00,2026-05-15 04:00:00+00:00,62933.5,62372.02285714286,64337.19285714285,62372.02285714286,-1.0,SL,181
JP225.cash,-1,2026-05-15 04:30:00+00:00,2026-05-15 08:45:00+00:00,62121.0,62577.56285714286,60979.59285714285,60979.59285714285,2.5,TP,17
JP225.cash,-1,2026-05-15 11:00:00+00:00,2026-05-15 13:45:00+00:00,61881.0,62084.649732142854,61371.87566964286,62084.649732142854,-1.0,SL,11
JP225.cash,-1,2026-05-15 21:45:00+00:00,2026-05-18 03:00:00+00:00,61868.0,62076.56008928571,61346.59977678572,61346.59977678572,2.5,TP,17
JP225.cash,-1,2026-05-18 03:30:00+00:00,2026-05-18 15:45:00+00:00,61137.0,61763.361607142855,59571.09598214286,61763.361607142855,-1.0,SL,49
JP225.cash,-1,2026-05-18 21:30:00+00:00,2026-05-18 22:00:00+00:00,60975.5,61331.430625,60085.673437499994,61331.430625,-1.0,SL,2
JP225.cash,-1,2026-05-19 03:15:00+00:00,2026-05-20 03:00:00+00:00,61101.73,61662.52616071429,59699.73959821429,59699.73959821429,2.5,TP,91
JP225.cash,1,2026-05-21 17:00:00+00:00,2026-05-22 03:45:00+00:00,61598.5,61076.31696428572,62903.95758928571,62903.95758928571,2.5,TP,39
JP225.cash,1,2026-05-22 05:15:00+00:00,2026-05-25 01:00:00+00:00,63093.5,62748.87517857143,63955.06205357143,63955.06205357143,2.5,TP,75
JP225.cash,1,2026-05-25 03:30:00+00:00,2026-05-28 07:00:00+00:00,64905.0,63945.759107142854,67303.10223214286,63945.759107142854,-1.0,SL,274
JP225.cash,1,2026-05-28 16:15:00+00:00,2026-05-28 20:45:00+00:00,64810.5,64386.22455357143,65871.18861607142,65871.18861607142,2.5,TP,18
JP225.cash,1,2026-05-29 07:30:00+00:00,2026-06-01 20:30:00+00:00,66387.5,65954.78125,67469.296875,67469.296875,2.5,TP,144
JP225.cash,1,2026-06-02 08:15:00+00:00,2026-06-02 23:00:00+00:00,66427.5,65992.54410714285,67514.88973214288,67514.88973214288,2.5,TP,59
JP225.cash,1,2026-06-03 03:15:00+00:00,2026-06-05 03:00:00+00:00,67505.73,66905.08214285714,69007.34964285715,66905.08214285714,-1.0,SL,183
JP225.cash,-1,2026-06-05 10:30:00+00:00,2026-06-05 11:15:00+00:00,66550.73,66720.92330357143,66125.24674107142,66720.92330357143,-1.0,SL,3
JP225.cash,-1,2026-06-05 14:15:00+00:00,2026-06-05 16:30:00+00:00,66806.5,67116.21794642857,66032.20513392857,66032.20513392857,2.5,TP,9
JP225.cash,-1,2026-06-09 02:15:00+00:00,2026-06-09 02:45:00+00:00,65519.73,65644.16758928572,65208.63602678572,65208.63602678572,2.5,TP,2
JP225.cash,-1,2026-06-09 17:30:00+00:00,2026-06-09 18:15:00+00:00,65590.5,66033.069375,64484.076562499984,64484.076562499984,2.5,TP,3
JP225.cash,-1,2026-06-09 19:30:00+00:00,2026-06-09 22:00:00+00:00,63860.5,64704.594464285714,61750.26383928572,64704.594464285714,-1.0,SL,10
JP225.cash,-1,2026-06-09 22:45:00+00:00,2026-06-10 03:00:00+00:00,64347.5,64764.67,63304.575000000004,64764.67,-1.0,SL,13
JP225.cash,-1,2026-06-10 07:00:00+00:00,2026-06-10 11:45:00+00:00,64488.0,64848.75821428571,63586.104464285716,63586.104464285716,2.5,TP,19
JP225.cash,-1,2026-06-10 14:30:00+00:00,2026-06-10 15:30:00+00:00,63382.5,63981.91857142857,61883.953571428574,63981.91857142857,-1.0,SL,4
JP225.cash,-1,2026-06-10 18:15:00+00:00,2026-06-11 11:00:00+00:00,63935.5,64844.836875,61662.157812499994,64844.836875,-1.0,SL,63
JP225.cash,1,2026-06-12 05:15:00+00:00,2026-06-15 03:00:00+00:00,66616.0,65757.323125,68762.69218750001,68762.69218750001,2.5,TP,83
JP225.cash,1,2026-06-15 11:30:00+00:00,2026-06-15 12:30:00+00:00,69533.0,69128.12419642857,70545.18950892857,69128.12419642857,-1.0,SL,4
JP225.cash,1,2026-06-15 17:45:00+00:00,2026-06-16 06:30:00+00:00,69245.0,68974.75241071428,69920.6189732143,69920.6189732143,2.5,TP,47
JP225.cash,1,2026-06-16 06:45:00+00:00,2026-06-16 22:15:00+00:00,69982.0,69097.40214285714,72193.49464285714,69097.40214285714,-1.0,SL,62
JP225.cash,1,2026-06-17 03:30:00+00:00,2026-06-18 03:00:00+00:00,69369.0,68689.67464285715,71067.31339285712,71067.31339285712,2.5,TP,90
JP225.cash,1,2026-06-18 03:30:00+00:00,2026-06-22 14:00:00+00:00,71204.5,70366.15375,73300.365625,73300.365625,2.5,TP,210
JP225.cash,-1,2026-06-23 13:45:00+00:00,2026-06-24 02:45:00+00:00,69024.5,69496.18598214285,67845.28504464286,69496.18598214285,-1.0,SL,48
JP225.cash,-1,2026-06-24 04:15:00+00:00,2026-06-24 23:00:00+00:00,69539.0,70092.23401785715,68155.91495535713,70092.23401785715,-1.0,SL,75
JP225.cash,1,2026-06-25 08:15:00+00:00,2026-06-25 16:30:00+00:00,72235.5,71765.66401785714,73410.08995535715,71765.66401785714,-1.0,SL,33
JP225.cash,1,2026-06-25 23:15:00+00:00,2026-06-26 01:00:00+00:00,71168.5,70842.96392857142,71982.34017857144,70842.96392857142,-1.0,SL,3
JP225.cash,-1,2026-06-26 05:00:00+00:00,2026-06-29 03:30:00+00:00,69914.0,70549.36482142856,68325.5879464286,68325.5879464286,2.5,TP,86
JP225.cash,-1,2026-06-30 01:15:00+00:00,2026-06-30 03:30:00+00:00,70384.44,70707.38446428571,69577.07883928572,69577.07883928572,2.5,TP,9
JP225.cash,-1,2026-06-30 03:45:00+00:00,2026-06-30 16:45:00+00:00,69338.0,70639.42223214285,66084.44441964287,70639.42223214285,-1.0,SL,52
JP225.cash,1,2026-07-01 07:00:00+00:00,2026-07-01 16:30:00+00:00,70627.5,70136.28125,71855.546875,70136.28125,-1.0,SL,38
JP225.cash,-1,2026-07-02 02:30:00+00:00,2026-07-02 02:45:00+00:00,69552.73,69736.14928571429,69094.18178571426,69094.18178571426,2.5,TP,1
JP225.cash,-1,2026-07-02 03:15:00+00:00,2026-07-02 04:30:00+00:00,69148.0,69626.04196428572,67952.89508928571,69626.04196428572,-1.0,SL,5
JP225.cash,-1,2026-07-02 09:00:00+00:00,2026-07-02 16:45:00+00:00,69124.73,69631.27383928571,67858.37040178571,69631.27383928571,-1.0,SL,31
JP225.cash,-1,2026-07-02 17:45:00+00:00,2026-07-03 09:15:00+00:00,68680.5,69785.71017857142,65917.47455357146,69785.71017857142,-1.0,SL,58
JP225.cash,1,2026-07-06 17:00:00+00:00,2026-07-07 02:45:00+00:00,70118.5,69690.10714285714,71189.48214285713,69690.10714285714,-1.0,SL,35
JP225.cash,-1,2026-07-07 04:15:00+00:00,2026-07-07 18:30:00+00:00,69131.0,69853.41982142857,67324.95044642857,67324.95044642857,2.5,TP,57
JP225.cash,-1,2026-07-07 22:00:00+00:00,2026-07-08 03:45:00+00:00,67600.5,68157.95535714286,66206.86160714287,68157.95535714286,-1.0,SL,19
JP225.cash,-1,2026-07-08 07:15:00+00:00,2026-07-08 11:15:00+00:00,67734.0,68338.00330357143,66223.99174107143,66223.99174107143,2.5,TP,16
JP225.cash,1,2026-07-10 04:15:00+00:00,2026-07-10 09:15:00+00:00,68943.0,68528.72455357143,69978.68861607142,68528.72455357143,-1.0,SL,20
JP225.cash,1,2026-07-10 13:45:00+00:00,2026-07-10 16:15:00+00:00,68905.5,68576.15276785714,69728.86808035715,68576.15276785714,-1.0,SL,10
JP225.cash,1,2026-07-10 19:30:00+00:00,2026-07-13 01:00:00+00:00,69050.0,68639.96392857142,70075.09017857144,68639.96392857142,-1.0,SL,18
XAGUSD,-1,2025-02-17 14:30:00+00:00,2025-02-18 09:00:00+00:00,32.316,32.4870625,31.80281250000001,32.4870625,-1.0,SL,61
XAGUSD,-1,2025-02-24 13:00:00+00:00,2025-02-24 15:45:00+00:00,32.448,32.632623214285715,31.894130357142856,32.632623214285715,-1.0,SL,11
XAGUSD,-1,2025-02-25 13:15:00+00:00,2025-02-25 14:30:00+00:00,32.136,32.268323214285715,31.739030357142866,31.739030357142866,3.0,TP,5
XAGUSD,-1,2025-02-25 14:45:00+00:00,2025-02-25 16:30:00+00:00,31.732,32.18640178571428,30.368794642857154,32.18640178571428,-1.0,SL,7
XAGUSD,-1,2025-02-26 11:45:00+00:00,2025-02-26 18:00:00+00:00,31.763,31.913423214285714,31.311730357142864,31.913423214285714,-1.0,SL,25
XAGUSD,-1,2025-02-27 02:30:00+00:00,2025-02-27 03:30:00+00:00,31.87,31.918035714285715,31.72589285714286,31.918035714285715,-1.0,SL,4
XAGUSD,-1,2025-02-28 15:00:00+00:00,2025-02-28 15:15:00+00:00,31.073,31.170476785714285,30.780569642857145,31.170476785714285,-1.0,SL,1
XAGUSD,1,2025-03-05 14:30:00+00:00,2025-03-05 15:15:00+00:00,32.363,32.19943571428571,32.85369285714286,32.19943571428571,-1.0,SL,3
XAGUSD,1,2025-03-06 14:00:00+00:00,2025-03-06 14:45:00+00:00,32.43,32.29235,32.84295,32.29235,-1.0,SL,3
XAGUSD,1,2025-03-06 17:00:00+00:00,2025-03-07 15:15:00+00:00,32.625,32.35164821428572,33.44505535714285,32.35164821428572,-1.0,SL,85
XAGUSD,1,2025-03-13 11:30:00+00:00,2025-03-13 17:45:00+00:00,33.06,32.939008928571425,33.42297321428573,33.42297321428573,3.0,TP,25
XAGUSD,1,2025-03-17 17:00:00+00:00,2025-03-18 11:45:00+00:00,33.593,33.423698214285714,34.10090535714287,34.10090535714287,3.0,TP,71
XAGUSD,1,2025-03-18 19:15:00+00:00,2025-03-19 04:45:00+00:00,34.044,33.87905714285715,34.53882857142854,33.87905714285715,-1.0,SL,34
XAGUSD,-1,2025-03-24 06:00:00+00:00,2025-03-24 08:00:00+00:00,33.04,33.186675,32.59997499999999,33.186675,-1.0,SL,8
XAGUSD,-1,2025-03-24 13:00:00+00:00,2025-03-25 13:30:00+00:00,33.141,33.301446428571424,32.65966071428572,33.301446428571424,-1.0,SL,94
XAGUSD,1,2025-03-26 12:30:00+00:00,2025-03-26 15:30:00+00:00,33.667,33.61241964285714,33.830741071428584,33.830741071428584,3.0,TP,12
XAGUSD,1,2025-03-26 19:45:00+00:00,2025-03-26 22:00:00+00:00,33.69,33.57962321428571,34.02113035714286,33.57962321428571,-1.0,SL,9
XAGUSD,1,2025-03-27 13:15:00+00:00,2025-03-28 16:00:00+00:00,33.884,33.65524464285714,34.57026607142858,34.57026607142858,3.0,TP,103
XAGUSD,-1,2025-04-02 07:00:00+00:00,2025-04-02 11:15:00+00:00,33.813,33.89717678571429,33.56046964285715,33.89717678571429,-1.0,SL,17
XAGUSD,-1,2025-04-02 14:00:00+00:00,2025-04-02 23:15:00+00:00,33.861,34.0464375,33.30468749999998,34.0464375,-1.0,SL,37
XAGUSD,-1,2025-04-03 13:15:00+00:00,2025-04-04 05:30:00+00:00,32.545,32.87819642857143,31.545410714285723,31.545410714285723,3.0,TP,61
XAGUSD,-1,2025-04-04 15:00:00+00:00,2025-04-04 17:00:00+00:00,31.225,31.55536964285714,30.233891071428584,30.233891071428584,3.0,TP,8
XAGUSD,-1,2025-04-07 06:00:00+00:00,2025-04-09 20:45:00+00:00,30.352,30.859126785714285,28.830619642857148,30.859126785714285,-1.0,SL,243
XAGUSD,1,2025-04-10 17:30:00+00:00,2025-04-14 12:00:00+00:00,31.004,30.56301428571429,32.32695714285714,32.32695714285714,3.0,TP,162
XAGUSD,1,2025-04-14 14:30:00+00:00,2025-04-14 15:30:00+00:00,32.349,32.13971607142857,32.97685178571427,32.13971607142857,-1.0,SL,4
XAGUSD,1,2025-04-15 18:45:00+00:00,2025-04-15 20:45:00+00:00,32.189,32.138778571428574,32.33966428571428,32.33966428571428,3.0,TP,8
XAGUSD,1,2025-04-24 13:15:00+00:00,2025-04-24 16:15:00+00:00,33.405,33.31292321428572,33.68123035714285,33.31292321428572,-1.0,SL,12
XAGUSD,1,2025-04-24 19:15:00+00:00,2025-04-25 08:45:00+00:00,33.486,33.32377142857143,33.97268571428569,33.32377142857143,-1.0,SL,50
XAGUSD,-1,2025-04-28 13:00:00+00:00,2025-04-28 13:45:00+00:00,32.826,33.013883928571424,32.26234821428573,33.013883928571424,-1.0,SL,3
XAGUSD,-1,2025-04-29 06:15:00+00:00,2025-04-29 10:45:00+00:00,33.057,33.239555357142855,32.50933392857144,33.239555357142855,-1.0,SL,18
XAGUSD,-1,2025-04-30 14:15:00+00:00,2025-04-30 15:30:00+00:00,32.216,32.38157678571428,31.719269642857164,32.38157678571428,-1.0,SL,5
XAGUSD,-1,2025-05-01 13:15:00+00:00,2025-05-01 15:30:00+00:00,31.999,32.28442321428571,31.142730357142867,32.28442321428571,-1.0,SL,9
XAGUSD,-1,2025-05-01 19:00:00+00:00,2025-05-02 01:00:00+00:00,32.245,32.41932142857143,31.722035714285703,32.41932142857143,-1.0,SL,20
XAGUSD,-1,2025-05-02 12:15:00+00:00,2025-05-02 15:30:00+00:00,32.459,32.57388035714286,32.11435892857143,32.57388035714286,-1.0,SL,13
XAGUSD,-1,2025-05-05 16:45:00+00:00,2025-05-06 03:45:00+00:00,32.392,32.62197321428571,31.702080357142883,32.62197321428571,-1.0,SL,40
XAGUSD,1,2025-05-06 13:15:00+00:00,2025-05-07 04:00:00+00:00,33.061,32.91030178571429,33.51309464285713,32.91030178571429,-1.0,SL,55
XAGUSD,1,2025-05-07 07:30:00+00:00,2025-05-07 11:30:00+00:00,33.048,32.92116071428571,33.42851785714287,32.92116071428571,-1.0,SL,16
XAGUSD,1,2025-05-07 14:15:00+00:00,2025-05-07 16:15:00+00:00,32.882,32.73249464285715,33.33051607142855,32.73249464285715,-1.0,SL,8
XAGUSD,-1,2025-05-08 14:15:00+00:00,2025-05-08 16:00:00+00:00,32.399,32.5303375,32.0049875,32.5303375,-1.0,SL,7
XAGUSD,1,2025-05-21 17:45:00+00:00,2025-05-22 06:45:00+00:00,33.249,33.12995178571429,33.60614464285714,33.60614464285714,3.0,TP,48
XAGUSD,1,2025-05-23 17:45:00+00:00,2025-05-27 10:00:00+00:00,33.256,33.035250000000005,33.918249999999986,33.035250000000005,-1.0,SL,143
XAGUSD,-1,2025-05-28 18:00:00+00:00,2025-05-29 02:00:00+00:00,33.099,33.165216071428574,32.900351785714264,32.900351785714264,3.0,TP,28
XAGUSD,1,2025-05-29 13:30:00+00:00,2025-05-29 16:15:00+00:00,33.374,33.23265892857143,33.79802321428571,33.23265892857143,-1.0,SL,11
XAGUSD,-1,2025-05-30 16:30:00+00:00,2025-06-02 10:00:00+00:00,33.106,33.29985357142857,32.524439285714294,33.29985357142857,-1.0,SL,66
XAGUSD,1,2025-06-03 07:30:00+00:00,2025-06-05 11:30:00+00:00,34.138,33.95675178571428,34.68174464285715,34.68174464285715,3.0,TP,200
XAGUSD,1,2025-06-05 13:45:00+00:00,2025-06-05 16:00:00+00:00,35.701,35.52299285714286,36.23502142857142,35.52299285714286,-1.0,SL,9
XAGUSD,1,2025-06-06 19:00:00+00:00,2025-06-09 21:15:00+00:00,36.06,35.81921428571428,36.782357142857165,36.782357142857165,3.0,TP,101
XAGUSD,1,2025-06-10 12:30:00+00:00,2025-06-10 17:00:00+00:00,36.572,36.45781607142857,36.91455178571431,36.45781607142857,-1.0,SL,18
XAGUSD,1,2025-06-11 10:00:00+00:00,2025-06-11 12:00:00+00:00,36.564,36.36762857142857,37.153114285714295,36.36762857142857,-1.0,SL,8
XAGUSD,1,2025-06-12 14:00:00+00:00,2025-06-17 14:00:00+00:00,36.202,35.86765,37.20505,37.20505,3.0,TP,276
XAGUSD,-1,2025-06-20 23:00:00+00:00,2025-06-23 01:15:00+00:00,35.998,36.08177142857143,35.746685714285704,36.08177142857143,-1.0,SL,5
XAGUSD,-1,2025-06-23 12:45:00+00:00,2025-06-23 14:15:00+00:00,36.122,36.227017857142854,35.806946428571436,36.227017857142854,-1.0,SL,6
XAGUSD,-1,2025-06-23 15:45:00+00:00,2025-06-23 16:45:00+00:00,36.034,36.22971607142858,35.446851785714266,36.22971607142858,-1.0,SL,4
XAGUSD,-1,2025-06-30 14:00:00+00:00,2025-07-01 01:00:00+00:00,36.028,36.11959642857143,35.753210714285714,36.11959642857143,-1.0,SL,40
XAGUSD,1,2025-07-03 13:45:00+00:00,2025-07-03 15:15:00+00:00,36.872,36.77544821428571,37.16165535714287,36.77544821428571,-1.0,SL,6
XAGUSD,1,2025-07-03 16:45:00+00:00,2025-07-07 07:30:00+00:00,36.868,36.3937875,38.2906375,36.3937875,-1.0,SL,131
XAGUSD,1,2025-07-08 14:00:00+00:00,2025-07-08 15:00:00+00:00,36.803,36.658075000000004,37.23777499999998,36.658075000000004,-1.0,SL,4
XAGUSD,1,2025-07-11 20:00:00+00:00,2025-07-14 07:30:00+00:00,38.334,38.13616071428571,38.92751785714289,38.92751785714289,3.0,TP,42
XAGUSD,1,2025-07-14 20:00:00+00:00,2025-07-14 22:15:00+00:00,38.448,38.213542857142855,39.15137142857144,38.213542857142855,-1.0,SL,9
XAGUSD,1,2025-07-22 13:15:00+00:00,2025-07-22 16:00:00+00:00,38.863,38.75224642857143,39.1952607142857,39.1952607142857,3.0,TP,11
XAGUSD,1,2025-07-22 17:45:00+00:00,2025-07-24 15:45:00+00:00,39.066,38.773383928571434,39.94384821428571,38.773383928571434,-1.0,SL,176
XAGUSD,-1,2025-07-25 17:30:00+00:00,2025-07-25 18:00:00+00:00,38.706,38.842351785714285,38.296944642857156,38.296944642857156,3.0,TP,2
XAGUSD,-1,2025-07-28 20:45:00+00:00,2025-07-29 02:00:00+00:00,38.043,38.17452142857143,37.648435714285704,38.17452142857143,-1.0,SL,17
XAGUSD,-1,2025-07-29 12:15:00+00:00,2025-07-29 18:00:00+00:00,38.145,38.217755357142856,37.926733928571444,38.217755357142856,-1.0,SL,23
XAGUSD,-1,2025-07-29 18:45:00+00:00,2025-07-29 20:30:00+00:00,38.073,38.18550892857143,37.73547321428571,38.18550892857143,-1.0,SL,7
XAGUSD,-1,2025-07-30 09:00:00+00:00,2025-07-30 15:30:00+00:00,38.077,38.186912500000005,37.74726249999998,37.74726249999998,3.0,TP,26
XAGUSD,-1,2025-07-30 18:45:00+00:00,2025-07-30 21:00:00+00:00,37.57,37.727775,37.096675,37.727775,-1.0,SL,9
XAGUSD,-1,2025-07-31 13:30:00+00:00,2025-08-01 15:45:00+00:00,36.647,36.964425,35.694725,36.964425,-1.0,SL,101
XAGUSD,-1,2025-08-01 19:30:00+00:00,2025-08-01 22:30:00+00:00,36.799,36.974921428571434,36.271235714285694,36.974921428571434,-1.0,SL,12
XAGUSD,1,2025-08-06 16:30:00+00:00,2025-08-07 13:30:00+00:00,37.862,37.703508928571424,38.33747321428574,38.33747321428574,3.0,TP,80
XAGUSD,1,2025-08-07 14:00:00+00:00,2025-08-07 15:15:00+00:00,38.391,38.22103928571428,38.90088214285714,38.22103928571428,-1.0,SL,5
XAGUSD,1,2025-08-08 06:45:00+00:00,2025-08-08 10:45:00+00:00,38.165,38.07450178571428,38.43649464285715,38.43649464285715,3.0,TP,16
XAGUSD,-1,2025-08-12 13:00:00+00:00,2025-08-12 16:00:00+00:00,37.729,37.83210535714286,37.41968392857142,37.83210535714286,-1.0,SL,12
XAGUSD,-1,2025-08-19 14:00:00+00:00,2025-08-19 15:15:00+00:00,38.064,38.110412499999995,37.924762500000014,38.110412499999995,-1.0,SL,5
XAGUSD,1,2025-08-25 15:00:00+00:00,2025-08-25 15:30:00+00:00,38.815,38.682653571428574,39.21203928571427,38.682653571428574,-1.0,SL,2
XAGUSD,1,2025-08-25 17:00:00+00:00,2025-08-25 22:45:00+00:00,38.758,38.59367678571429,39.25096964285715,38.59367678571429,-1.0,SL,23
XAGUSD,1,2025-08-26 03:30:00+00:00,2025-08-26 13:30:00+00:00,38.679,38.38641785714286,39.55674642857143,38.38641785714286,-1.0,SL,40
XAGUSD,1,2025-08-29 16:00:00+00:00,2025-08-29 18:45:00+00:00,38.937,38.73864821428572,39.53205535714284,39.53205535714284,3.0,TP,11
XAGUSD,1,2025-09-01 13:30:00+00:00,2025-09-01 14:00:00+00:00,40.633,40.50235714285714,41.02492857142858,40.50235714285714,-1.0,SL,2
XAGUSD,1,2025-09-01 16:30:00+00:00,2025-09-02 10:45:00+00:00,40.687,40.49084642857143,41.2754607142857,40.49084642857143,-1.0,SL,59
XAGUSD,1,2025-09-02 13:45:00+00:00,2025-09-02 15:15:00+00:00,40.512,40.36523214285714,40.95230357142859,40.36523214285714,-1.0,SL,6
XAGUSD,1,2025-09-02 17:30:00+00:00,2025-09-03 17:15:00+00:00,40.562,40.27933214285714,41.41000357142856,41.41000357142856,3.0,TP,91
XAGUSD,1,2025-09-08 18:15:00+00:00,2025-09-09 14:45:00+00:00,41.606,41.161969642857144,42.93809107142857,41.161969642857144,-1.0,SL,78
XAGUSD,1,2025-09-11 18:30:00+00:00,2025-09-12 04:45:00+00:00,41.415,41.24245357142858,41.93263928571427,41.93263928571427,3.0,TP,37
XAGUSD,1,2025-09-12 19:45:00+00:00,2025-09-12 23:00:00+00:00,42.243,42.14013571428571,42.55159285714287,42.14013571428571,-1.0,SL,13
XAGUSD,1,2025-09-15 03:30:00+00:00,2025-09-15 04:00:00+00:00,42.199,42.050785714285716,42.643642857142844,42.050785714285716,-1.0,SL,2
XAGUSD,1,2025-09-15 14:30:00+00:00,2025-09-15 15:00:00+00:00,42.214,42.15944642857143,42.37766071428571,42.15944642857143,-1.0,SL,2
XAGUSD,1,2025-09-16 14:45:00+00:00,2025-09-16 17:30:00+00:00,42.803,42.661589285714285,43.22723214285713,42.661589285714285,-1.0,SL,11
XAGUSD,1,2025-09-16 19:30:00+00:00,2025-09-17 04:30:00+00:00,42.542,42.270424999999996,43.35672500000002,42.270424999999996,-1.0,SL,32
XAGUSD,-1,2025-09-17 20:15:00+00:00,2025-09-17 21:00:00+00:00,41.91,42.05209464285715,41.48371607142854,42.05209464285715,-1.0,SL,3
XAGUSD,1,2025-09-22 20:45:00+00:00,2025-09-23 04:00:00+00:00,44.018,43.8623125,44.4850625,43.8623125,-1.0,SL,25
XAGUSD,1,2025-09-23 12:15:00+00:00,2025-09-24 04:15:00+00:00,44.155,43.838312499999994,45.105062500000024,43.838312499999994,-1.0,SL,60
XAGUSD,1,2025-09-24 14:45:00+00:00,2025-09-24 18:45:00+00:00,44.006,43.85109821428572,44.47070535714284,43.85109821428572,-1.0,SL,16
XAGUSD,1,2025-09-26 03:00:00+00:00,2025-09-26 05:15:00+00:00,44.893,44.672376785714285,45.55486964285715,44.672376785714285,-1.0,SL,9
XAGUSD,1,2025-09-26 14:30:00+00:00,2025-09-26 15:30:00+00:00,45.139,44.988214285714285,45.591357142857156,44.988214285714285,-1.0,SL,4
XAGUSD,1,2025-09-26 17:15:00+00:00,2025-09-26 20:00:00+00:00,45.621,45.39004285714286,46.31387142857143,46.31387142857143,3.0,TP,11
XAGUSD,1,2025-09-29 17:45:00+00:00,2025-09-30 11:15:00+00:00,46.961,46.57101964285714,48.13094107142858,46.57101964285714,-1.0,SL,66
XAGUSD,1,2025-09-30 17:30:00+00:00,2025-10-02 15:30:00+00:00,46.533,46.09735178571429,47.83994464285714,47.83994464285714,3.0,TP,176
XAGUSD,1,2025-10-03 13:15:00+00:00,2025-10-03 14:30:00+00:00,47.402,47.24510178571428,47.872694642857155,47.24510178571428,-1.0,SL,5
XAGUSD,1,2025-10-03 15:15:00+00:00,2025-10-06 06:30:00+00:00,47.633,47.36894285714286,48.425171428571424,48.425171428571424,3.0,TP,57
XAGUSD,1,2025-10-06 12:15:00+00:00,2025-10-06 12:30:00+00:00,48.685,48.58433214285714,48.98700357142858,48.58433214285714,-1.0,SL,1
XAGUSD,1,2025-10-07 15:00:00+00:00,2025-10-07 15:30:00+00:00,48.585,48.365275,49.24417500000001,48.365275,-1.0,SL,2
XAGUSD,1,2025-10-08 05:30:00+00:00,2025-10-09 15:15:00+00:00,48.283,47.780882142857145,49.78935357142857,49.78935357142857,3.0,TP,131
XAGUSD,1,2025-10-10 13:45:00+00:00,2025-10-10 19:45:00+00:00,50.397,49.659664285714285,52.60900714285714,49.659664285714285,-1.0,SL,24
XAGUSD,1,2025-10-10 20:45:00+00:00,2025-10-13 01:00:00+00:00,50.044,49.65346964285714,51.21559107142857,49.65346964285714,-1.0,SL,13
XAGUSD,1,2025-10-13 14:30:00+00:00,2025-10-14 06:30:00+00:00,51.377,50.7697,53.19890000000001,53.19890000000001,3.0,TP,60
XAGUSD,1,2025-10-14 17:15:00+00:00,2025-10-21 11:00:00+00:00,51.596,50.44853392857143,55.0383982142857,50.44853392857143,-1.0,SL,435
XAGUSD,-1,2025-10-21 17:00:00+00:00,2025-10-27 17:30:00+00:00,48.99,49.853744642857144,46.398766071428575,46.398766071428575,3.0,TP,370
XAGUSD,-1,2025-10-28 07:45:00+00:00,2025-10-28 11:00:00+00:00,46.714,46.89487142857143,46.17138571428571,46.17138571428571,3.0,TP,13
XAGUSD,1,2025-10-30 15:00:00+00:00,2025-10-30 15:30:00+00:00,48.123,47.906346428571425,48.772960714285716,47.906346428571425,-1.0,SL,2
XAGUSD,-1,2025-11-04 12:15:00+00:00,2025-11-04 16:30:00+00:00,47.82,48.01007857142857,47.249764285714285,47.249764285714285,3.0,TP,17
XAGUSD,-1,2025-11-04 19:30:00+00:00,2025-11-05 10:00:00+00:00,47.546,47.87977142857143,46.544685714285706,47.87977142857143,-1.0,SL,54
XAGUSD,1,2025-11-10 05:00:00+00:00,2025-11-10 10:30:00+00:00,49.01,48.69504642857143,49.9548607142857,49.9548607142857,3.0,TP,22
XAGUSD,1,2025-11-11 18:30:00+00:00,2025-11-12 10:30:00+00:00,50.678,50.290910714285715,51.83926785714284,51.83926785714284,3.0,TP,60
XAGUSD,1,2025-11-13 14:30:00+00:00,2025-11-13 15:30:00+00:00,53.921,53.51011428571429,55.153657142857135,53.51011428571429,-1.0,SL,4
XAGUSD,-1,2025-11-17 16:00:00+00:00,2025-11-17 17:30:00+00:00,50.566,50.925017857142855,49.488946428571445,50.925017857142855,-1.0,SL,6
XAGUSD,-1,2025-11-18 14:15:00+00:00,2025-11-18 16:15:00+00:00,50.154,50.533257142857146,49.01622857142858,50.533257142857146,-1.0,SL,8
XAGUSD,1,2025-11-19 20:15:00+00:00,2025-11-20 10:15:00+00:00,51.148,50.49895535714286,53.09513392857143,50.49895535714286,-1.0,SL,52
XAGUSD,-1,2025-11-24 03:30:00+00:00,2025-11-24 11:00:00+00:00,49.88,50.17919285714286,48.982421428571435,50.17919285714286,-1.0,SL,30
XAGUSD,1,2025-11-25 15:30:00+00:00,2025-11-25 16:30:00+00:00,51.394,51.08110357142857,52.33268928571428,51.08110357142857,-1.0,SL,4
XAGUSD,1,2025-11-25 18:45:00+00:00,2025-11-26 12:00:00+00:00,51.121,50.70509821428572,52.36870535714285,52.36870535714285,3.0,TP,65
XAGUSD,1,2025-11-27 13:15:00+00:00,2025-11-27 15:00:00+00:00,53.296,53.122253571428566,53.8172392857143,53.122253571428566,-1.0,SL,7
XAGUSD,1,2025-11-28 18:00:00+00:00,2025-12-01 03:00:00+00:00,55.549,54.90170357142857,57.49088928571429,57.49088928571429,3.0,TP,23
XAGUSD,1,2025-12-02 13:45:00+00:00,2025-12-02 16:15:00+00:00,57.262,56.92561428571428,58.271157142857156,58.271157142857156,3.0,TP,10
XAGUSD,1,2025-12-03 13:45:00+00:00,2025-12-03 15:15:00+00:00,58.194,57.98915892857143,58.80852321428573,58.80852321428573,3.0,TP,6
XAGUSD,1,2025-12-03 17:45:00+00:00,2025-12-03 18:45:00+00:00,58.611,58.211555357142856,59.80933392857142,58.211555357142856,-1.0,SL,4
XAGUSD,1,2025-12-05 12:15:00+00:00,2025-12-05 15:00:00+00:00,58.194,57.86702678571429,59.17491964285715,57.86702678571429,-1.0,SL,11
XAGUSD,1,2025-12-10 15:30:00+00:00,2025-12-10 15:45:00+00:00,61.166,60.964373214285715,61.77088035714284,60.964373214285715,-1.0,SL,1
XAGUSD,1,2025-12-10 18:30:00+00:00,2025-12-10 19:45:00+00:00,60.756,60.47132142857143,61.610035714285715,60.47132142857143,-1.0,SL,5
XAGUSD,1,2025-12-10 22:15:00+00:00,2025-12-17 07:00:00+00:00,61.668,60.16773571428571,66.16879285714286,66.16879285714286,3.0,TP,399
XAGUSD,1,2025-12-17 17:15:00+00:00,2025-12-18 16:30:00+00:00,65.997,65.14098928571428,68.56503214285715,65.14098928571428,-1.0,SL,89
XAGUSD,1,2025-12-19 08:00:00+00:00,2025-12-22 03:00:00+00:00,65.832,65.22777857142857,67.64466428571426,67.64466428571426,3.0,TP,72
XAGUSD,1,2025-12-24 14:30:00+00:00,2025-12-24 15:00:00+00:00,72.391,71.88976964285715,73.89469107142858,71.88976964285715,-1.0,SL,2
XAGUSD,1,2025-12-24 18:30:00+00:00,2025-12-26 02:00:00+00:00,71.183,70.39988392857143,73.53234821428575,73.53234821428575,3.0,TP,13
XAGUSD,1,2025-12-26 20:15:00+00:00,2025-12-26 23:15:00+00:00,76.51,75.8193857142857,78.58184285714292,78.58184285714292,3.0,TP,12
XAGUSD,1,2025-12-30 13:30:00+00:00,2025-12-30 15:00:00+00:00,74.848,74.30335357142857,76.48193928571428,76.48193928571428,3.0,TP,6
XAGUSD,1,2026-01-05 16:30:00+00:00,2026-01-07 01:00:00+00:00,76.633,74.96495357142858,81.63713928571424,81.63713928571424,3.0,TP,122
XAGUSD,1,2026-01-07 09:30:00+00:00,2026-01-07 14:15:00+00:00,79.814,78.29530535714285,84.37008392857142,78.29530535714285,-1.0,SL,19
XAGUSD,1,2026-01-08 03:30:00+00:00,2026-01-08 05:00:00+00:00,78.793,77.60121071428571,82.36836785714289,77.60121071428571,-1.0,SL,6
XAGUSD,-1,2026-01-09 02:00:00+00:00,2026-01-09 04:00:00+00:00,76.678,77.25894821428572,74.93515535714282,77.25894821428572,-1.0,SL,8
XAGUSD,1,2026-01-09 15:30:00+00:00,2026-01-09 17:15:00+00:00,77.906,77.27739642857144,79.79181071428572,79.79181071428572,3.0,TP,7
XAGUSD,1,2026-01-13 06:30:00+00:00,2026-01-13 07:30:00+00:00,85.704,85.18751607142858,87.25345178571425,85.18751607142858,-1.0,SL,4
XAGUSD,1,2026-01-13 15:15:00+00:00,2026-01-14 06:15:00+00:00,86.904,85.42856785714285,91.33029642857143,91.33029642857143,3.0,TP,56
XAGUSD,1,2026-01-14 14:30:00+00:00,2026-01-14 17:00:00+00:00,91.239,90.30122499999999,94.05232500000005,90.30122499999999,-1.0,SL,10
XAGUSD,1,2026-01-14 20:30:00+00:00,2026-01-15 03:30:00+00:00,91.658,89.82962321428572,97.14313035714285,89.82962321428572,-1.0,SL,24
XAGUSD,1,2026-01-15 18:30:00+00:00,2026-01-16 04:30:00+00:00,91.57,89.53273571428572,97.68179285714281,89.53273571428572,-1.0,SL,36
XAGUSD,1,2026-01-16 09:30:00+00:00,2026-01-16 13:00:00+00:00,90.825,90.01472678571427,93.25581964285719,90.01472678571427,-1.0,SL,14
XAGUSD,1,2026-01-19 17:15:00+00:00,2026-01-20 02:15:00+00:00,93.832,93.14796071428572,95.88411785714283,93.14796071428572,-1.0,SL,22
XAGUSD,1,2026-01-21 02:00:00+00:00,2026-01-21 03:30:00+00:00,94.874,94.07377678571429,97.27466964285712,94.07377678571429,-1.0,SL,6
XAGUSD,1,2026-01-21 16:00:00+00:00,2026-01-21 16:15:00+00:00,94.978,94.09443928571429,97.62868214285712,94.09443928571429,-1.0,SL,1
XAGUSD,1,2026-01-22 17:45:00+00:00,2026-01-23 17:00:00+00:00,95.26,93.73333392857143,99.83999821428574,99.83999821428574,3.0,TP,89
XAGUSD,1,2026-01-26 14:15:00+00:00,2026-01-26 18:15:00+00:00,109.737,108.44050357142858,113.62648928571424,113.62648928571424,3.0,TP,16
XAGUSD,1,2026-01-27 01:30:00+00:00,2026-01-28 22:45:00+00:00,106.554,103.002625,117.20812500000002,117.20812500000002,3.0,TP,177
XAGUSD,-1,2026-01-30 10:00:00+00:00,2026-01-30 11:30:00+00:00,107.107,109.58592321428571,99.67023035714286,99.67023035714286,3.0,TP,6
XAGUSD,-1,2026-02-02 12:45:00+00:00,2026-02-02 13:15:00+00:00,80.614,83.01565714285715,73.40902857142856,83.01565714285715,-1.0,SL,2
XAGUSD,-1,2026-02-02 17:15:00+00:00,2026-02-03 01:45:00+00:00,78.906,82.43309107142856,68.32472678571433,82.43309107142856,-1.0,SL,30
XAGUSD,-1,2026-02-03 19:15:00+00:00,2026-02-04 08:45:00+00:00,85.359,88.7396767857143,75.2169696428571,88.7396767857143,-1.0,SL,50
XAGUSD,-1,2026-02-04 17:00:00+00:00,2026-02-05 04:00:00+00:00,89.617,91.87456607142857,82.8443017857143,82.8443017857143,3.0,TP,40
XAGUSD,-1,2026-02-05 14:30:00+00:00,2026-02-05 23:30:00+00:00,76.962,78.85065535714286,71.29603392857145,71.29603392857145,3.0,TP,36
XAGUSD,-1,2026-02-06 08:45:00+00:00,2026-02-06 15:00:00+00:00,73.22,75.39731964285714,66.68804107142857,75.39731964285714,-1.0,SL,25
XAGUSD,1,2026-02-11 13:45:00+00:00,2026-02-11 14:30:00+00:00,85.929,85.3630125,87.62696250000002,85.3630125,-1.0,SL,3
XAGUSD,1,2026-02-11 19:00:00+00:00,2026-02-12 01:45:00+00:00,83.647,82.97028928571429,85.67713214285716,82.97028928571429,-1.0,SL,23
XAGUSD,1,2026-02-12 05:30:00+00:00,2026-02-12 09:00:00+00:00,83.701,82.86766428571428,86.20100714285712,82.86766428571428,-1.0,SL,14
XAGUSD,1,2026-02-12 11:15:00+00:00,2026-02-12 12:45:00+00:00,83.92,83.35301249999999,85.62096250000003,83.35301249999999,-1.0,SL,6
XAGUSD,-1,2026-02-13 13:15:00+00:00,2026-02-13 15:30:00+00:00,77.063,78.81887857142857,71.7953642857143,78.81887857142857,-1.0,SL,9
XAGUSD,-1,2026-02-13 17:00:00+00:00,2026-02-17 16:45:00+00:00,77.326,79.00723035714286,72.2823089285714,72.2823089285714,3.0,TP,173
XAGUSD,1,2026-02-19 15:00:00+00:00,2026-02-19 16:00:00+00:00,78.097,77.65851071428571,79.41246785714284,77.65851071428571,-1.0,SL,4
XAGUSD,1,2026-02-19 16:00:00+00:00,2026-02-19 16:15:00+00:00,78.35,77.70771607142858,80.27685178571424,77.70771607142858,-1.0,SL,1
XAGUSD,1,2026-02-19 22:30:00+00:00,2026-02-20 05:30:00+00:00,78.148,77.59947142857142,79.79358571428573,77.59947142857142,-1.0,SL,24
XAGUSD,1,2026-02-20 07:00:00+00:00,2026-02-20 11:00:00+00:00,78.182,77.50819821428571,80.20340535714287,80.20340535714287,3.0,TP,16
XAGUSD,1,2026-02-20 12:45:00+00:00,2026-02-20 13:30:00+00:00,80.617,80.23578571428571,81.76064285714288,80.23578571428571,-1.0,SL,3
XAGUSD,1,2026-02-20 18:00:00+00:00,2026-02-23 01:00:00+00:00,81.736,80.64408035714285,85.01175892857145,85.01175892857145,3.0,TP,24
XAGUSD,1,2026-02-23 15:00:00+00:00,2026-02-23 15:15:00+00:00,87.067,86.48231785714286,88.82104642857139,86.48231785714286,-1.0,SL,1
XAGUSD,1,2026-02-23 17:00:00+00:00,2026-02-24 03:15:00+00:00,87.245,85.58665892857144,92.2200232142857,85.58665892857144,-1.0,SL,37
XAGUSD,1,2026-02-24 07:30:00+00:00,2026-02-24 08:00:00+00:00,87.141,86.58225178571429,88.81724464285715,88.81724464285715,3.0,TP,2
XAGUSD,1,2026-02-24 17:00:00+00:00,2026-02-26 17:15:00+00:00,87.089,85.54990714285714,91.70627857142858,85.54990714285714,-1.0,SL,185
XAGUSD,1,2026-02-26 21:00:00+00:00,2026-02-27 08:00:00+00:00,87.427,86.4887767857143,90.24166964285715,90.24166964285715,3.0,TP,40
XAGUSD,-1,2026-03-03 13:30:00+00:00,2026-03-04 04:00:00+00:00,79.521,84.57875,64.34775,84.57875,-1.0,SL,54
XAGUSD,-1,2026-03-04 12:45:00+00:00,2026-03-04 14:00:00+00:00,85.81,86.58520357142856,83.48438928571431,86.58520357142856,-1.0,SL,5
XAGUSD,-1,2026-03-04 14:45:00+00:00,2026-03-05 08:00:00+00:00,85.322,86.76617678571428,80.98946964285717,80.98946964285717,3.0,TP,65
XAGUSD,-1,2026-03-05 15:30:00+00:00,2026-03-06 05:15:00+00:00,82.485,84.49275178571428,76.46174464285717,84.49275178571428,-1.0,SL,51
XAGUSD,-1,2026-03-06 14:00:00+00:00,2026-03-06 15:30:00+00:00,82.241,83.27687857142858,79.13336428571425,83.27687857142858,-1.0,SL,6
XAGUSD,1,2026-03-10 18:30:00+00:00,2026-03-10 21:15:00+00:00,89.532,88.39385535714285,92.94643392857142,88.39385535714285,-1.0,SL,11
XAGUSD,1,2026-03-11 06:15:00+00:00,2026-03-11 08:15:00+00:00,88.583,87.93088392857143,90.5393482142857,87.93088392857143,-1.0,SL,8
XAGUSD,-1,2026-03-12 20:45:00+00:00,2026-03-13 09:15:00+00:00,84.867,85.55590535714286,82.80028392857143,82.80028392857143,3.0,TP,46
XAGUSD,-1,2026-03-16 10:00:00+00:00,2026-03-16 12:30:00+00:00,80.072,80.60438928571428,78.47483214285718,78.47483214285718,3.0,TP,10
XAGUSD,-1,2026-03-16 13:15:00+00:00,2026-03-16 14:15:00+00:00,77.15,79.32262142857142,70.63213571428575,79.32262142857142,-1.0,SL,4
XAGUSD,-1,2026-03-16 17:45:00+00:00,2026-03-17 04:45:00+00:00,80.386,81.42195,77.27815,81.42195,-1.0,SL,40
XAGUSD,-1,2026-03-17 13:30:00+00:00,2026-03-17 16:15:00+00:00,80.397,81.04561071428571,78.45116785714288,81.04561071428571,-1.0,SL,11
XAGUSD,-1,2026-03-17 17:45:00+00:00,2026-03-17 18:30:00+00:00,80.637,81.36154464285714,78.46336607142858,78.46336607142858,3.0,TP,3
XAGUSD,-1,2026-03-18 17:45:00+00:00,2026-03-19 09:30:00+00:00,76.334,77.59765,72.54305000000001,72.54305000000001,3.0,TP,59
XAGUSD,-1,2026-03-20 13:00:00+00:00,2026-03-23 03:30:00+00:00,71.661,73.42680714285714,66.36357857142858,66.36357857142858,3.0,TP,54
XAGUSD,-1,2026-03-23 19:00:00+00:00,2026-03-24 23:15:00+00:00,67.855,70.5167232142857,59.8698303571429,70.5167232142857,-1.0,SL,109
XAGUSD,1,2026-03-25 17:45:00+00:00,2026-03-25 18:15:00+00:00,72.861,72.06080892857142,75.26157321428576,72.06080892857142,-1.0,SL,2
XAGUSD,1,2026-03-26 03:30:00+00:00,2026-03-26 08:45:00+00:00,71.619,70.32035357142857,75.51493928571429,70.32035357142857,-1.0,SL,21
XAGUSD,-1,2026-03-27 02:30:00+00:00,2026-03-27 06:15:00+00:00,68.532,69.05464464285714,66.96406607142856,69.05464464285714,-1.0,SL,15
XAGUSD,-1,2026-03-27 14:00:00+00:00,2026-03-27 17:15:00+00:00,68.116,68.85490178571429,65.89929464285713,68.85490178571429,-1.0,SL,13
XAGUSD,-1,2026-03-30 01:15:00+00:00,2026-03-30 06:00:00+00:00,68.652,70.08672678571429,64.34781964285713,70.08672678571429,-1.0,SL,19
XAGUSD,1,2026-04-01 14:00:00+00:00,2026-04-02 01:00:00+00:00,74.853,74.238925,76.695225,74.238925,-1.0,SL,40
XAGUSD,1,2026-04-06 12:15:00+00:00,2026-04-07 01:00:00+00:00,73.398,71.6953125,78.50606249999998,71.6953125,-1.0,SL,47
XAGUSD,1,2026-04-07 11:30:00+00:00,2026-04-07 14:00:00+00:00,72.689,71.86033571428571,75.17499285714284,71.86033571428571,-1.0,SL,10
XAGUSD,1,2026-04-08 18:45:00+00:00,2026-04-08 21:15:00+00:00,75.416,74.72686785714286,77.4833964285714,74.72686785714286,-1.0,SL,10
XAGUSD,1,2026-04-10 12:30:00+00:00,2026-04-10 17:15:00+00:00,75.251,74.82144821428572,76.53965535714285,76.53965535714285,3.0,TP,19
XAGUSD,1,2026-04-14 19:00:00+00:00,2026-04-15 05:00:00+00:00,79.102,78.53798928571429,80.79403214285715,80.79403214285715,3.0,TP,36
XAGUSD,1,2026-04-15 16:30:00+00:00,2026-04-16 16:45:00+00:00,79.433,78.48158928571428,82.28723214285719,78.48158928571428,-1.0,SL,93
XAGUSD,1,2026-04-17 15:00:00+00:00,2026-04-17 15:45:00+00:00,79.613,79.06355892857142,81.26132321428572,81.26132321428572,3.0,TP,3
XAGUSD,-1,2026-04-21 17:45:00+00:00,2026-04-28 08:30:00+00:00,77.629,78.91679642857143,73.76561071428573,73.76561071428573,3.0,TP,423
XAGUSD,-1,2026-04-28 14:30:00+00:00,2026-04-28 15:15:00+00:00,72.665,73.4261,70.38170000000001,73.4261,-1.0,SL,3
XAGUSD,-1,2026-04-28 17:30:00+00:00,2026-04-28 18:00:00+00:00,72.573,73.03275357142857,71.19373928571426,73.03275357142857,-1.0,SL,2
XAGUSD,-1,2026-04-29 14:30:00+00:00,2026-04-29 16:30:00+00:00,72.578,72.97191785714286,71.39624642857144,71.39624642857144,3.0,TP,8
XAGUSD,1,2026-05-06 13:15:00+00:00,2026-05-06 15:00:00+00:00,77.294,76.71351071428572,79.03546785714283,76.71351071428572,-1.0,SL,7
XAGUSD,1,2026-05-06 16:00:00+00:00,2026-05-07 09:30:00+00:00,76.857,76.26575,78.63075,78.63075,3.0,TP,66
XAGUSD,1,2026-05-07 14:45:00+00:00,2026-05-07 19:00:00+00:00,80.838,80.21604107142858,82.70387678571424,80.21604107142858,-1.0,SL,17
XAGUSD,1,2026-05-08 04:30:00+00:00,2026-05-11 15:45:00+00:00,79.859,78.6985767857143,83.3402696428571,83.3402696428571,3.0,TP,137
XAGUSD,1,2026-05-12 15:00:00+00:00,2026-05-12 18:15:00+00:00,84.087,83.21745892857142,86.69562321428576,83.21745892857142,-1.0,SL,13
XAGUSD,1,2026-05-12 20:15:00+00:00,2026-05-13 02:45:00+00:00,84.914,84.16606428571428,87.15780714285715,87.15780714285715,3.0,TP,22
XAGUSD,1,2026-05-13 13:00:00+00:00,2026-05-13 15:30:00+00:00,86.778,86.13859285714285,88.69622142857146,86.13859285714285,-1.0,SL,10
XAGUSD,1,2026-05-13 16:30:00+00:00,2026-05-13 19:00:00+00:00,86.895,86.24772321428571,88.83683035714284,88.83683035714284,3.0,TP,10
XAGUSD,-1,2026-05-19 21:00:00+00:00,2026-05-20 09:45:00+00:00,74.458,74.97618214285714,72.90345357142857,74.97618214285714,-1.0,SL,47
XAGUSD,-1,2026-05-21 13:45:00+00:00,2026-05-21 16:45:00+00:00,74.928,75.5920625,72.9358125,75.5920625,-1.0,SL,12
XAGUSD,1,2026-05-25 17:30:00+00:00,2026-05-26 02:30:00+00:00,77.776,77.50092678571428,78.60121964285713,77.50092678571428,-1.0,SL,22
XAGUSD,-1,2026-05-27 14:00:00+00:00,2026-05-28 19:15:00+00:00,74.257,75.53435178571428,70.42494464285718,75.53435178571428,-1.0,SL,113
XAGUSD,1,2026-06-01 16:00:00+00:00,2026-06-01 16:15:00+00:00,75.744,75.31276964285715,77.03769107142855,75.31276964285715,-1.0,SL,1
XAGUSD,-1,2026-06-04 08:30:00+00:00,2026-06-04 14:15:00+00:00,73.437,73.93660892857142,71.93817321428574,73.93660892857142,-1.0,SL,23
XAGUSD,-1,2026-06-04 17:15:00+00:00,2026-06-05 09:15:00+00:00,74.099,74.93313928571429,71.59658214285714,71.59658214285714,3.0,TP,60
XAGUSD,-1,2026-06-08 17:15:00+00:00,2026-06-08 18:30:00+00:00,67.807,68.65527678571429,65.26216964285713,68.65527678571429,-1.0,SL,5
XAGUSD,-1,2026-06-09 12:15:00+00:00,2026-06-09 16:45:00+00:00,68.389,68.87236428571428,66.93890714285713,68.87236428571428,-1.0,SL,18
XAGUSD,-1,2026-06-09 17:30:00+00:00,2026-06-10 07:45:00+00:00,66.933,68.08506249999999,63.47681250000005,63.47681250000005,3.0,TP,53
XAGUSD,-1,2026-06-10 18:15:00+00:00,2026-06-11 20:30:00+00:00,64.399,65.72190178571428,60.43029464285716,65.72190178571428,-1.0,SL,101
XAGUSD,1,2026-06-16 06:00:00+00:00,2026-06-16 15:30:00+00:00,69.499,69.08940714285714,70.72777857142856,70.72777857142856,3.0,TP,38
XAGUSD,1,2026-06-17 16:45:00+00:00,2026-06-17 21:00:00+00:00,70.355,69.7647,72.1259,69.7647,-1.0,SL,17
XAGUSD,-1,2026-06-18 14:15:00+00:00,2026-06-19 07:30:00+00:00,67.343,68.5381232142857,63.7576303571429,63.7576303571429,3.0,TP,65
XAGUSD,-1,2026-06-22 17:45:00+00:00,2026-06-23 05:00:00+00:00,65.887,66.59968571428571,63.748942857142865,63.748942857142865,3.0,TP,41
XAGUSD,-1,2026-06-23 14:00:00+00:00,2026-06-24 04:00:00+00:00,62.222,62.70659821428571,60.76820535714287,60.76820535714287,3.0,TP,52
XAGUSD,-1,2026-06-24 12:15:00+00:00,2026-06-24 14:00:00+00:00,61.283,61.61559821428572,60.28520535714285,60.28520535714285,3.0,TP,7
XAGUSD,-1,2026-06-24 14:15:00+00:00,2026-06-24 20:30:00+00:00,60.194,61.06708392857143,57.57474821428573,57.57474821428573,3.0,TP,25
XAGUSD,-1,2026-06-25 17:00:00+00:00,2026-07-13 01:00:00+00:00,56.985,58.80533928571428,51.52398214285715,58.80533928571428,-1.0,SL,4
GER40.cash,1,2025-02-06 07:30:00+00:00,2025-02-06 10:30:00+00:00,21669.23,21639.022232142856,21744.74941964286,21744.74941964286,2.5,TP,12
GER40.cash,1,2025-02-06 11:00:00+00:00,2025-02-06 18:15:00+00:00,21743.13,21674.905,21913.692500000005,21913.692500000005,2.5,TP,29
GER40.cash,1,2025-02-07 01:30:00+00:00,2025-02-07 17:00:00+00:00,21902.63,21861.481160714284,22005.502098214296,21861.481160714284,-1.0,SL,62
GER40.cash,1,2025-02-10 05:00:00+00:00,2025-02-10 10:00:00+00:00,21796.43,21775.109642857144,21849.730892857144,21849.730892857144,2.5,TP,20
GER40.cash,1,2025-02-10 13:00:00+00:00,2025-02-10 15:45:00+00:00,21828.73,21791.778214285714,21921.109464285713,21921.109464285713,2.5,TP,11
GER40.cash,1,2025-02-10 20:00:00+00:00,2025-02-11 01:15:00+00:00,21931.63,21906.184464285714,21995.24383928572,21906.184464285714,-1.0,SL,17
GER40.cash,1,2025-02-11 08:00:00+00:00,2025-02-11 08:45:00+00:00,21928.93,21909.172857142858,21978.322857142855,21909.172857142858,-1.0,SL,3
GER40.cash,1,2025-02-11 10:45:00+00:00,2025-02-12 17:30:00+00:00,21970.93,21895.734464285717,22158.91883928571,22158.91883928571,2.5,TP,119
GER40.cash,1,2025-02-13 11:45:00+00:00,2025-02-13 18:00:00+00:00,22399.73,22316.506696428572,22607.788258928565,22607.788258928565,2.5,TP,25
GER40.cash,1,2025-02-25 19:15:00+00:00,2025-02-26 10:45:00+00:00,22448.03,22375.713035714285,22628.82241071428,22628.82241071428,2.5,TP,58
GER40.cash,1,2025-02-26 11:30:00+00:00,2025-02-27 10:30:00+00:00,22666.03,22519.007767857143,23033.58558035714,22519.007767857143,-1.0,SL,88
GER40.cash,1,2025-03-03 04:15:00+00:00,2025-03-03 10:15:00+00:00,22629.2,22572.56339285714,22770.79151785715,22572.56339285714,-1.0,SL,24
GER40.cash,1,2025-03-03 11:30:00+00:00,2025-03-03 14:00:00+00:00,22723.6,22592.944642857143,23050.238392857136,23050.238392857136,2.5,TP,10
GER40.cash,1,2025-03-04 20:30:00+00:00,2025-03-05 11:15:00+00:00,22592.1,22403.314285714285,23064.06428571428,23064.06428571428,2.5,TP,55
GER40.cash,1,2025-03-05 11:45:00+00:00,2025-03-07 16:00:00+00:00,23105.8,22879.30017857143,23672.04955357142,22879.30017857143,-1.0,SL,201
GER40.cash,1,2025-03-10 02:45:00+00:00,2025-03-10 11:15:00+00:00,23060.23,22985.93419642857,23245.969508928574,22985.93419642857,-1.0,SL,34
GER40.cash,1,2025-03-14 13:30:00+00:00,2025-03-14 14:00:00+00:00,22702.36,22610.988839285714,22930.78790178572,22930.78790178572,2.5,TP,2
GER40.cash,1,2025-04-10 21:00:00+00:00,2025-04-11 11:30:00+00:00,20574.16,20280.516517857144,21308.26870535714,20280.516517857144,-1.0,SL,54
GER40.cash,1,2025-04-11 17:00:00+00:00,2025-04-14 09:45:00+00:00,20377.88,20178.328928571427,20876.757678571434,20876.757678571434,2.5,TP,59
GER40.cash,1,2025-04-14 15:45:00+00:00,2025-04-14 19:00:00+00:00,20922.86,20793.5475,21246.14125,20793.5475,-1.0,SL,13
GER40.cash,1,2025-04-14 21:45:00+00:00,2025-04-17 08:30:00+00:00,20966.96,20821.735,21330.022499999995,21330.022499999995,2.5,TP,223
GER40.cash,1,2025-04-17 19:30:00+00:00,2025-04-22 03:15:00+00:00,21310.66,21153.531428571427,21703.48142857143,21153.531428571427,-1.0,SL,18
GER40.cash,1,2025-04-22 09:45:00+00:00,2025-04-22 19:00:00+00:00,21135.96,21029.492410714287,21402.12897321428,21402.12897321428,2.5,TP,37
GER40.cash,1,2025-04-22 21:45:00+00:00,2025-04-23 07:00:00+00:00,21451.66,21306.3725,21814.878749999996,21814.878749999996,2.5,TP,33
GER40.cash,1,2025-04-24 12:15:00+00:00,2025-04-24 18:00:00+00:00,21813.76,21717.43794642857,22054.56513392857,22054.56513392857,2.5,TP,23
GER40.cash,1,2025-04-24 23:00:00+00:00,2025-04-25 13:15:00+00:00,22119.16,22057.979821428573,22272.110446428567,22272.110446428567,2.5,TP,53
GER40.cash,1,2025-04-25 14:30:00+00:00,2025-04-28 10:15:00+00:00,22216.66,22153.272232142856,22375.12941964286,22375.12941964286,2.5,TP,71
GER40.cash,1,2025-04-28 21:15:00+00:00,2025-04-29 20:30:00+00:00,22295.16,22223.23589285714,22474.97026785715,22474.97026785715,2.5,TP,89
GER40.cash,1,2025-04-30 03:30:00+00:00,2025-04-30 06:15:00+00:00,22493.46,22458.118660714284,22581.813348214288,22458.118660714284,-1.0,SL,11
GER40.cash,1,2025-04-30 07:30:00+00:00,2025-04-30 10:15:00+00:00,22483.96,22445.056160714288,22581.219598214277,22581.219598214277,2.5,TP,11
GER40.cash,1,2025-04-30 18:00:00+00:00,2025-05-02 12:45:00+00:00,22411.96,22225.981517857144,22876.906205357136,22876.906205357136,2.5,TP,62
GER40.cash,1,2025-05-02 16:00:00+00:00,2025-05-06 12:15:00+00:00,23040.16,22877.85607142857,23445.91982142857,22877.85607142857,-1.0,SL,165
GER40.cash,1,2025-05-06 13:15:00+00:00,2025-05-08 19:00:00+00:00,23047.26,22887.06446428571,23447.748839285716,23447.748839285716,2.5,TP,207
GER40.cash,1,2025-05-12 01:15:00+00:00,2025-05-12 16:30:00+00:00,23751.46,23474.906428571427,24442.84392857143,23474.906428571427,-1.0,SL,61
GER40.cash,1,2025-05-12 18:15:00+00:00,2025-05-15 08:15:00+00:00,23551.66,23421.17875,23877.863125000003,23421.17875,-1.0,SL,236
GER40.cash,1,2025-05-16 09:15:00+00:00,2025-05-16 16:00:00+00:00,23769.76,23696.08589285714,23953.945267857147,23696.08589285714,-1.0,SL,27
GER40.cash,1,2025-05-16 18:30:00+00:00,2025-05-19 09:45:00+00:00,23751.06,23671.03375,23951.125625000008,23671.03375,-1.0,SL,53
GER40.cash,1,2025-05-19 12:45:00+00:00,2025-05-19 16:30:00+00:00,23710.46,23680.602857142858,23785.102857142854,23785.102857142854,2.5,TP,15
GER40.cash,1,2025-05-19 17:00:00+00:00,2025-05-19 22:45:00+00:00,23817.96,23732.605535714283,24031.34616071429,24031.34616071429,2.5,TP,23
GER40.cash,1,2025-05-20 11:45:00+00:00,2025-05-21 13:15:00+00:00,23973.56,23905.16419642857,24144.54950892858,23905.16419642857,-1.0,SL,98
GER40.cash,1,2025-05-21 14:00:00+00:00,2025-05-22 14:45:00+00:00,23957.46,23871.22607142857,24173.04482142857,23871.22607142857,-1.0,SL,95
GER40.cash,1,2025-05-22 16:15:00+00:00,2025-05-23 14:30:00+00:00,23936.36,23829.170535714286,24204.33366071429,23829.170535714286,-1.0,SL,85
GER40.cash,1,2025-05-26 17:00:00+00:00,2025-05-27 02:45:00+00:00,23989.86,23949.359107142856,24091.112232142863,23949.359107142856,-1.0,SL,31
GER40.cash,1,2025-05-27 04:15:00+00:00,2025-05-27 10:30:00+00:00,23990.76,23948.554642857143,24096.273392857136,24096.273392857136,2.5,TP,25
GER40.cash,1,2025-06-04 06:30:00+00:00,2025-06-04 08:45:00+00:00,24139.66,24121.34767857143,24185.440803571422,24185.440803571422,2.5,TP,9
GER40.cash,1,2025-06-05 03:45:00+00:00,2025-06-05 09:00:00+00:00,24274.96,24240.097678571427,24362.115803571432,24240.097678571427,-1.0,SL,21
GER40.cash,1,2025-06-05 10:30:00+00:00,2025-06-05 16:45:00+00:00,24308.16,24230.870714285717,24501.383214285706,24230.870714285717,-1.0,SL,25
GER40.cash,1,2025-06-06 01:45:00+00:00,2025-06-06 08:00:00+00:00,24232.26,24198.805535714288,24315.896160714277,24315.896160714277,2.5,TP,25
GER40.cash,1,2025-06-06 20:45:00+00:00,2025-06-09 06:00:00+00:00,24296.96,24257.085357142856,24396.64660714286,24257.085357142856,-1.0,SL,29
GER40.cash,1,2025-06-24 02:30:00+00:00,2025-06-24 08:30:00+00:00,23527.46,23476.353214285715,23655.22696428571,23655.22696428571,2.5,TP,24
GER40.cash,1,2025-06-26 09:00:00+00:00,2025-06-26 10:00:00+00:00,23561.56,23526.71089285714,23648.682767857157,23648.682767857157,2.5,TP,4
GER40.cash,1,2025-06-26 11:30:00+00:00,2025-06-26 14:30:00+00:00,23668.56,23604.762678571427,23828.053303571436,23604.762678571427,-1.0,SL,12
GER40.cash,1,2025-06-26 20:30:00+00:00,2025-06-27 03:15:00+00:00,23682.96,23645.306428571428,23777.093928571427,23777.093928571427,2.5,TP,23
GER40.cash,1,2025-06-27 08:45:00+00:00,2025-06-27 11:00:00+00:00,23783.56,23744.195446428574,23881.97138392857,23881.97138392857,2.5,TP,9
GER40.cash,1,2025-06-30 01:00:00+00:00,2025-06-30 11:45:00+00:00,24112.43,23979.590982142854,24444.527544642864,23979.590982142854,-1.0,SL,43
GER40.cash,1,2025-06-30 13:30:00+00:00,2025-06-30 14:30:00+00:00,24002.76,23970.218303571426,24084.11424107143,23970.218303571426,-1.0,SL,4
GER40.cash,1,2025-07-01 03:15:00+00:00,2025-07-01 10:00:00+00:00,23949.36,23899.116875,24074.967812500003,23899.116875,-1.0,SL,27
GER40.cash,1,2025-07-03 16:00:00+00:00,2025-07-04 09:00:00+00:00,23866.36,23797.100892857143,24039.507767857147,23797.100892857143,-1.0,SL,60
GER40.cash,1,2025-07-07 08:45:00+00:00,2025-07-07 09:00:00+00:00,23853.76,23820.79419642857,23936.17450892857,23820.79419642857,-1.0,SL,1
GER40.cash,1,2025-07-07 10:15:00+00:00,2025-07-08 10:00:00+00:00,23887.26,23787.150446428568,24137.533883928576,24137.533883928576,2.5,TP,91
GER40.cash,1,2025-07-08 12:30:00+00:00,2025-07-08 15:15:00+00:00,24136.86,24075.101071428573,24291.25732142857,24075.101071428573,-1.0,SL,11
GER40.cash,1,2025-07-08 16:15:00+00:00,2025-07-09 10:00:00+00:00,24134.56,24071.848392857144,24291.339017857143,24291.339017857143,2.5,TP,67
GER40.cash,1,2025-07-17 17:00:00+00:00,2025-07-18 02:45:00+00:00,24289.76,24235.014464285712,24426.623839285712,24426.623839285712,2.5,TP,35
GER40.cash,1,2025-07-21 09:15:00+00:00,2025-07-21 16:30:00+00:00,24253.16,24192.177589285715,24405.616026785712,24192.177589285715,-1.0,SL,29
GER40.cash,1,2025-07-21 18:00:00+00:00,2025-07-21 22:00:00+00:00,24279.56,24238.309107142857,24382.68723214286,24238.309107142857,-1.0,SL,16
GER40.cash,1,2025-07-23 17:45:00+00:00,2025-07-23 18:45:00+00:00,24194.76,24117.86714285714,24386.992142857147,24386.992142857147,2.5,TP,4
GER40.cash,1,2025-07-24 08:15:00+00:00,2025-07-24 09:45:00+00:00,24517.16,24478.442142857144,24613.95464285714,24478.442142857144,-1.0,SL,6
GER40.cash,1,2025-07-28 02:45:00+00:00,2025-07-28 06:45:00+00:00,24397.56,24361.374017857142,24488.02495535715,24488.02495535715,2.5,TP,16
GER40.cash,1,2025-07-30 19:15:00+00:00,2025-07-30 21:45:00+00:00,24292.66,24252.39982142857,24393.31044642857,24252.39982142857,-1.0,SL,10
GER40.cash,1,2025-07-30 23:15:00+00:00,2025-07-31 16:15:00+00:00,24325.33,24171.872142857144,24708.974642857145,24171.872142857144,-1.0,SL,64
GER40.cash,1,2025-08-06 19:15:00+00:00,2025-08-07 11:15:00+00:00,23946.96,23872.086785714284,24134.14303571429,24134.14303571429,2.5,TP,60
GER40.cash,1,2025-09-09 01:30:00+00:00,2025-09-09 03:30:00+00:00,23807.23,23776.378214285716,23884.359464285706,23776.378214285716,-1.0,SL,8
GER40.cash,1,2025-09-09 05:30:00+00:00,2025-09-09 08:00:00+00:00,23773.16,23745.048392857145,23843.439017857138,23745.048392857145,-1.0,SL,10
GER40.cash,1,2025-09-15 09:15:00+00:00,2025-09-15 16:15:00+00:00,23766.06,23726.28142857143,23865.50642857143,23726.28142857143,-1.0,SL,28
GER40.cash,1,2025-09-15 17:30:00+00:00,2025-09-16 10:00:00+00:00,23761.26,23661.071607142854,24011.730982142857,23661.071607142854,-1.0,SL,62
GER40.cash,1,2025-09-19 09:30:00+00:00,2025-09-19 12:45:00+00:00,23710.46,23656.0975,23846.36625,23656.0975,-1.0,SL,13
GER40.cash,1,2025-09-19 15:30:00+00:00,2025-09-22 09:15:00+00:00,23644.86,23592.949285714283,23774.636785714294,23592.949285714283,-1.0,SL,63
GER40.cash,1,2025-09-23 08:45:00+00:00,2025-09-23 20:30:00+00:00,23626.36,23561.016607142858,23789.71848214286,23561.016607142858,-1.0,SL,47
GER40.cash,1,2025-09-24 16:30:00+00:00,2025-09-25 10:00:00+00:00,23676.06,23614.0475,23831.091250000005,23614.0475,-1.0,SL,66
GER40.cash,1,2025-09-26 14:45:00+00:00,2025-09-29 03:15:00+00:00,23646.76,23588.709107142855,23791.887232142857,23791.887232142857,2.5,TP,42
GER40.cash,1,2025-09-29 07:30:00+00:00,2025-09-29 09:00:00+00:00,23827.06,23797.94580357143,23899.845491071428,23797.94580357143,-1.0,SL,6
GER40.cash,1,2025-09-29 12:00:00+00:00,2025-09-29 14:00:00+00:00,23798.26,23731.065625,23966.245937499996,23731.065625,-1.0,SL,8
GER40.cash,1,2025-09-29 16:45:00+00:00,2025-09-30 18:00:00+00:00,23722.76,23666.726071428573,23862.84482142856,23862.84482142856,2.5,TP,97
GER40.cash,1,2025-10-01 01:30:00+00:00,2025-10-01 07:30:00+00:00,23919.53,23883.06205357143,24010.699866071423,23883.06205357143,-1.0,SL,24
GER40.cash,1,2025-10-01 11:45:00+00:00,2025-10-01 17:15:00+00:00,23882.26,23790.010892857143,24112.88276785714,24112.88276785714,2.5,TP,22
GER40.cash,1,2025-10-01 18:30:00+00:00,2025-10-02 11:15:00+00:00,24154.26,24072.75107142857,24358.032321428567,24358.032321428567,2.5,TP,63
GER40.cash,1,2025-10-21 14:00:00+00:00,2025-10-22 17:30:00+00:00,24269.86,24209.879642857144,24419.810892857142,24209.879642857144,-1.0,SL,106
GER40.cash,1,2025-10-24 09:30:00+00:00,2025-10-24 10:00:00+00:00,24298.16,24259.185,24395.597499999996,24259.185,-1.0,SL,2
GER40.cash,1,2025-10-24 12:00:00+00:00,2025-10-27 03:15:00+00:00,24201.26,24143.120714285713,24346.608214285712,24346.608214285712,2.5,TP,53
GER40.cash,1,2025-10-27 08:15:00+00:00,2025-10-27 11:00:00+00:00,24337.36,24298.595714285715,24434.270714285714,24298.595714285715,-1.0,SL,11
GER40.cash,1,2025-10-27 17:00:00+00:00,2025-10-28 11:15:00+00:00,24267.96,24200.862678571426,24435.703303571434,24200.862678571426,-1.0,SL,69
GER40.cash,1,2025-10-28 12:15:00+00:00,2025-10-29 03:45:00+00:00,24288.66,24192.853750000002,24528.175624999996,24192.853750000002,-1.0,SL,58
GER40.cash,1,2025-10-29 11:30:00+00:00,2025-10-29 16:15:00+00:00,24293.86,24232.61,24446.985,24232.61,-1.0,SL,19
GER40.cash,1,2025-11-11 08:30:00+00:00,2025-11-11 09:15:00+00:00,24066.46,24027.073392857143,24164.92651785714,24027.073392857143,-1.0,SL,3
GER40.cash,1,2025-11-11 16:00:00+00:00,2025-11-11 17:15:00+00:00,24000.96,23972.275178571428,24072.672053571427,24072.672053571427,2.5,TP,5
GER40.cash,1,2025-11-11 18:45:00+00:00,2025-11-12 04:00:00+00:00,24094.96,24037.045714285712,24239.745714285717,24239.745714285717,2.5,TP,33
GER40.cash,1,2025-11-12 08:00:00+00:00,2025-11-12 09:30:00+00:00,24212.26,24194.611785714285,24256.38053571428,24256.38053571428,2.5,TP,6
GER40.cash,1,2025-11-25 19:00:00+00:00,2025-11-26 19:30:00+00:00,23525.06,23434.61267857143,23751.178303571432,23751.178303571432,2.5,TP,94
GER40.cash,1,2025-12-02 13:00:00+00:00,2025-12-02 14:30:00+00:00,23767.66,23691.820714285714,23957.258214285714,23691.820714285714,-1.0,SL,6
GER40.cash,1,2025-12-02 16:15:00+00:00,2025-12-03 16:00:00+00:00,23715.46,23658.835,23857.0225,23658.835,-1.0,SL,91
GER40.cash,1,2025-12-03 21:00:00+00:00,2025-12-03 23:00:00+00:00,23726.16,23694.23857142857,23805.963571428576,23805.963571428576,2.5,TP,8
GER40.cash,1,2025-12-04 04:45:00+00:00,2025-12-04 10:30:00+00:00,23801.66,23763.54839285714,23896.93901785715,23896.93901785715,2.5,TP,23
GER40.cash,1,2025-12-04 15:00:00+00:00,2025-12-04 21:15:00+00:00,23902.66,23850.385892857143,24033.34526785714,23850.385892857143,-1.0,SL,25
GER40.cash,1,2025-12-05 03:30:00+00:00,2025-12-05 10:00:00+00:00,23891.66,23866.92669642857,23953.493258928575,23953.493258928575,2.5,TP,26
GER40.cash,1,2025-12-05 13:00:00+00:00,2025-12-05 17:15:00+00:00,24032.66,23994.125803571427,24128.99549107143,24128.99549107143,2.5,TP,17
GER40.cash,1,2025-12-08 11:45:00+00:00,2025-12-08 17:45:00+00:00,24075.46,24027.966785714285,24194.193035714285,24027.966785714285,-1.0,SL,24
GER40.cash,1,2025-12-09 01:15:00+00:00,2025-12-09 10:00:00+00:00,24043.33,24005.719285714284,24137.3567857143,24137.3567857143,2.5,TP,35
GER40.cash,1,2025-12-09 10:30:00+00:00,2025-12-10 03:30:00+00:00,24152.16,24085.942142857144,24317.70464285714,24085.942142857144,-1.0,SL,64
GER40.cash,1,2025-12-10 04:30:00+00:00,2025-12-10 10:30:00+00:00,24108.26,24084.258214285714,24168.264464285712,24084.258214285714,-1.0,SL,24
GER40.cash,1,2025-12-10 17:30:00+00:00,2025-12-11 05:00:00+00:00,24089.76,24022.958214285714,24256.76446428571,24022.958214285714,-1.0,SL,42
GER40.cash,1,2025-12-11 09:45:00+00:00,2025-12-11 10:00:00+00:00,24091.96,24052.92875,24189.538125,24052.92875,-1.0,SL,1
GER40.cash,1,2025-12-11 13:00:00+00:00,2025-12-11 17:00:00+00:00,24163.86,24111.218035714286,24295.464910714287,24295.464910714287,2.5,TP,16
GER40.cash,1,2025-12-12 02:45:00+00:00,2025-12-12 10:15:00+00:00,24362.16,24332.029642857142,24437.485892857145,24437.485892857145,2.5,TP,30
GER40.cash,1,2025-12-12 10:45:00+00:00,2025-12-12 12:30:00+00:00,24455.26,24377.28232142857,24650.204196428567,24377.28232142857,-1.0,SL,7
GER40.cash,1,2025-12-15 02:45:00+00:00,2025-12-15 17:00:00+00:00,24275.16,24201.847857142857,24458.440357142856,24201.847857142857,-1.0,SL,57
GER40.cash,1,2025-12-19 08:30:00+00:00,2025-12-19 10:15:00+00:00,24146.06,24111.39660714286,24232.71848214286,24232.71848214286,2.5,TP,7
GER40.cash,1,2025-12-19 15:15:00+00:00,2025-12-29 02:15:00+00:00,24229.66,24171.14660714286,24375.94348214285,24375.94348214285,2.5,TP,215
GER40.cash,1,2025-12-29 12:30:00+00:00,2025-12-30 12:30:00+00:00,24316.96,24267.660625,24440.208437499998,24440.208437499998,2.5,TP,92
GER40.cash,1,2026-01-05 10:30:00+00:00,2026-01-07 12:15:00+00:00,24755.66,24623.532589285714,25085.978526785715,25085.978526785715,2.5,TP,191
GER40.cash,1,2026-01-08 03:15:00+00:00,2026-01-08 07:30:00+00:00,25105.26,25053.93,25233.584999999992,25053.93,-1.0,SL,17
GER40.cash,1,2026-01-08 09:00:00+00:00,2026-01-08 10:00:00+00:00,25043.46,25006.031428571427,25137.03142857143,25137.03142857143,2.5,TP,4
GER40.cash,1,2026-01-08 10:30:00+00:00,2026-01-08 12:00:00+00:00,25175.96,25079.53767857143,25417.015803571427,25079.53767857143,-1.0,SL,6
GER40.cash,1,2026-01-08 15:45:00+00:00,2026-01-09 13:45:00+00:00,25075.66,25015.955535714285,25224.921160714286,25224.921160714286,2.5,TP,84
GER40.cash,1,2026-01-09 16:00:00+00:00,2026-01-09 17:00:00+00:00,25279.46,25195.27151785714,25489.93120535714,25195.27151785714,-1.0,SL,4
GER40.cash,1,2026-01-09 20:45:00+00:00,2026-01-12 02:30:00+00:00,25264.06,25229.32517857143,25350.897053571425,25229.32517857143,-1.0,SL,15
GER40.cash,1,2026-01-12 09:15:00+00:00,2026-01-12 09:45:00+00:00,25249.06,25210.186785714286,25346.243035714288,25210.186785714286,-1.0,SL,2
GER40.cash,1,2026-01-12 10:30:00+00:00,2026-01-12 12:30:00+00:00,25244.46,25212.560892857142,25324.207767857144,25324.207767857144,2.5,TP,8
GER40.cash,1,2026-01-15 02:30:00+00:00,2026-01-15 10:00:00+00:00,25313.36,25281.304732142857,25393.49816964286,25281.304732142857,-1.0,SL,30
GER40.cash,1,2026-01-23 20:45:00+00:00,2026-01-26 01:00:00+00:00,24907.56,24842.224285714285,25070.899285714295,24842.224285714285,-1.0,SL,9
GER40.cash,1,2026-01-26 12:45:00+00:00,2026-01-26 16:00:00+00:00,24843.36,24790.639196428572,24975.16200892857,24975.16200892857,2.5,TP,13
GER40.cash,1,2026-01-27 08:00:00+00:00,2026-01-27 10:15:00+00:00,25004.36,24969.06625,25092.594375,24969.06625,-1.0,SL,9
GER40.cash,1,2026-01-27 13:45:00+00:00,2026-01-27 17:00:00+00:00,24958.46,24895.050178571426,25116.984553571434,24895.050178571426,-1.0,SL,13
GER40.cash,1,2026-01-28 05:30:00+00:00,2026-01-28 09:45:00+00:00,24902.66,24871.885000000002,24979.597499999996,24871.885000000002,-1.0,SL,17
GER40.cash,1,2026-02-03 09:30:00+00:00,2026-02-03 12:30:00+00:00,24962.06,24879.492142857143,25168.479642857146,24879.492142857143,-1.0,SL,12
GER40.cash,1,2026-02-04 03:00:00+00:00,2026-02-04 10:45:00+00:00,24772.36,24718.496607142857,24907.01848214286,24718.496607142857,-1.0,SL,31
GER40.cash,1,2026-02-05 02:45:00+00:00,2026-02-05 04:15:00+00:00,24675.16,24614.063035714287,24827.902410714283,24614.063035714287,-1.0,SL,6
GER40.cash,1,2026-02-09 04:30:00+00:00,2026-02-09 10:00:00+00:00,24808.06,24767.71017857143,24908.93455357143,24908.93455357143,2.5,TP,22
GER40.cash,1,2026-02-09 10:30:00+00:00,2026-02-09 11:15:00+00:00,24850.76,24789.312053571426,25004.37986607143,24789.312053571426,-1.0,SL,3
GER40.cash,1,2026-02-09 21:45:00+00:00,2026-02-10 02:15:00+00:00,25029.86,24988.480535714287,25133.308660714283,24988.480535714287,-1.0,SL,14
GER40.cash,1,2026-02-10 09:30:00+00:00,2026-02-10 10:00:00+00:00,25026.36,24964.88857142857,25180.038571428573,24964.88857142857,-1.0,SL,2
GER40.cash,1,2026-02-10 11:30:00+00:00,2026-02-10 14:45:00+00:00,25063.36,24972.012678571427,25291.728303571435,24972.012678571427,-1.0,SL,13
GER40.cash,1,2026-02-10 17:15:00+00:00,2026-02-10 18:15:00+00:00,25025.36,24960.9775,25186.31625,24960.9775,-1.0,SL,4
GER40.cash,1,2026-02-11 01:15:00+00:00,2026-02-11 09:45:00+00:00,25031.73,24978.433214285717,25164.97196428571,24978.433214285717,-1.0,SL,34
GER40.cash,1,2026-02-11 12:30:00+00:00,2026-02-11 16:30:00+00:00,24898.86,24859.0225,24998.453750000004,24998.453750000004,2.5,TP,16
GER40.cash,1,2026-02-12 05:45:00+00:00,2026-02-12 10:00:00+00:00,24951.96,24906.032142857144,25066.77964285714,25066.77964285714,2.5,TP,17
GER40.cash,1,2026-02-16 09:00:00+00:00,2026-02-16 12:15:00+00:00,24949.16,24911.41267857143,25043.528303571427,24911.41267857143,-1.0,SL,13
GER40.cash,1,2026-02-18 06:00:00+00:00,2026-02-18 10:00:00+00:00,25030.11,24992.42517857143,25124.322053571428,25124.322053571428,2.5,TP,16
GER40.cash,1,2026-02-18 10:30:00+00:00,2026-02-18 17:45:00+00:00,25114.41,25042.32875,25294.613124999996,25294.613124999996,2.5,TP,29
GER40.cash,1,2026-02-18 23:00:00+00:00,2026-02-19 10:30:00+00:00,25220.11,25157.030535714286,25377.808660714287,25157.030535714286,-1.0,SL,42
GER40.cash,1,2026-02-20 07:15:00+00:00,2026-02-20 10:00:00+00:00,25064.21,25040.250178571427,25124.10955357143,25040.250178571427,-1.0,SL,11
GER40.cash,1,2026-02-20 11:15:00+00:00,2026-02-20 17:00:00+00:00,25122.31,25041.28410714286,25324.874732142856,25324.874732142856,2.5,TP,23
GER40.cash,1,2026-02-23 09:00:00+00:00,2026-02-23 12:15:00+00:00,25111.71,25057.361517857145,25247.581205357135,25057.361517857145,-1.0,SL,13
GER40.cash,1,2026-02-23 15:30:00+00:00,2026-02-23 17:00:00+00:00,25138.71,25097.11982142857,25242.685446428575,25097.11982142857,-1.0,SL,6
GER40.cash,1,2026-02-25 16:00:00+00:00,2026-02-26 22:00:00+00:00,25145.71,25067.254642857144,25341.848392857137,25341.848392857137,2.5,TP,116
GER40.cash,1,2026-02-27 05:15:00+00:00,2026-02-27 10:15:00+00:00,25282.81,25236.217142857142,25399.29214285715,25236.217142857142,-1.0,SL,20
GER40.cash,1,2026-02-27 11:00:00+00:00,2026-02-27 15:30:00+00:00,25371.61,25235.361785714285,25712.23053571429,25235.361785714285,-1.0,SL,18
GER40.cash,1,2026-03-11 02:30:00+00:00,2026-03-11 04:30:00+00:00,23786.21,23721.34160714286,23948.38098214285,23948.38098214285,2.5,TP,8
GER40.cash,1,2026-03-11 07:00:00+00:00,2026-03-11 08:15:00+00:00,23989.21,23932.944821428573,24129.872946428564,23932.944821428573,-1.0,SL,5
GER40.cash,1,2026-03-17 16:30:00+00:00,2026-03-18 15:30:00+00:00,23743.51,23641.0225,23999.728749999995,23641.0225,-1.0,SL,88
GER40.cash,1,2026-03-25 11:15:00+00:00,2026-03-26 05:30:00+00:00,23029.21,22803.458214285714,23593.58946428571,22803.458214285714,-1.0,SL,69
GER40.cash,1,2026-03-31 14:30:00+00:00,2026-03-31 18:30:00+00:00,22740.81,22605.501964285715,23079.080089285715,22605.501964285715,-1.0,SL,16
GER40.cash,1,2026-03-31 20:00:00+00:00,2026-04-08 01:30:00+00:00,22870.81,22604.711785714288,23536.055535714288,23536.055535714288,2.5,TP,285
GER40.cash,1,2026-04-08 02:00:00+00:00,2026-04-13 01:15:00+00:00,23699.58,23419.38357142857,24400.07107142858,23419.38357142857,-1.0,SL,269
GER40.cash,1,2026-04-13 16:15:00+00:00,2026-04-13 16:45:00+00:00,23565.61,23497.154642857142,23736.748392857146,23736.748392857146,2.5,TP,2
GER40.cash,1,2026-04-13 19:30:00+00:00,2026-04-15 14:45:00+00:00,23813.51,23693.440357142856,24113.684107142857,24113.684107142857,2.5,TP,165
GER40.cash,1,2026-04-16 12:15:00+00:00,2026-04-16 20:00:00+00:00,24134.31,24054.105535714283,24334.821160714295,24054.105535714283,-1.0,SL,31
GER40.cash,1,2026-04-17 01:00:00+00:00,2026-04-17 10:00:00+00:00,24112.18,24082.87875,24185.433125000003,24185.433125000003,2.5,TP,36
GER40.cash,1,2026-04-17 10:30:00+00:00,2026-04-17 12:45:00+00:00,24186.21,24118.144821428574,24356.372946428564,24356.372946428564,2.5,TP,9
GER40.cash,1,2026-04-17 16:15:00+00:00,2026-04-20 11:00:00+00:00,24698.11,24310.448392857143,25667.264017857146,24310.448392857143,-1.0,SL,67
GER40.cash,1,2026-04-20 16:30:00+00:00,2026-04-20 17:45:00+00:00,24453.91,24342.343035714282,24732.827410714293,24342.343035714282,-1.0,SL,5
GER40.cash,1,2026-04-20 20:30:00+00:00,2026-04-20 23:30:00+00:00,24407.51,24367.973392857144,24506.351517857132,24506.351517857132,2.5,TP,12
GER40.cash,1,2026-04-21 08:30:00+00:00,2026-04-21 15:30:00+00:00,24560.31,24473.76267857143,24776.678303571425,24473.76267857143,-1.0,SL,28
GER40.cash,1,2026-05-04 08:30:00+00:00,2026-05-04 09:30:00+00:00,24348.51,24308.96419642857,24447.374508928573,24308.96419642857,-1.0,SL,4
GER40.cash,1,2026-05-04 12:30:00+00:00,2026-05-04 13:00:00+00:00,24351.71,24275.505535714285,24542.221160714285,24275.505535714285,-1.0,SL,2
GER40.cash,1,2026-05-04 14:00:00+00:00,2026-05-04 18:15:00+00:00,24264.21,24074.875178571427,24737.54705357143,24074.875178571427,-1.0,SL,17
GER40.cash,1,2026-05-06 02:00:00+00:00,2026-05-06 11:45:00+00:00,24555.01,24443.897857142856,24832.790357142854,24832.790357142854,2.5,TP,39
GER40.cash,1,2026-05-14 17:30:00+00:00,2026-05-14 20:15:00+00:00,24444.91,24343.14651785714,24699.318705357146,24343.14651785714,-1.0,SL,11
GER40.cash,1,2026-05-14 21:45:00+00:00,2026-05-14 23:30:00+00:00,24349.41,24309.64205357143,24448.82986607142,24309.64205357143,-1.0,SL,7
GER40.cash,1,2026-05-19 09:45:00+00:00,2026-05-19 10:45:00+00:00,24360.04,24253.613839285714,24626.105401785717,24626.105401785717,2.5,TP,4
GER40.cash,1,2026-05-20 09:30:00+00:00,2026-05-20 17:15:00+00:00,24356.64,24235.084375,24660.5290625,24660.5290625,2.5,TP,31
GER40.cash,1,2026-05-20 17:45:00+00:00,2026-05-25 08:15:00+00:00,24670.04,24454.164107142857,25209.729732142863,25209.729732142863,2.5,TP,234
GER40.cash,1,2026-05-25 17:00:00+00:00,2026-05-26 10:30:00+00:00,25321.34,25260.143571428573,25474.33107142857,25260.143571428573,-1.0,SL,62
GER40.cash,1,2026-05-26 13:30:00+00:00,2026-05-26 18:15:00+00:00,25268.54,25191.901339285712,25460.136651785724,25191.901339285712,-1.0,SL,19
GER40.cash,1,2026-05-26 22:45:00+00:00,2026-05-27 10:00:00+00:00,25228.34,25186.68642857143,25332.473928571428,25332.473928571428,2.5,TP,41
GER40.cash,1,2026-05-27 15:45:00+00:00,2026-05-27 16:30:00+00:00,25324.04,25217.70491071429,25589.877723214282,25217.70491071429,-1.0,SL,3
GER40.cash,1,2026-05-29 04:30:00+00:00,2026-05-29 09:45:00+00:00,25100.54,25063.625892857144,25192.825267857144,25192.825267857144,2.5,TP,21
GER40.cash,1,2026-06-01 12:30:00+00:00,2026-06-01 12:45:00+00:00,25204.44,25128.632589285713,25393.95852678571,25128.632589285713,-1.0,SL,1
GER40.cash,1,2026-06-01 13:45:00+00:00,2026-06-01 16:00:00+00:00,25211.94,25129.21294642857,25418.757633928566,25129.21294642857,-1.0,SL,9
GER40.cash,1,2026-06-02 10:15:00+00:00,2026-06-02 16:00:00+00:00,25226.14,25108.890892857144,25519.262767857137,25108.890892857144,-1.0,SL,23
GER40.cash,1,2026-06-12 11:15:00+00:00,2026-06-12 15:30:00+00:00,24698.34,24478.638214285715,25247.594464285714,24478.638214285715,-1.0,SL,17
GER40.cash,1,2026-06-12 16:30:00+00:00,2026-06-12 16:45:00+00:00,24548.44,24442.397142857142,24813.54714285714,24442.397142857142,-1.0,SL,1
GER40.cash,1,2026-06-12 18:15:00+00:00,2026-06-15 03:00:00+00:00,24615.94,24474.488214285713,24969.569464285712,24969.569464285712,2.5,TP,27
GER40.cash,1,2026-06-15 03:45:00+00:00,2026-06-15 17:00:00+00:00,25053.94,24900.348303571427,25437.919241071428,24900.348303571427,-1.0,SL,53
GER40.cash,1,2026-06-15 19:00:00+00:00,2026-06-15 20:45:00+00:00,24923.84,24872.640892857144,25051.83776785714,24872.640892857144,-1.0,SL,7
GER40.cash,1,2026-06-16 03:30:00+00:00,2026-06-16 11:00:00+00:00,24857.14,24794.677499999998,25013.296250000003,25013.296250000003,2.5,TP,30
GER40.cash,1,2026-06-17 12:15:00+00:00,2026-06-18 19:15:00+00:00,24863.04,24775.7525,25081.258750000008,25081.258750000008,2.5,TP,120
GER40.cash,1,2026-06-19 09:15:00+00:00,2026-06-19 10:30:00+00:00,24982.54,24915.376607142854,25150.448482142867,25150.448482142867,2.5,TP,5
GER40.cash,1,2026-06-19 11:00:00+00:00,2026-06-22 01:00:00+00:00,25161.14,24915.01232142857,25776.459196428572,24915.01232142857,-1.0,SL,48
GER40.cash,1,2026-06-22 03:30:00+00:00,2026-06-23 09:45:00+00:00,24982.64,24833.84419642857,25354.62950892857,24833.84419642857,-1.0,SL,117
GER40.cash,1,2026-06-23 17:15:00+00:00,2026-06-24 07:15:00+00:00,24971.54,24846.589107142856,25283.917232142863,24846.589107142856,-1.0,SL,52
GER40.cash,1,2026-06-26 02:15:00+00:00,2026-06-26 04:30:00+00:00,24966.54,24889.39214285714,25159.40964285715,24889.39214285714,-1.0,SL,9
GER40.cash,1,2026-06-30 12:30:00+00:00,2026-06-30 22:15:00+00:00,24870.74,24803.838214285715,25037.994464285715,25037.994464285715,2.5,TP,39
GER40.cash,1,2026-07-01 09:15:00+00:00,2026-07-01 10:00:00+00:00,24989.34,24961.606964285715,25058.672589285714,24961.606964285715,-1.0,SL,3
GER40.cash,1,2026-07-01 11:00:00+00:00,2026-07-01 15:45:00+00:00,25046.94,24950.860535714284,25287.138660714285,24950.860535714284,-1.0,SL,19
GER40.cash,1,2026-07-01 17:00:00+00:00,2026-07-02 13:30:00+00:00,24983.23,24875.720357142858,25252.004107142853,25252.004107142853,2.5,TP,78
GBPUSD,-1,2024-01-03 08:00:00+00:00,2024-01-03 08:45:00+00:00,1.26304,1.2644139285714286,1.2596051785714282,1.2644139285714286,-1.0,SL,3
GBPUSD,-1,2024-01-03 09:30:00+00:00,2024-01-03 09:45:00+00:00,1.26338,1.2646217857142856,1.2602755357142859,1.2646217857142856,-1.0,SL,1
GBPUSD,-1,2024-01-03 11:30:00+00:00,2024-01-03 17:00:00+00:00,1.26312,1.2650608035714286,1.2582679910714285,1.2650608035714286,-1.0,SL,22
GBPUSD,-1,2024-01-05 05:00:00+00:00,2024-01-05 11:00:00+00:00,1.26868,1.2697792857142858,1.2659317857142858,1.2659317857142858,2.5,TP,24
GBPUSD,-1,2024-01-05 15:45:00+00:00,2024-01-05 16:15:00+00:00,1.26533,1.2672374107142856,1.260561473214286,1.2672374107142856,-1.0,SL,2
GBPUSD,1,2024-01-05 16:45:00+00:00,2024-01-12 02:00:00+00:00,1.26876,1.2650767857142857,1.2779680357142862,1.2779680357142862,2.5,TP,421
GBPUSD,1,2024-01-12 10:30:00+00:00,2024-01-12 11:45:00+00:00,1.27767,1.2752494642857142,1.283721339285715,1.2752494642857142,-1.0,SL,5
GBPUSD,1,2024-01-12 15:30:00+00:00,2024-01-12 16:30:00+00:00,1.27373,1.2723525,1.2771737500000002,1.2771737500000002,2.5,TP,4
GBPUSD,-1,2024-01-16 01:45:00+00:00,2024-01-16 09:00:00+00:00,1.27146,1.2731011607142857,1.2673570982142859,1.2673570982142859,2.5,TP,29
GBPUSD,-1,2024-01-16 09:30:00+00:00,2024-01-16 09:45:00+00:00,1.26648,1.2685633035714285,1.261271741071429,1.2685633035714285,-1.0,SL,1
GBPUSD,-1,2024-01-16 12:00:00+00:00,2024-01-16 15:30:00+00:00,1.26408,1.2666308928571428,1.2577027678571433,1.2666308928571428,-1.0,SL,14
GBPUSD,-1,2024-01-16 19:30:00+00:00,2024-01-17 10:15:00+00:00,1.26311,1.267425982142857,1.252320044642857,1.267425982142857,-1.0,SL,59
GBPUSD,-1,2024-01-17 13:00:00+00:00,2024-01-18 08:30:00+00:00,1.26772,1.2698151785714287,1.262482053571428,1.2698151785714287,-1.0,SL,78
GBPUSD,-1,2024-01-18 12:15:00+00:00,2024-01-18 16:00:00+00:00,1.26837,1.2697491964285714,1.2649220089285715,1.2649220089285715,2.5,TP,15
GBPUSD,1,2024-01-19 05:00:00+00:00,2024-01-19 07:30:00+00:00,1.27105,1.2699883035714286,1.2737042410714285,1.2699883035714286,-1.0,SL,10
GBPUSD,1,2024-01-19 19:45:00+00:00,2024-01-22 14:15:00+00:00,1.26835,1.2666589285714285,1.2725776785714291,1.2725776785714291,2.5,TP,74
GBPUSD,1,2024-01-23 03:00:00+00:00,2024-01-23 08:15:00+00:00,1.2714,1.2702544642857143,1.2742638392857146,1.2742638392857146,2.5,TP,21
GBPUSD,1,2024-01-23 08:45:00+00:00,2024-01-23 10:15:00+00:00,1.27437,1.2732878571428572,1.277075357142857,1.2732878571428572,-1.0,SL,6
GBPUSD,1,2024-01-24 06:00:00+00:00,2024-01-24 10:00:00+00:00,1.26966,1.2689103571428573,1.2715341071428568,1.2715341071428568,2.5,TP,16
GBPUSD,1,2024-01-24 11:30:00+00:00,2024-01-25 03:00:00+00:00,1.27331,1.2706366964285714,1.2799932589285714,1.2706366964285714,-1.0,SL,62
GBPUSD,1,2024-01-25 08:45:00+00:00,2024-01-25 15:30:00+00:00,1.27203,1.2707425892857143,1.2752485267857143,1.2707425892857143,-1.0,SL,27
GBPUSD,1,2024-01-26 10:30:00+00:00,2024-01-26 11:45:00+00:00,1.26911,1.2679533035714285,1.2720017410714286,1.2720017410714286,2.5,TP,5
GBPUSD,-1,2024-01-29 17:00:00+00:00,2024-01-29 19:15:00+00:00,1.26763,1.268827767857143,1.264635580357143,1.268827767857143,-1.0,SL,9
GBPUSD,-1,2024-01-30 09:15:00+00:00,2024-01-31 15:45:00+00:00,1.26857,1.2711052678571428,1.262231830357143,1.2711052678571428,-1.0,SL,122
GBPUSD,-1,2024-01-31 21:30:00+00:00,2024-01-31 21:45:00+00:00,1.26959,1.2722366071428572,1.2629734821428569,1.2722366071428572,-1.0,SL,1
GBPUSD,-1,2024-01-31 22:30:00+00:00,2024-02-01 19:30:00+00:00,1.26641,1.2736880357142857,1.248214910714286,1.2736880357142857,-1.0,SL,84
GBPUSD,1,2024-02-02 10:30:00+00:00,2024-02-02 10:45:00+00:00,1.27612,1.2747969642857142,1.279427589285714,1.2747969642857142,-1.0,SL,1
GBPUSD,1,2024-02-02 11:45:00+00:00,2024-02-02 15:30:00+00:00,1.27635,1.2739666071428573,1.2823084821428572,1.2739666071428573,-1.0,SL,15
GBPUSD,-1,2024-02-02 16:15:00+00:00,2024-03-07 16:45:00+00:00,1.26703,1.2768373214285713,1.242511696428572,1.2768373214285713,-1.0,SL,2306
GBPUSD,1,2024-03-07 18:00:00+00:00,2024-03-08 15:15:00+00:00,1.2789,1.2766304464285714,1.2845738839285712,1.2845738839285712,2.5,TP,85
GBPUSD,1,2024-03-08 16:00:00+00:00,2024-03-11 15:45:00+00:00,1.28639,1.282923214285714,1.2950569642857146,1.282923214285714,-1.0,SL,91
GBPUSD,1,2024-03-13 13:45:00+00:00,2024-03-14 12:30:00+00:00,1.27866,1.2773663392857142,1.281894151785714,1.281894151785714,2.5,TP,91
GBPUSD,-1,2024-03-14 16:45:00+00:00,2024-03-19 11:15:00+00:00,1.27784,1.2812050892857143,1.2694272767857147,1.2694272767857147,2.5,TP,266
GBPUSD,-1,2024-03-19 12:45:00+00:00,2024-03-19 14:30:00+00:00,1.26737,1.2692016071428571,1.2627909821428576,1.2692016071428571,-1.0,SL,7
GBPUSD,-1,2024-03-20 03:30:00+00:00,2024-03-20 06:45:00+00:00,1.27117,1.2723081250000001,1.2683246874999994,1.2723081250000001,-1.0,SL,13
GBPUSD,-1,2024-03-20 08:15:00+00:00,2024-03-20 10:00:00+00:00,1.27204,1.2725875892857144,1.2706710267857142,1.2725875892857144,-1.0,SL,7
GBPUSD,-1,2024-03-20 11:30:00+00:00,2024-03-20 21:00:00+00:00,1.27033,1.273092232142857,1.2634244196428572,1.273092232142857,-1.0,SL,38
GBPUSD,-1,2024-03-21 16:45:00+00:00,2024-03-21 18:15:00+00:00,1.27185,1.273899107142857,1.2667272321428573,1.2667272321428573,2.5,TP,6
GBPUSD,-1,2024-04-01 18:00:00+00:00,2024-04-03 17:30:00+00:00,1.25625,1.261492857142857,1.2431428571428578,1.261492857142857,-1.0,SL,190
GBPUSD,1,2024-04-04 08:30:00+00:00,2024-04-04 14:45:00+00:00,1.26575,1.2649823214285714,1.2676691964285713,1.2649823214285714,-1.0,SL,25
GBPUSD,1,2024-04-04 16:00:00+00:00,2024-04-04 21:30:00+00:00,1.26684,1.2650189285714286,1.2713926785714285,1.2650189285714286,-1.0,SL,22
GBPUSD,1,2024-04-05 00:00:00+00:00,2024-04-05 00:15:00+00:00,1.26363,1.2634679464285714,1.2640351339285716,1.2634679464285714,-1.0,SL,1
GBPUSD,1,2024-04-05 17:30:00+00:00,2024-04-09 13:00:00+00:00,1.26115,1.258165,1.2686125000000001,1.2686125000000001,2.5,TP,174
GBPUSD,-1,2024-04-10 17:00:00+00:00,2024-04-12 13:30:00+00:00,1.25648,1.259876517857143,1.2479887053571428,1.2479887053571428,2.5,TP,178
GBPUSD,-1,2024-04-16 17:45:00+00:00,2024-04-16 20:30:00+00:00,1.24459,1.24597,1.2411400000000001,1.2411400000000001,2.5,TP,11
GBPUSD,-1,2024-04-16 23:45:00+00:00,2024-04-17 05:15:00+00:00,1.24248,1.2435915178571428,1.239701205357143,1.2435915178571428,-1.0,SL,22
GBPUSD,-1,2024-04-17 08:00:00+00:00,2024-04-17 09:00:00+00:00,1.24292,1.2435522321428572,1.2413394196428573,1.2435522321428572,-1.0,SL,4
GBPUSD,-1,2024-04-17 19:15:00+00:00,2024-04-17 21:00:00+00:00,1.24319,1.2455661607142858,1.2372495982142855,1.2455661607142858,-1.0,SL,7
GBPUSD,-1,2024-04-18 17:00:00+00:00,2024-04-18 18:15:00+00:00,1.24482,1.246300625,1.2411184375000004,1.246300625,-1.0,SL,5
GBPUSD,-1,2024-04-18 20:00:00+00:00,2024-04-19 05:00:00+00:00,1.24482,1.2469866071428573,1.239403482142857,1.239403482142857,2.5,TP,36
GBPUSD,-1,2024-04-19 09:00:00+00:00,2024-04-19 09:30:00+00:00,1.24111,1.2425951785714284,1.2373970535714287,1.2425951785714284,-1.0,SL,2
GBPUSD,-1,2024-04-19 18:15:00+00:00,2024-04-22 16:15:00+00:00,1.24191,1.2465625892857144,1.2302785267857144,1.2302785267857144,2.5,TP,88
GBPUSD,-1,2024-04-23 08:00:00+00:00,2024-04-23 09:00:00+00:00,1.23512,1.235630892857143,1.2338427678571429,1.2338427678571429,2.5,TP,4
GBPUSD,1,2024-04-24 12:30:00+00:00,2024-04-24 20:15:00+00:00,1.2433,1.2423766964285714,1.2456082589285717,1.2456082589285717,2.5,TP,31
GBPUSD,1,2024-04-26 13:15:00+00:00,2024-04-26 13:30:00+00:00,1.25166,1.2509288392857143,1.2534879017857143,1.2509288392857143,-1.0,SL,1
GBPUSD,1,2024-04-29 01:30:00+00:00,2024-04-29 07:00:00+00:00,1.25,1.2487120535714287,1.2532198660714284,1.2532198660714284,2.5,TP,22
GBPUSD,1,2024-04-29 13:00:00+00:00,2024-04-30 15:30:00+00:00,1.25311,1.2504720535714287,1.259704866071428,1.2504720535714287,-1.0,SL,106
GBPUSD,1,2024-05-02 05:15:00+00:00,2024-05-02 09:45:00+00:00,1.25357,1.2520788392857143,1.2572979017857144,1.2520788392857143,-1.0,SL,18
GBPUSD,1,2024-05-02 18:30:00+00:00,2024-05-03 03:45:00+00:00,1.24956,1.2476419642857142,1.2543550892857147,1.2543550892857147,2.5,TP,37
GBPUSD,1,2024-05-03 11:30:00+00:00,2024-05-03 15:30:00+00:00,1.25583,1.254155625,1.2600159374999997,1.2600159374999997,2.5,TP,16
GBPUSD,1,2024-05-03 16:00:00+00:00,2024-05-03 17:00:00+00:00,1.26052,1.2550539285714284,1.2741851785714293,1.2550539285714284,-1.0,SL,4
GBPUSD,1,2024-05-06 03:45:00+00:00,2024-05-06 11:45:00+00:00,1.25484,1.2535504464285716,1.2580638839285707,1.2580638839285707,2.5,TP,32
GBPUSD,1,2024-05-06 20:30:00+00:00,2024-05-06 22:30:00+00:00,1.2566,1.2557681250000001,1.2586796874999995,1.2557681250000001,-1.0,SL,8
GBPUSD,1,2024-05-07 04:00:00+00:00,2024-05-07 05:00:00+00:00,1.25683,1.2555241964285713,1.2600945089285713,1.2555241964285713,-1.0,SL,4
GBPUSD,-1,2024-05-07 20:15:00+00:00,2024-05-09 14:00:00+00:00,1.25176,1.2539474107142858,1.2462914732142854,1.2462914732142854,2.5,TP,167
GBPUSD,1,2024-05-10 17:00:00+00:00,2024-05-10 17:15:00+00:00,1.25359,1.2516836607142856,1.2583558482142858,1.2516836607142856,-1.0,SL,1
GBPUSD,1,2024-05-10 18:45:00+00:00,2024-05-13 15:45:00+00:00,1.25193,1.2504151785714284,1.255717053571429,1.255717053571429,2.5,TP,84
GBPUSD,1,2024-05-13 19:15:00+00:00,2024-05-14 09:00:00+00:00,1.25631,1.2549298214285713,1.2597604464285719,1.2549298214285713,-1.0,SL,55
GBPUSD,1,2024-05-14 12:15:00+00:00,2024-05-14 17:45:00+00:00,1.25338,1.251103125,1.2590721874999997,1.2590721874999997,2.5,TP,22
GBPUSD,1,2024-05-14 18:15:00+00:00,2024-05-15 15:30:00+00:00,1.25842,1.2566005357142858,1.2629686607142858,1.2629686607142858,2.5,TP,85
GBPUSD,1,2024-05-15 16:00:00+00:00,2024-05-22 09:00:00+00:00,1.26448,1.2605777678571428,1.2742355803571432,1.2742355803571432,2.5,TP,452
GBPUSD,1,2024-05-22 09:30:00+00:00,2024-05-22 14:30:00+00:00,1.27444,1.2708579464285714,1.2833951339285714,1.2708579464285714,-1.0,SL,20
GBPUSD,1,2024-05-22 15:30:00+00:00,2024-05-23 20:45:00+00:00,1.27168,1.2699313392857143,1.276051651785714,1.2699313392857143,-1.0,SL,117
GBPUSD,1,2024-05-24 13:30:00+00:00,2024-05-27 15:45:00+00:00,1.27196,1.2704466964285714,1.2757432589285713,1.2757432589285713,2.5,TP,105
GBPUSD,1,2024-05-27 16:45:00+00:00,2024-05-29 13:30:00+00:00,1.27716,1.274476875,1.2838678125000005,1.274476875,-1.0,SL,179
GBPUSD,-1,2024-05-30 08:45:00+00:00,2024-05-30 10:00:00+00:00,1.26873,1.2697336607142857,1.2662208482142854,1.2697336607142857,-1.0,SL,5
GBPUSD,-1,2024-05-31 06:00:00+00:00,2024-05-31 12:45:00+00:00,1.27165,1.2724635714285715,1.2696160714285711,1.2724635714285715,-1.0,SL,27
GBPUSD,1,2024-06-03 07:45:00+00:00,2024-06-03 08:30:00+00:00,1.27437,1.2736541071428573,1.2761597321428568,1.2736541071428573,-1.0,SL,3
GBPUSD,-1,2024-06-03 10:30:00+00:00,2024-06-03 16:30:00+00:00,1.2725,1.27394875,1.268878125,1.27394875,-1.0,SL,24
GBPUSD,1,2024-06-03 17:30:00+00:00,2024-06-07 15:45:00+00:00,1.27809,1.2727408928571429,1.2914627678571426,1.2727408928571429,-1.0,SL,377
GBPUSD,-1,2024-06-10 06:00:00+00:00,2024-06-10 12:30:00+00:00,1.27208,1.2728041964285715,1.2702695089285716,1.2702695089285716,2.5,TP,26
GBPUSD,-1,2024-06-10 13:15:00+00:00,2024-06-10 14:00:00+00:00,1.26909,1.2705691964285715,1.2653920089285715,1.2705691964285715,-1.0,SL,3
GBPUSD,-1,2024-06-10 16:15:00+00:00,2024-06-10 18:30:00+00:00,1.27102,1.2730172321428572,1.266026919642857,1.2730172321428572,-1.0,SL,9
GBPUSD,-1,2024-06-10 20:00:00+00:00,2024-06-11 07:15:00+00:00,1.27285,1.2737972321428572,1.2704819196428572,1.2737972321428572,-1.0,SL,45
GBPUSD,-1,2024-06-11 08:15:00+00:00,2024-06-11 09:00:00+00:00,1.27359,1.2739904464285716,1.272588883928571,1.2739904464285716,-1.0,SL,3
GBPUSD,-1,2024-06-11 09:30:00+00:00,2024-06-11 13:00:00+00:00,1.27277,1.2738435714285714,1.2700860714285713,1.2738435714285714,-1.0,SL,14
GBPUSD,-1,2024-06-11 16:45:00+00:00,2024-06-11 22:00:00+00:00,1.27296,1.27475125,1.2684818750000004,1.27475125,-1.0,SL,21
GBPUSD,1,2024-06-12 14:15:00+00:00,2024-06-12 15:30:00+00:00,1.27647,1.2751795535714285,1.2796961160714286,1.2796961160714286,2.5,TP,5
GBPUSD,1,2024-06-12 16:00:00+00:00,2024-06-13 18:00:00+00:00,1.28528,1.2756558035714285,1.3093404910714286,1.2756558035714285,-1.0,SL,104
GBPUSD,-1,2024-06-14 09:15:00+00:00,2024-06-14 12:30:00+00:00,1.27396,1.2753367857142857,1.2705180357142858,1.2705180357142858,2.5,TP,13
GBPUSD,1,2024-06-20 06:30:00+00:00,2024-06-20 08:15:00+00:00,1.2715,1.270997232142857,1.2727569196428576,1.270997232142857,-1.0,SL,7
GBPUSD,-1,2024-06-20 08:45:00+00:00,2024-06-20 14:00:00+00:00,1.27102,1.271785625,1.2691059375000004,1.2691059375000004,2.5,TP,21
GBPUSD,-1,2024-06-20 14:30:00+00:00,2024-06-21 10:30:00+00:00,1.26893,1.2708474107142858,1.2641364732142852,1.2641364732142852,2.5,TP,80
GBPUSD,-1,2024-06-21 13:15:00+00:00,2024-06-24 11:00:00+00:00,1.26443,1.2657684821428572,1.2610837946428568,1.2657684821428572,-1.0,SL,87
GBPUSD,1,2024-06-25 08:15:00+00:00,2024-06-25 09:00:00+00:00,1.26968,1.269019285714286,1.271331785714285,1.269019285714286,-1.0,SL,3
GBPUSD,1,2024-06-25 11:30:00+00:00,2024-06-25 14:30:00+00:00,1.26956,1.2683961607142857,1.2724695982142857,1.2683961607142857,-1.0,SL,12
GBPUSD,1,2024-06-25 20:30:00+00:00,2024-06-26 09:45:00+00:00,1.2687,1.2675475892857144,1.2715810267857137,1.2675475892857144,-1.0,SL,53
GBPUSD,-1,2024-06-26 13:30:00+00:00,2024-06-26 18:00:00+00:00,1.26569,1.2672001785714284,1.261914553571429,1.261914553571429,2.5,TP,18
GBPUSD,-1,2024-06-27 11:15:00+00:00,2024-06-27 12:15:00+00:00,1.2632,1.264465625,1.2600359375000005,1.264465625,-1.0,SL,4
GBPUSD,-1,2024-06-27 21:15:00+00:00,2024-06-28 13:45:00+00:00,1.2644,1.2654102678571428,1.2618743303571427,1.2654102678571428,-1.0,SL,66
GBPUSD,1,2024-07-01 08:45:00+00:00,2024-07-01 17:00:00+00:00,1.26646,1.265309375,1.2693365625,1.2693365625,2.5,TP,33
GBPUSD,-1,2024-07-02 08:00:00+00:00,2024-07-02 08:45:00+00:00,1.26327,1.2637,1.2621949999999995,1.2637,-1.0,SL,3
GBPUSD,-1,2024-07-02 10:00:00+00:00,2024-07-02 13:45:00+00:00,1.26322,1.2640025,1.2612637500000003,1.2640025,-1.0,SL,15
GBPUSD,1,2024-07-02 16:15:00+00:00,2024-07-03 15:15:00+00:00,1.26697,1.2653608035714285,1.2709929910714284,1.2709929910714284,2.5,TP,92
GBPUSD,1,2024-07-03 15:45:00+00:00,2024-07-03 17:00:00+00:00,1.27208,1.270168392857143,1.2768590178571428,1.2768590178571428,2.5,TP,5
GBPUSD,1,2024-07-03 17:30:00+00:00,2024-07-03 20:30:00+00:00,1.27634,1.2737884821428571,1.2827187946428573,1.2737884821428571,-1.0,SL,12
GBPUSD,1,2024-07-03 22:30:00+00:00,2024-07-05 06:15:00+00:00,1.2742,1.2730828571428572,1.276992857142857,1.276992857142857,2.5,TP,127
GBPUSD,1,2024-07-05 11:00:00+00:00,2024-07-05 15:30:00+00:00,1.27803,1.2767062500000002,1.2813393749999995,1.2767062500000002,-1.0,SL,18
GBPUSD,1,2024-07-05 16:00:00+00:00,2024-07-05 17:15:00+00:00,1.28026,1.2787890178571428,1.2839374553571428,1.2787890178571428,-1.0,SL,5
GBPUSD,1,2024-07-05 18:00:00+00:00,2024-07-08 14:45:00+00:00,1.27978,1.2784077678571428,1.2832105803571427,1.2832105803571427,2.5,TP,83
GBPUSD,1,2024-07-09 02:30:00+00:00,2024-07-09 04:15:00+00:00,1.28122,1.280573125,1.2828371874999998,1.280573125,-1.0,SL,7
GBPUSD,1,2024-07-10 12:30:00+00:00,2024-07-10 16:30:00+00:00,1.28047,1.27948875,1.282923125,1.282923125,2.5,TP,16
GBPUSD,1,2024-07-10 17:00:00+00:00,2024-07-11 15:30:00+00:00,1.28284,1.2804441964285715,1.288829508928571,1.288829508928571,2.5,TP,90
GBPUSD,1,2024-07-11 16:00:00+00:00,2024-07-25 15:30:00+00:00,1.29316,1.2868953571428572,1.3088216071428573,1.2868953571428572,-1.0,SL,958
GBPUSD,-1,2024-07-25 20:45:00+00:00,2024-07-29 10:45:00+00:00,1.28756,1.2888449107142856,1.2843477232142861,1.2843477232142861,2.5,TP,152
GBPUSD,-1,2024-07-29 11:15:00+00:00,2024-08-08 13:00:00+00:00,1.28121,1.2869933928571429,1.2667515178571427,1.2667515178571427,2.5,TP,775
GBPUSD,-1,2024-08-08 16:00:00+00:00,2024-08-08 16:45:00+00:00,1.26753,1.2700397321428571,1.2612556696428574,1.2700397321428571,-1.0,SL,3
GBPUSD,1,2024-08-09 09:30:00+00:00,2024-08-09 13:00:00+00:00,1.27639,1.2749391964285712,1.2800170089285716,1.2749391964285712,-1.0,SL,14
GBPUSD,1,2024-08-09 17:30:00+00:00,2024-08-13 17:30:00+00:00,1.27607,1.2732576785714285,1.283100803571429,1.283100803571429,2.5,TP,192
GBPUSD,1,2024-08-13 19:30:00+00:00,2024-08-13 21:15:00+00:00,1.28321,1.2816753571428572,1.287046607142857,1.287046607142857,2.5,TP,7
GBPUSD,1,2024-08-14 10:30:00+00:00,2024-08-14 11:00:00+00:00,1.28386,1.2825574107142856,1.287116473214286,1.2825574107142856,-1.0,SL,2
GBPUSD,1,2024-08-14 12:45:00+00:00,2024-08-14 21:15:00+00:00,1.28513,1.2821808035714286,1.2925029910714287,1.2821808035714286,-1.0,SL,34
GBPUSD,1,2024-08-15 05:30:00+00:00,2024-08-15 10:15:00+00:00,1.28293,1.2818635714285713,1.2855960714285715,1.2855960714285715,2.5,TP,19
GBPUSD,1,2024-08-15 17:15:00+00:00,2024-08-16 19:15:00+00:00,1.28343,1.2801876785714286,1.2915358035714288,1.2915358035714288,2.5,TP,104
GBPUSD,1,2024-08-19 17:15:00+00:00,2024-08-21 17:00:00+00:00,1.29752,1.2942611607142858,1.3056670982142857,1.3056670982142857,2.5,TP,191
GBPUSD,1,2024-08-21 18:45:00+00:00,2024-08-22 11:30:00+00:00,1.30746,1.305390892857143,1.312632767857143,1.312632767857143,2.5,TP,67
GBPUSD,1,2024-08-22 12:00:00+00:00,2024-08-22 17:00:00+00:00,1.31137,1.3094580357142858,1.3161499107142853,1.3094580357142858,-1.0,SL,20
GBPUSD,1,2024-08-22 21:30:00+00:00,2024-08-23 11:45:00+00:00,1.30892,1.3073407142857143,1.3128682142857144,1.3128682142857144,2.5,TP,57
GBPUSD,1,2024-08-23 17:15:00+00:00,2024-09-03 09:30:00+00:00,1.31939,1.3109090178571428,1.3405924553571433,1.3109090178571428,-1.0,SL,641
GBPUSD,-1,2024-09-03 12:30:00+00:00,2024-09-03 14:30:00+00:00,1.31156,1.3126876785714285,1.3087408035714287,1.3126876785714285,-1.0,SL,8
GBPUSD,-1,2024-09-03 17:30:00+00:00,2024-09-04 17:00:00+00:00,1.30937,1.3145924107142857,1.2963139732142857,1.3145924107142857,-1.0,SL,94
GBPUSD,1,2024-09-05 08:30:00+00:00,2024-09-05 09:45:00+00:00,1.31506,1.31413875,1.317363125,1.31413875,-1.0,SL,5
GBPUSD,1,2024-09-05 11:30:00+00:00,2024-09-06 18:00:00+00:00,1.31692,1.3139441964285714,1.3243595089285718,1.3139441964285714,-1.0,SL,122
GBPUSD,-1,2024-09-09 08:00:00+00:00,2024-09-09 13:15:00+00:00,1.31191,1.3134989285714285,1.3079376785714285,1.3079376785714285,2.5,TP,21
GBPUSD,-1,2024-09-09 21:00:00+00:00,2024-09-10 10:15:00+00:00,1.30833,1.3103655357142856,1.303241160714286,1.3103655357142856,-1.0,SL,53
GBPUSD,-1,2024-09-10 11:15:00+00:00,2024-09-10 17:00:00+00:00,1.30898,1.3104579464285715,1.3052851339285714,1.3052851339285714,2.5,TP,23
GBPUSD,-1,2024-09-11 09:15:00+00:00,2024-09-11 10:45:00+00:00,1.31013,1.3110065178571428,1.307938705357143,1.307938705357143,2.5,TP,6
GBPUSD,-1,2024-09-11 13:45:00+00:00,2024-09-11 16:45:00+00:00,1.30794,1.3097663392857142,1.303374151785715,1.303374151785715,2.5,TP,12
GBPUSD,1,2024-09-13 11:00:00+00:00,2024-09-13 13:45:00+00:00,1.31459,1.3124741964285713,1.3198795089285715,1.3124741964285713,-1.0,SL,11
GBPUSD,1,2024-09-13 16:15:00+00:00,2024-09-13 21:45:00+00:00,1.31484,1.31180875,1.322418125,1.31180875,-1.0,SL,22
GBPUSD,1,2024-09-13 22:45:00+00:00,2024-09-16 03:15:00+00:00,1.31228,1.3115925892857143,1.313998526785714,1.313998526785714,2.5,TP,18
GBPUSD,1,2024-09-16 06:45:00+00:00,2024-09-16 13:15:00+00:00,1.31565,1.3139151785714287,1.3199870535714282,1.3199870535714282,2.5,TP,26
GBPUSD,1,2024-09-18 09:30:00+00:00,2024-09-18 11:30:00+00:00,1.31696,1.3154752678571429,1.3206718303571425,1.3206718303571425,2.5,TP,8
GBPUSD,1,2024-09-18 19:30:00+00:00,2024-09-18 21:00:00+00:00,1.3205,1.3193947321428572,1.323263169642857,1.323263169642857,2.5,TP,6
GBPUSD,1,2024-09-18 23:45:00+00:00,2024-09-19 03:45:00+00:00,1.32087,1.3181064285714286,1.3277789285714285,1.3181064285714286,-1.0,SL,16
GBPUSD,1,2024-09-19 05:15:00+00:00,2024-09-19 10:00:00+00:00,1.31826,1.3152700892857143,1.3257347767857142,1.3257347767857142,2.5,TP,19
GBPUSD,1,2024-09-25 15:15:00+00:00,2024-09-25 18:15:00+00:00,1.33831,1.3363271428571428,1.3432671428571434,1.3363271428571428,-1.0,SL,12
GBPUSD,1,2024-09-26 12:45:00+00:00,2024-09-26 18:15:00+00:00,1.33606,1.3338354464285715,1.341621383928571,1.341621383928571,2.5,TP,22
GBPUSD,1,2024-09-26 18:45:00+00:00,2024-09-30 21:15:00+00:00,1.34238,1.335454375,1.3596940624999996,1.335454375,-1.0,SL,202
GBPUSD,-1,2024-10-01 09:15:00+00:00,2024-10-01 12:45:00+00:00,1.33677,1.3385517857142857,1.3323155357142857,1.3323155357142857,2.5,TP,14
GBPUSD,-1,2024-10-01 13:15:00+00:00,2024-10-01 19:30:00+00:00,1.33171,1.3339149107142856,1.3261977232142859,1.3261977232142859,2.5,TP,25
GBPUSD,-1,2024-10-02 05:30:00+00:00,2024-10-02 07:45:00+00:00,1.32906,1.3297661607142857,1.3272945982142854,1.3272945982142854,2.5,TP,9
GBPUSD,-1,2024-10-02 12:30:00+00:00,2024-10-02 17:30:00+00:00,1.32873,1.3302393750000001,1.3249565624999997,1.3249565624999997,2.5,TP,20
GBPUSD,-1,2024-10-07 00:00:00+00:00,2024-10-07 04:30:00+00:00,1.31113,1.3132966071428573,1.3057134821428562,1.3132966071428573,-1.0,SL,18
GBPUSD,-1,2024-10-07 08:15:00+00:00,2024-10-07 12:15:00+00:00,1.31149,1.3132291964285714,1.3071420089285717,1.3071420089285717,2.5,TP,16
GBPUSD,-1,2024-10-07 15:45:00+00:00,2024-10-07 16:00:00+00:00,1.3073,1.3086964285714284,1.3038089285714287,1.3086964285714284,-1.0,SL,1
GBPUSD,-1,2024-10-07 21:15:00+00:00,2024-10-08 03:45:00+00:00,1.30854,1.30982625,1.305324375,1.30982625,-1.0,SL,26
GBPUSD,-1,2024-10-08 05:30:00+00:00,2024-10-08 10:00:00+00:00,1.30917,1.3102338392857142,1.3065104017857143,1.3065104017857143,2.5,TP,18
GBPUSD,-1,2024-10-08 16:00:00+00:00,2024-10-09 10:00:00+00:00,1.31007,1.3113260714285715,1.3069298214285716,1.3069298214285716,2.5,TP,72
GBPUSD,-1,2024-10-09 11:45:00+00:00,2024-10-09 13:15:00+00:00,1.30751,1.3091941071428572,1.3032997321428568,1.3091941071428572,-1.0,SL,6
GBPUSD,-1,2024-10-09 14:45:00+00:00,2024-10-10 15:30:00+00:00,1.30839,1.3096047321428572,1.3053531696428569,1.3053531696428569,2.5,TP,99
GBPUSD,-1,2024-10-10 17:00:00+00:00,2024-10-11 10:45:00+00:00,1.30579,1.307362232142857,1.3018594196428572,1.307362232142857,-1.0,SL,71
GBPUSD,-1,2024-10-11 13:15:00+00:00,2024-10-11 15:30:00+00:00,1.30685,1.3076283928571428,1.3049040178571432,1.3076283928571428,-1.0,SL,9
GBPUSD,-1,2024-10-11 23:15:00+00:00,2024-10-14 15:30:00+00:00,1.30652,1.307790267857143,1.3033443303571424,1.3033443303571424,2.5,TP,65
GBPUSD,-1,2024-10-15 06:45:00+00:00,2024-10-15 09:00:00+00:00,1.30588,1.3067476785714287,1.303710803571428,1.303710803571428,2.5,TP,9
GBPUSD,-1,2024-10-16 03:15:00+00:00,2024-10-16 05:00:00+00:00,1.30628,1.3074039285714285,1.303470178571429,1.3074039285714285,-1.0,SL,7
GBPUSD,-1,2024-10-16 09:30:00+00:00,2024-11-06 16:30:00+00:00,1.30099,1.3078641964285713,1.2838045089285721,1.2838045089285721,2.5,TP,1468
GBPUSD,-1,2024-11-06 21:30:00+00:00,2024-11-07 06:15:00+00:00,1.28969,1.2923951785714285,1.2829270535714288,1.2923951785714285,-1.0,SL,35
GBPUSD,-1,2024-11-07 11:30:00+00:00,2024-11-07 14:00:00+00:00,1.29205,1.293853125,1.2875421874999997,1.293853125,-1.0,SL,10
GBPUSD,1,2024-11-08 05:30:00+00:00,2024-11-08 10:00:00+00:00,1.29703,1.2959708035714286,1.2996779910714282,1.2959708035714286,-1.0,SL,18
GBPUSD,-1,2024-11-08 18:30:00+00:00,2024-11-11 13:00:00+00:00,1.29245,1.2942669642857143,1.2879075892857146,1.2879075892857146,2.5,TP,74
GBPUSD,-1,2024-11-12 09:45:00+00:00,2024-11-12 11:45:00+00:00,1.28095,1.282709642857143,1.2765508928571427,1.282709642857143,-1.0,SL,8
GBPUSD,-1,2024-11-12 17:30:00+00:00,2024-11-14 11:00:00+00:00,1.27723,1.2814783035714286,1.266609241071429,1.266609241071429,2.5,TP,166
GBPUSD,-1,2024-11-14 20:45:00+00:00,2024-11-15 15:30:00+00:00,1.26897,1.2708680357142856,1.2642249107142858,1.2642249107142858,2.5,TP,75
GBPUSD,-1,2024-11-15 19:00:00+00:00,2024-11-18 18:00:00+00:00,1.2627,1.264347232142857,1.2585819196428571,1.264347232142857,-1.0,SL,92
GBPUSD,-1,2024-11-19 11:00:00+00:00,2024-11-19 18:00:00+00:00,1.26554,1.2673608035714286,1.260987991071429,1.2673608035714286,-1.0,SL,28
GBPUSD,-1,2024-11-20 16:45:00+00:00,2024-11-21 18:15:00+00:00,1.26558,1.2677668750000002,1.2601128124999992,1.2601128124999992,2.5,TP,102
GBPUSD,-1,2024-11-25 09:30:00+00:00,2024-11-25 15:30:00+00:00,1.2588,1.2605391964285713,1.2544520089285716,1.2605391964285713,-1.0,SL,24
GBPUSD,-1,2024-11-25 18:15:00+00:00,2024-11-26 14:15:00+00:00,1.256,1.259547857142857,1.2471303571428574,1.259547857142857,-1.0,SL,80
GBPUSD,-1,2024-11-26 17:30:00+00:00,2024-11-27 09:15:00+00:00,1.25558,1.2588184821428572,1.2474837946428567,1.2588184821428572,-1.0,SL,63
GBPUSD,1,2024-11-27 14:45:00+00:00,2024-11-29 03:00:00+00:00,1.26288,1.259724732142857,1.2707681696428574,1.2707681696428574,2.5,TP,145
GBPUSD,1,2024-11-29 08:45:00+00:00,2024-11-29 09:15:00+00:00,1.2717,1.2704258928571428,1.2748852678571432,1.2748852678571432,2.5,TP,2
GBPUSD,1,2024-11-29 17:00:00+00:00,2024-11-29 21:45:00+00:00,1.26884,1.266890625,1.2737134374999997,1.2737134374999997,2.5,TP,19
GBPUSD,1,2024-12-03 09:30:00+00:00,2024-12-03 14:30:00+00:00,1.26632,1.2646247321428572,1.2705581696428565,1.2646247321428572,-1.0,SL,20
GBPUSD,1,2024-12-03 19:15:00+00:00,2024-12-04 11:00:00+00:00,1.2674,1.2650477678571428,1.2732805803571434,1.2650477678571428,-1.0,SL,63
GBPUSD,1,2024-12-04 12:00:00+00:00,2024-12-05 16:30:00+00:00,1.2676,1.264089017857143,1.276377455357143,1.276377455357143,2.5,TP,114
GBPUSD,1,2024-12-06 16:00:00+00:00,2024-12-06 16:15:00+00:00,1.27945,1.2766295535714285,1.2865011160714288,1.2766295535714285,-1.0,SL,1
GBPUSD,1,2024-12-09 09:45:00+00:00,2024-12-11 12:00:00+00:00,1.2749,1.2716694642857143,1.282976339285714,1.2716694642857143,-1.0,SL,201
GBPUSD,1,2024-12-11 13:45:00+00:00,2024-12-11 15:30:00+00:00,1.27323,1.2717647321428571,1.2768931696428574,1.2768931696428574,2.5,TP,7
GBPUSD,1,2024-12-11 16:00:00+00:00,2024-12-11 17:45:00+00:00,1.277,1.2735818749999999,1.2855453125,1.2735818749999999,-1.0,SL,7
GBPUSD,1,2024-12-12 01:30:00+00:00,2024-12-12 09:15:00+00:00,1.27547,1.2743098214285715,1.2783704464285717,1.2783704464285717,2.5,TP,31
GBPUSD,-1,2024-12-12 16:30:00+00:00,2024-12-13 09:30:00+00:00,1.27066,1.2741027678571428,1.2620530803571426,1.2620530803571426,2.5,TP,68
GBPUSD,-1,2024-12-19 14:00:00+00:00,2024-12-19 15:45:00+00:00,1.26303,1.264540267857143,1.259254330357143,1.259254330357143,2.5,TP,7
GBPUSD,-1,2024-12-20 06:00:00+00:00,2024-12-20 08:00:00+00:00,1.24802,1.2490713392857142,1.245391651785714,1.2490713392857142,-1.0,SL,8
GBPUSD,-1,2024-12-20 11:30:00+00:00,2024-12-20 12:15:00+00:00,1.2499,1.2517114285714286,1.2453714285714286,1.2517114285714286,-1.0,SL,3
GBPUSD,-1,2024-12-23 13:00:00+00:00,2024-12-24 16:15:00+00:00,1.25448,1.2571913392857141,1.247701651785715,1.2571913392857141,-1.0,SL,109
GBPUSD,-1,2024-12-24 17:30:00+00:00,2024-12-27 16:00:00+00:00,1.25528,1.257460625,1.2498284374999997,1.257460625,-1.0,SL,186
GBPUSD,1,2024-12-30 01:30:00+00:00,2024-12-30 15:45:00+00:00,1.25845,1.2556901785714285,1.265349553571429,1.2556901785714285,-1.0,SL,57
GBPUSD,1,2024-12-31 02:00:00+00:00,2024-12-31 12:15:00+00:00,1.25481,1.2532632142857143,1.2586769642857143,1.2532632142857143,-1.0,SL,41
