symbol,direction,entry_time,exit_time,entry,stop,target,exit,R,reason,trade_type,grade,size_mult,mfe_R,mae_R,hit_target,hold_bars,ambiguous,resolved_on
XAUUSD,1,2025-02-19 15:30:00+00:00,2025-02-19 15:50:00+00:00,2939.63,2936.845443,2946.12,2936.845443,-1.0,SL,continuation,A,1.25,0.697,-2.586,False,5,False,M5
XAUUSD,-1,2025-03-03 05:15:00+00:00,2025-03-03 11:15:00+00:00,2862.83,2870.820521,2853.12,2870.820521,-1.0,SL,continuation,B,0.75,0.494,-1.027,False,73,False,M5
XAUUSD,1,2025-03-05 22:15:00+00:00,2025-03-05 23:45:00+00:00,2921.04,2917.550071,2926.0,2917.550071,-1.0,SL,breakout,B,0.75,0.544,-1.017,False,19,False,M5
XAUUSD,1,2025-03-06 16:30:00+00:00,2025-03-06 16:30:00+00:00,2908.72,2905.785993,2912.99,2912.99,1.4553,TP,breakout,B,0.75,1.455,-0.048,True,1,False,M5
XAUUSD,-1,2025-03-11 06:45:00+00:00,2025-03-11 09:30:00+00:00,2896.85,2899.848179,2884.04,2899.848179,-1.0,SL,continuation,B,1.0,1.418,-1.714,False,34,False,M5
XAUUSD,1,2025-03-19 13:00:00+00:00,2025-03-19 21:35:00+00:00,3030.47,3025.1167,3041.85,3041.85,2.1258,TP,continuation,B,1.0,2.78,-0.839,True,104,False,M5
XAUUSD,1,2025-03-19 19:30:00+00:00,2025-03-19 19:50:00+00:00,3036.37,3033.834586,3039.79,3033.834586,-1.0,SL,breakout,B,0.75,0.308,-1.988,False,5,False,M5
XAUUSD,1,2025-03-27 17:30:00+00:00,2025-03-27 17:35:00+00:00,3050.63,3047.126621,3055.44,3055.44,1.373,TP,continuation,B,0.75,2.112,-0.24,True,2,False,M5
XAUUSD,-1,2025-04-04 09:45:00+00:00,2025-04-04 10:00:00+00:00,3101.19,3105.667314,3095.5,3095.5,1.2709,TP,continuation,B,0.75,1.383,-0.5,True,4,False,M5
XAUUSD,-1,2025-04-07 01:15:00+00:00,2025-04-07 01:20:00+00:00,3031.87,3039.598357,3018.02,3018.02,1.7921,TP,continuation,B,1.0,3.953,-0.008,True,2,False,M5
XAUUSD,-1,2025-04-07 06:00:00+00:00,2025-04-07 08:00:00+00:00,3025.7,3037.08575,2972.16,3037.08575,-1.0,SL,continuation,A,1.25,0.748,-1.042,False,25,False,M5
XAUUSD,1,2025-04-14 18:00:00+00:00,2025-04-14 18:25:00+00:00,3211.07,3205.698757,3224.12,3205.698757,-1.0,SL,breakout,B,1.0,0.0,-1.041,False,6,False,M5
XAUUSD,1,2025-04-17 19:45:00+00:00,2025-04-21 01:05:00+00:00,3310.35,3296.135979,3331.48,3331.48,1.4866,TP,breakout,B,0.75,1.866,-0.12,True,50,False,M5
XAUUSD,-1,2025-04-23 16:15:00+00:00,2025-04-23 16:35:00+00:00,3305.79,3313.305129,3291.65,3291.65,1.8815,TP,continuation,B,1.0,2.762,-0.506,True,5,False,M5
XAUUSD,-1,2025-04-24 06:00:00+00:00,2025-04-24 17:00:00+00:00,3341.93,3355.830357,3312.39,3312.39,2.1251,TP,breakout,B,0.75,2.209,-0.194,True,133,False,M5
XAUUSD,-1,2025-04-25 07:00:00+00:00,2025-04-25 08:50:00+00:00,3323.5,3349.872093,3290.3,3290.3,1.2589,TP,breakout,B,0.75,1.382,-0.16,True,23,False,M5
XAUUSD,-1,2025-04-28 01:45:00+00:00,2025-04-28 02:05:00+00:00,3309.41,3314.865,3287.81,3314.865,-1.0,SL,continuation,B,1.0,0.213,-1.261,False,5,False,M5
XAUUSD,-1,2025-04-30 23:00:00+00:00,2025-05-01 01:10:00+00:00,3295.73,3306.323671,3280.28,3280.28,1.4584,TP,continuation,B,0.75,2.026,-0.2,True,12,False,M5
XAUUSD,-1,2025-05-02 13:30:00+00:00,2025-05-02 14:35:00+00:00,3262.93,3267.617107,3255.28,3267.617107,-1.0,SL,breakout,B,1.0,1.197,-1.075,False,14,False,M5
XAUUSD,-1,2025-05-09 17:15:00+00:00,2025-05-09 17:15:00+00:00,3321.69,3329.378429,3312.45,3329.378429,-1.0,SL,continuation,B,0.75,0.185,-1.09,False,1,False,M5
XAUUSD,1,2025-05-20 10:45:00+00:00,2025-05-20 11:55:00+00:00,3222.28,3214.061893,3232.57,3232.57,1.2521,TP,breakout,B,0.75,1.646,-0.496,True,15,False,M5
XAUUSD,1,2025-05-26 20:00:00+00:00,2025-05-27 04:25:00+00:00,3342.05,3337.636157,3351.75,3337.636157,-1.0,SL,breakout,B,0.75,1.769,-1.013,False,59,False,M5
XAUUSD,1,2025-06-03 20:30:00+00:00,2025-06-04 04:00:00+00:00,3353.39,3346.5966,3362.92,3346.5966,-1.0,SL,breakout,B,0.75,1.207,-1.044,False,76,False,M5
XAUUSD,1,2025-06-04 09:45:00+00:00,2025-06-04 13:45:00+00:00,3356.14,3350.230393,3367.48,3350.230393,-1.0,SL,breakout,B,1.0,1.525,-1.088,False,49,False,M5
XAUUSD,1,2025-06-06 06:45:00+00:00,2025-06-06 09:40:00+00:00,3370.14,3358.531707,3399.9,3358.531707,-1.0,SL,breakout,B,0.75,0.461,-1.017,False,36,False,M5
XAUUSD,1,2025-06-06 11:45:00+00:00,2025-06-06 12:05:00+00:00,3367.02,3362.530007,3375.49,3362.530007,-1.0,SL,breakout,B,0.75,0.151,-1.668,False,5,False,M5
XAUUSD,-1,2025-06-09 22:00:00+00:00,2025-06-09 22:50:00+00:00,3333.07,3337.257093,3327.44,3327.44,1.3446,TP,breakout,B,0.75,1.376,-0.547,True,11,False,M5
XAUUSD,1,2025-06-12 11:30:00+00:00,2025-06-12 13:25:00+00:00,3358.83,3346.43425,3375.57,3375.57,1.3505,TP,continuation,B,0.75,1.701,-0.275,True,24,False,M5
XAUUSD,1,2025-06-13 11:30:00+00:00,2025-06-13 13:10:00+00:00,3423.65,3419.834471,3428.63,3419.834471,-1.0,SL,continuation,B,0.75,1.048,-1.261,False,21,False,M5
XAUUSD,-1,2025-06-18 03:00:00+00:00,2025-06-18 03:15:00+00:00,3387.32,3390.480157,3383.07,3383.07,1.3449,TP,continuation,B,0.75,1.392,-0.462,True,4,False,M5
XAUUSD,-1,2025-06-18 09:00:00+00:00,2025-06-18 09:25:00+00:00,3386.38,3389.149329,3382.16,3382.16,1.5238,TP,continuation,B,1.0,1.61,-0.123,True,6,False,M5
XAUUSD,1,2025-07-02 01:00:00+00:00,2025-07-02 03:00:00+00:00,3339.85,3336.5964,3350.46,3336.5964,-1.0,SL,continuation,B,1.0,1.149,-1.629,False,24,False,M5
XAUUSD,1,2025-07-04 06:45:00+00:00,2025-07-07 03:05:00+00:00,3337.61,3325.707393,3352.22,3325.707393,-1.0,SL,breakout,B,0.75,0.623,-1.091,False,184,False,M5
XAUUSD,-1,2025-07-07 04:30:00+00:00,2025-07-07 04:35:00+00:00,3312.2,3314.775264,3306.62,3314.775264,-1.0,SL,continuation,B,1.0,0.109,-1.817,False,2,False,M5
XAUUSD,-1,2025-07-10 17:00:00+00:00,2025-07-11 03:30:00+00:00,3312.66,3328.069443,3293.32,3328.069443,-1.0,SL,breakout,B,0.75,0.173,-1.493,False,112,False,M5
XAUUSD,1,2025-07-15 10:45:00+00:00,2025-07-15 11:15:00+00:00,3363.56,3361.6095,3366.59,3361.6095,-1.0,SL,breakout,B,0.75,1.036,-2.466,False,7,False,M5
XAUUSD,1,2025-07-16 18:15:00+00:00,2025-07-16 18:15:00+00:00,3348.54,3336.490979,3370.01,3370.01,1.7819,TP,breakout,B,0.75,1.782,-0.149,True,1,False,M5
XAUUSD,-1,2025-07-17 16:00:00+00:00,2025-07-17 16:05:00+00:00,3313.12,3315.468114,3309.68,3315.468114,-1.0,SL,continuation,B,0.75,0.801,-1.218,False,2,False,M5
XAUUSD,1,2025-07-21 03:30:00+00:00,2025-07-21 04:00:00+00:00,3351.72,3349.649993,3354.5,3354.5,1.343,TP,continuation,B,0.75,1.522,0.0,True,7,False,M5
XAUUSD,1,2025-08-07 09:30:00+00:00,2025-08-07 09:40:00+00:00,3380.35,3377.807679,3383.97,3383.97,1.4239,TP,breakout,B,0.75,2.317,-0.118,True,3,False,M5
XAUUSD,1,2025-08-07 14:30:00+00:00,2025-08-07 22:30:00+00:00,3381.9,3371.266829,3397.26,3397.26,1.4445,TP,continuation,B,0.75,1.468,-0.631,True,97,False,M5
XAUUSD,-1,2025-08-18 15:00:00+00:00,2025-08-18 16:35:00+00:00,3345.35,3348.837671,3339.59,3339.59,1.6515,TP,breakout,B,0.75,2.168,-0.969,True,20,False,M5
XAUUSD,-1,2025-08-19 07:00:00+00:00,2025-08-19 13:05:00+00:00,3337.73,3341.864693,3332.21,3341.864693,-1.0,SL,breakout,B,0.75,0.815,-1.149,False,74,False,M5
XAUUSD,1,2025-08-21 14:45:00+00:00,2025-08-21 15:10:00+00:00,3333.69,3329.76785,3341.3,3341.3,1.9403,TP,breakout,B,1.0,2.29,-0.372,True,6,False,M5
XAUUSD,1,2025-09-04 09:45:00+00:00,2025-09-04 10:00:00+00:00,3538.9,3534.564421,3544.39,3534.564421,-1.0,SL,breakout,B,0.75,0.182,-1.453,False,4,False,M5
XAUUSD,1,2025-09-05 16:00:00+00:00,2025-09-05 16:00:00+00:00,3580.24,3577.009107,3586.7,3577.009107,-1.0,SL,continuation,B,1.0,0.966,-1.563,False,1,False,M5
XAUUSD,1,2025-09-11 18:30:00+00:00,2025-09-11 21:30:00+00:00,3636.56,3630.614536,3643.9,3630.614536,-1.0,SL,breakout,B,0.75,0.9,-1.041,False,37,False,M5
XAUUSD,1,2025-09-30 13:30:00+00:00,2025-10-01 05:05:00+00:00,3804.17,3792.239593,3871.41,3871.41,5.636,TP,breakout,B,1.0,5.967,-0.081,True,173,False,M5
XAUUSD,1,2025-09-30 17:00:00+00:00,2025-10-01 03:00:00+00:00,3823.78,3811.112129,3863.22,3863.22,3.1134,TP,breakout,B,0.75,3.207,-0.268,True,106,False,M5
XAUUSD,1,2025-10-07 11:45:00+00:00,2025-10-07 14:40:00+00:00,3952.63,3943.184929,3966.23,3966.23,1.4399,TP,breakout,B,0.75,1.453,-0.23,True,36,False,M5
XAUUSD,1,2025-10-17 05:30:00+00:00,2025-10-17 08:00:00+00:00,4332.5,4321.249129,4378.02,4378.02,4.0459,TP,continuation,A,1.25,4.086,-0.055,True,31,False,M5
XAUUSD,1,2025-10-20 13:00:00+00:00,2025-10-20 13:05:00+00:00,4260.74,4249.982136,4365.92,4249.982136,-1.0,SL,breakout,B,0.75,0.014,-1.327,False,2,False,M5
XAUUSD,-1,2025-10-29 21:30:00+00:00,2025-10-29 21:40:00+00:00,3981.06,3990.380464,3950.94,3950.94,3.2316,TP,breakout,B,0.75,4.002,-0.899,True,3,False,M5
XAUUSD,-1,2025-10-30 13:45:00+00:00,2025-10-30 16:55:00+00:00,3982.19,3992.271857,3956.88,3992.271857,-1.0,SL,breakout,B,1.0,2.162,-1.326,False,39,False,M5
XAUUSD,-1,2025-11-04 01:30:00+00:00,2025-11-04 02:40:00+00:00,3995.71,4002.886207,3981.6,3981.6,1.9662,TP,breakout,B,0.75,2.4,-0.56,True,15,False,M5
XAUUSD,-1,2025-11-04 07:15:00+00:00,2025-11-04 07:55:00+00:00,3983.76,3991.371136,3973.02,3973.02,1.4111,TP,continuation,B,0.75,1.464,-0.434,True,9,False,M5
XAUUSD,-1,2025-11-04 11:30:00+00:00,2025-11-04 15:30:00+00:00,3991.87,4000.277857,3981.36,3981.36,1.25,TP,continuation,B,0.75,1.482,-0.965,True,49,False,M5
XAUUSD,1,2025-11-11 11:30:00+00:00,2025-11-11 12:00:00+00:00,4143.78,4140.217486,4148.86,4140.217486,-1.0,SL,continuation,B,0.75,0.598,-1.766,False,7,False,M5
XAUUSD,1,2025-11-11 21:30:00+00:00,2025-11-12 01:15:00+00:00,4117.66,4112.4044,4134.75,4134.75,3.2518,TP,breakout,B,0.75,3.387,-0.021,True,31,False,M5
XAUUSD,1,2025-11-12 08:45:00+00:00,2025-11-12 14:25:00+00:00,4116.98,4104.052657,4135.82,4135.82,1.4574,TP,breakout,B,0.75,1.599,-0.374,True,69,False,M5
XAUUSD,1,2025-11-14 01:30:00+00:00,2025-11-14 04:50:00+00:00,4179.31,4169.983514,4206.71,4206.71,2.9379,TP,breakout,B,0.75,3.317,-0.609,True,41,False,M5
XAUUSD,-1,2025-11-19 03:15:00+00:00,2025-11-19 04:40:00+00:00,4064.68,4077.709364,4030.18,4077.709364,-1.0,SL,breakout,B,1.0,0.694,-1.066,False,18,False,M5
XAUUSD,1,2025-11-25 18:45:00+00:00,2025-11-25 19:00:00+00:00,4140.12,4132.498071,4150.76,4150.76,1.396,TP,continuation,B,0.75,1.462,-0.737,True,4,False,M5
XAUUSD,1,2025-11-28 12:15:00+00:00,2025-11-28 12:30:00+00:00,4172.28,4161.570307,4188.16,4161.570307,-1.0,SL,continuation,B,0.75,0.5,-1.131,False,4,False,M5
XAUUSD,1,2025-12-01 08:15:00+00:00,2025-12-01 08:20:00+00:00,4233.12,4227.553657,4240.71,4227.553657,-1.0,SL,continuation,B,0.75,0.072,-1.234,False,2,False,M5
XAUUSD,1,2025-12-11 12:00:00+00:00,2025-12-11 12:30:00+00:00,4218.63,4212.85295,4237.37,4212.85295,-1.0,SL,continuation,B,1.0,1.258,-1.212,False,7,False,M5
XAUUSD,1,2025-12-15 03:30:00+00:00,2025-12-15 07:35:00+00:00,4315.02,4308.418307,4339.23,4339.23,3.6672,TP,continuation,B,1.0,3.754,-0.052,True,50,False,M5
XAUUSD,1,2025-12-16 21:00:00+00:00,2025-12-16 21:00:00+00:00,4311.25,4305.49105,4330.09,4305.49105,-1.0,SL,breakout,B,0.75,0.063,-1.035,False,1,False,M5
XAUUSD,1,2025-12-17 15:30:00+00:00,2025-12-17 15:30:00+00:00,4328.0,4321.89825,4336.08,4336.08,1.3242,TP,continuation,B,0.75,1.324,-0.005,True,1,False,M5
XAUUSD,1,2025-12-18 04:15:00+00:00,2025-12-18 10:55:00+00:00,4330.98,4323.972779,4342.82,4323.972779,-1.0,SL,continuation,B,1.0,0.95,-1.29,False,81,False,M5
XAUUSD,1,2025-12-24 05:45:00+00:00,2025-12-24 07:10:00+00:00,4494.98,4488.879514,4512.15,4488.879514,-1.0,SL,continuation,A,1.25,1.054,-1.595,False,18,False,M5
XAUUSD,-1,2025-12-31 17:30:00+00:00,2025-12-31 21:40:00+00:00,4337.25,4349.178686,4307.94,4307.94,2.4571,TP,continuation,A,1.25,2.469,-0.366,True,51,False,M5
XAUUSD,1,2026-01-13 10:30:00+00:00,2026-01-13 12:00:00+00:00,4590.22,4584.00845,4599.46,4584.00845,-1.0,SL,continuation,B,0.75,1.074,-1.191,False,19,False,M5
XAUUSD,1,2026-01-15 16:30:00+00:00,2026-01-15 18:10:00+00:00,4602.57,4595.361164,4620.67,4620.67,2.5108,TP,breakout,B,1.0,2.848,-0.322,True,21,False,M5
XAUUSD,1,2026-01-16 06:30:00+00:00,2026-01-16 07:45:00+00:00,4598.49,4591.911764,4610.75,4610.75,1.8637,TP,breakout,B,1.0,2.198,-0.499,True,16,False,M5
XAUUSD,1,2026-01-21 21:15:00+00:00,2026-01-21 21:25:00+00:00,4848.96,4839.117486,4868.7,4839.117486,-1.0,SL,continuation,B,1.0,0.507,-4.448,False,3,False,M5
XAUUSD,1,2026-01-21 22:30:00+00:00,2026-01-22 01:25:00+00:00,4797.29,4786.281057,4853.95,4786.281057,-1.0,SL,breakout,B,1.0,3.846,-1.119,False,21,False,M5
XAUUSD,1,2026-01-23 12:45:00+00:00,2026-01-23 13:15:00+00:00,4928.06,4916.021021,4958.78,4916.021021,-1.0,SL,continuation,A,1.25,0.215,-1.341,False,7,False,M5
XAUUSD,1,2026-01-29 23:00:00+00:00,2026-01-30 03:10:00+00:00,5394.17,5308.0818,5529.34,5308.0818,-1.0,SL,breakout,B,0.75,0.654,-1.079,False,36,False,M5
XAUUSD,1,2026-02-09 13:45:00+00:00,2026-02-09 16:50:00+00:00,5008.49,4987.922293,5039.8,5039.8,1.5223,TP,continuation,B,1.0,1.542,-0.656,True,38,False,M5
XAUUSD,1,2026-02-12 11:15:00+00:00,2026-02-12 12:45:00+00:00,5073.86,5060.561686,5094.25,5060.561686,-1.0,SL,continuation,B,1.0,0.509,-1.307,False,19,False,M5
XAUUSD,-1,2026-02-13 07:00:00+00:00,2026-02-13 16:10:00+00:00,4976.53,4999.513236,4926.02,4999.513236,-1.0,SL,continuation,A,1.25,1.865,-1.023,False,111,False,M5
XAUUSD,-1,2026-02-13 11:45:00+00:00,2026-02-13 12:55:00+00:00,4970.36,4982.554957,4950.98,4950.98,1.5892,TP,continuation,B,1.0,1.9,-0.831,True,15,False,M5
XAUUSD,1,2026-02-19 16:00:00+00:00,2026-02-19 16:00:00+00:00,4996.92,4990.316186,5005.14,4990.316186,-1.0,SL,continuation,B,0.75,0.009,-1.861,False,1,False,M5
XAUUSD,1,2026-02-24 05:00:00+00:00,2026-02-24 05:40:00+00:00,5189.69,5181.529,5237.75,5181.529,-1.0,SL,continuation,A,1.25,0.244,-1.654,False,9,False,M5
XAUUSD,1,2026-02-24 08:15:00+00:00,2026-02-24 08:30:00+00:00,5182.54,5166.087879,5211.21,5166.087879,-1.0,SL,continuation,B,1.0,0.06,-1.114,False,4,False,M5
XAUUSD,1,2026-02-24 17:00:00+00:00,2026-02-25 03:15:00+00:00,5128.51,5109.787136,5177.19,5177.19,2.6,TP,breakout,B,1.0,3.009,-0.561,True,109,False,M5
XAUUSD,1,2026-02-25 03:30:00+00:00,2026-02-25 03:55:00+00:00,5185.23,5176.451371,5221.86,5176.451371,-1.0,SL,breakout,B,0.75,0.519,-1.222,False,6,False,M5
XAUUSD,-1,2026-03-09 01:30:00+00:00,2026-03-09 01:35:00+00:00,5154.21,5170.420457,5132.7,5132.7,1.3269,TP,breakout,B,0.75,1.379,-0.6,True,2,False,M5
XAUUSD,1,2026-03-10 08:30:00+00:00,2026-03-10 10:20:00+00:00,5171.34,5161.621957,5185.44,5161.621957,-1.0,SL,continuation,B,0.75,0.957,-1.332,False,23,False,M5
XAUUSD,1,2026-03-12 09:00:00+00:00,2026-03-12 10:40:00+00:00,5154.21,5140.083186,5174.79,5174.79,1.4568,TP,breakout,B,0.75,1.786,-0.504,True,21,False,M5
XAUUSD,-1,2026-03-19 16:00:00+00:00,2026-03-19 16:00:00+00:00,4574.17,4588.007814,4502.36,4502.36,5.1894,TP,continuation,B,1.0,5.189,0.0,True,1,False,M5
XAUUSD,-1,2026-03-23 04:00:00+00:00,2026-03-23 04:00:00+00:00,4354.63,4373.882643,4319.8,4373.882643,-1.0,SL,continuation,B,1.0,1.262,-1.336,False,1,False,M5
XAUUSD,-1,2026-03-27 11:45:00+00:00,2026-03-27 17:00:00+00:00,4434.71,4449.393836,4377.11,4449.393836,-1.0,SL,continuation,A,1.25,2.089,-1.598,False,64,False,M5
XAUUSD,1,2026-03-31 14:45:00+00:00,2026-03-31 15:15:00+00:00,4592.35,4573.107757,4619.29,4573.107757,-1.0,SL,continuation,B,0.75,0.262,-1.097,False,7,False,M5
XAUUSD,1,2026-04-02 22:00:00+00:00,2026-04-06 01:05:00+00:00,4668.42,4652.03925,4699.64,4652.03925,-1.0,SL,breakout,B,0.75,0.81,-2.406,False,23,False,M5
XAUUSD,1,2026-04-06 08:15:00+00:00,2026-04-06 09:00:00+00:00,4673.38,4646.0712,4774.67,4646.0712,-1.0,SL,breakout,B,0.75,0.186,-1.107,False,10,False,M5
XAUUSD,1,2026-04-13 22:00:00+00:00,2026-04-14 03:26:00+00:00,4738.24,4729.926186,4766.0,4766.0,3.339,TP,breakout,B,0.75,3.519,-0.929,True,252,False,M1
XAUUSD,1,2026-04-16 02:15:00+00:00,2026-04-16 02:36:00+00:00,4812.48,4805.973293,4821.04,4821.04,1.3156,TP,breakout,B,0.75,1.351,-0.04,True,22,False,M1
XAUUSD,1,2026-04-16 14:15:00+00:00,2026-04-16 16:51:00+00:00,4817.49,4807.097257,4830.02,4807.097257,-1.0,SL,breakout,B,0.75,0.6,-1.192,False,157,False,M1
XAUUSD,1,2026-04-17 15:00:00+00:00,2026-04-17 15:24:00+00:00,4799.05,4789.462229,4811.55,4811.55,1.3037,TP,breakout,B,0.75,1.376,-0.162,True,25,False,M1
XAUUSD,1,2026-04-20 21:30:00+00:00,2026-04-21 01:05:00+00:00,4813.36,4804.452879,4825.29,4825.29,1.3394,TP,breakout,B,0.75,1.541,-0.348,True,141,False,M1
XAUUSD,-1,2026-04-22 18:00:00+00:00,2026-04-22 18:17:00+00:00,4735.73,4740.378529,4729.84,4729.84,1.2671,TP,continuation,B,0.75,1.323,-0.91,True,18,False,M1
XAUUSD,-1,2026-04-23 22:15:00+00:00,2026-04-24 07:22:00+00:00,4696.06,4712.940143,4664.11,4664.11,1.8928,TP,continuation,B,1.0,1.993,-0.879,True,473,False,M1
XAUUSD,-1,2026-04-24 23:30:00+00:00,2026-04-27 01:06:00+00:00,4707.71,4718.655643,4689.63,4689.63,1.6518,TP,continuation,B,1.0,2.025,-0.106,True,22,False,M1
XAUUSD,-1,2026-04-28 04:15:00+00:00,2026-04-28 04:56:00+00:00,4687.54,4695.2958,4677.38,4677.38,1.31,TP,continuation,B,0.75,1.382,-0.469,True,42,False,M1
XAUUSD,-1,2026-04-29 04:30:00+00:00,2026-04-29 04:35:00+00:00,4580.25,4586.968121,4557.15,4586.968121,-1.0,SL,continuation,B,1.0,0.229,-1.188,False,6,False,M1
XAUUSD,-1,2026-04-29 20:00:00+00:00,2026-04-29 20:23:00+00:00,4545.32,4552.954779,4536.11,4552.954779,-1.0,SL,continuation,B,0.75,0.342,-1.17,False,24,False,M1
XAUUSD,-1,2026-04-29 21:30:00+00:00,2026-04-29 21:34:00+00:00,4532.86,4540.923393,4520.43,4520.43,1.5415,TP,continuation,B,1.0,1.542,-0.145,True,5,False,M1
XAUUSD,-1,2026-05-01 09:15:00+00:00,2026-05-01 11:10:00+00:00,4601.36,4608.47255,4573.9,4573.9,3.8608,TP,breakout,B,0.75,3.942,-0.075,True,116,False,M1
XAUUSD,1,2026-05-11 15:45:00+00:00,2026-05-11 16:05:00+00:00,4692.11,4684.582429,4711.34,4711.34,2.5546,TP,breakout,B,0.75,2.669,-0.785,True,21,False,M1
XAUUSD,1,2026-05-12 20:30:00+00:00,2026-05-12 21:42:00+00:00,4679.22,4666.960386,4694.93,4694.93,1.2814,TP,breakout,B,0.75,1.464,-0.266,True,73,False,M1
XAUUSD,-1,2026-05-19 07:15:00+00:00,2026-05-19 09:21:00+00:00,4540.08,4550.429507,4518.9,4550.429507,-1.0,SL,breakout,B,0.75,0.898,-1.028,False,127,False,M1
XAUUSD,-1,2026-05-21 13:45:00+00:00,2026-05-21 16:33:00+00:00,4516.87,4535.616557,4492.93,4492.93,1.277,TP,breakout,B,0.75,1.327,-0.225,True,169,False,M1
XAUUSD,1,2026-05-25 13:00:00+00:00,2026-05-25 15:07:00+00:00,4567.42,4561.860786,4579.32,4561.860786,-1.0,SL,continuation,A,1.25,1.687,-1.376,False,128,False,M1
XAUUSD,1,2026-06-02 07:30:00+00:00,2026-06-02 07:58:00+00:00,4504.38,4495.795686,4517.41,4517.41,1.5179,TP,breakout,B,0.75,1.592,-0.121,True,29,False,M1
XAUUSD,-1,2026-06-04 08:30:00+00:00,2026-06-04 14:24:00+00:00,4473.12,4480.016336,4457.65,4480.016336,-1.0,SL,breakout,B,1.0,2.136,-1.021,False,355,False,M1
XAUUSD,-1,2026-06-10 11:30:00+00:00,2026-06-10 13:07:00+00:00,4172.13,4180.100014,4161.29,4161.29,1.3601,TP,continuation,B,0.75,2.023,-0.913,True,98,False,M1
XAUUSD,1,2026-06-17 18:45:00+00:00,2026-06-17 18:59:00+00:00,4358.15,4353.643779,4363.89,4363.89,1.2738,TP,breakout,B,0.75,1.44,-0.189,True,15,False,M1
XAUUSD,-1,2026-06-18 12:15:00+00:00,2026-06-18 18:29:00+00:00,4267.59,4289.603686,4235.49,4235.49,1.4582,TP,continuation,B,0.75,1.513,-0.408,True,375,False,M1
XAUUSD,-1,2026-06-19 13:30:00+00:00,2026-06-19 15:10:00+00:00,4153.66,4159.0723,4132.74,4159.0723,-1.0,SL,continuation,B,1.0,2.201,-1.203,False,101,False,M1
XAUUSD,-1,2026-06-22 05:00:00+00:00,2026-06-22 09:45:00+00:00,4190.76,4204.324071,4147.73,4204.324071,-1.0,SL,breakout,B,0.75,1.491,-1.017,False,286,False,M1
XAUUSD,-1,2026-06-29 12:00:00+00:00,2026-06-29 17:13:00+00:00,4046.86,4067.54795,4009.06,4009.06,1.8272,TP,breakout,B,0.75,1.889,-0.396,True,314,False,M1
XAUUSD,-1,2026-06-30 04:00:00+00:00,2026-06-30 04:02:00+00:00,3986.98,3994.850279,3975.85,3975.85,1.4142,TP,continuation,B,0.75,1.414,-0.004,True,3,False,M1
XAUUSD,-1,2026-06-30 15:30:00+00:00,2026-06-30 17:09:00+00:00,4016.7,4035.623836,3989.6,4035.623836,-1.0,SL,continuation,B,0.75,0.429,-1.483,False,100,False,M1
XAUUSD,1,2026-07-02 16:00:00+00:00,2026-07-02 16:25:00+00:00,4117.38,4110.860579,4140.34,4110.860579,-1.0,SL,continuation,B,1.0,1.879,-1.264,False,26,False,M1
XAUUSD,1,2026-07-07 14:45:00+00:00,2026-07-07 15:09:00+00:00,4148.21,4141.753757,4165.01,4165.01,2.6021,TP,breakout,B,0.75,3.525,-0.234,True,25,False,M1
XAUUSD,-1,2026-07-08 10:00:00+00:00,2026-07-08 11:16:00+00:00,4123.4,4128.777693,4113.26,4113.26,1.8856,TP,continuation,B,1.0,3.55,-0.684,True,77,False,M1
XAUUSD,-1,2026-07-10 12:00:00+00:00,2026-07-10 12:43:00+00:00,4097.6,4103.446007,4071.59,4103.446007,-1.0,SL,breakout,B,0.75,0.575,-1.069,False,44,False,M1
US100.cash,1,2025-02-17 18:30:00+00:00,2025-02-17 18:30:00+00:00,22165.25,22157.647286,22177.15,22157.647286,-1.0,SL,continuation,B,1.0,0.618,-1.21,False,1,False,M5
US100.cash,1,2025-02-19 01:15:00+00:00,2025-02-19 12:30:00+00:00,22166.25,22134.095907,22237.15,22134.095907,-1.0,SL,breakout,B,1.0,1.48,-1.16,False,136,False,M5
US100.cash,-1,2025-02-20 03:45:00+00:00,2025-02-20 11:55:00+00:00,22101.15,22119.375114,22041.25,22119.375114,-1.0,SL,breakout,B,0.75,2.085,-1.597,False,99,False,M5
US100.cash,-1,2025-02-21 16:45:00+00:00,2025-02-21 17:00:00+00:00,22058.06,22106.7055,21990.75,21990.75,1.3837,TP,continuation,B,0.75,1.54,-0.495,True,4,False,M5
US100.cash,-1,2025-03-04 17:15:00+00:00,2025-03-04 17:15:00+00:00,20161.5,20206.692571,20047.4,20047.4,2.5248,TP,continuation,B,1.0,2.525,0.0,True,1,False,M5
US100.cash,-1,2025-03-06 10:00:00+00:00,2025-03-06 19:00:00+00:00,20492.7,20599.490357,20175.3,20175.3,2.9722,TP,breakout,B,0.75,3.254,-0.206,True,109,False,M5
US100.cash,-1,2025-03-10 01:15:00+00:00,2025-03-10 16:50:00+00:00,19997.35,20180.860064,19733.6,19733.6,1.4373,TP,continuation,B,0.75,1.558,-0.662,True,188,False,M5
US100.cash,1,2025-03-17 13:30:00+00:00,2025-03-17 15:30:00+00:00,19631.35,19596.9603,19715.05,19715.05,2.4339,TP,continuation,B,1.0,2.547,-0.201,True,25,False,M5
US100.cash,-1,2025-03-19 09:15:00+00:00,2025-03-19 12:50:00+00:00,19512.45,19549.173943,19439.45,19549.173943,-1.0,SL,continuation,B,1.0,1.792,-1.084,False,44,False,M5
US100.cash,1,2025-03-21 03:15:00+00:00,2025-03-21 08:35:00+00:00,19711.95,19634.748129,19856.75,19634.748129,-1.0,SL,continuation,B,1.0,0.177,-1.03,False,65,False,M5
US100.cash,-1,2025-03-27 14:15:00+00:00,2025-03-27 15:35:00+00:00,19872.05,19905.101943,19826.05,19905.101943,-1.0,SL,continuation,B,0.75,1.08,-1.15,False,17,False,M5
US100.cash,-1,2025-04-08 18:00:00+00:00,2025-04-08 19:35:00+00:00,17982.85,18201.705343,17624.15,17624.15,1.639,TP,breakout,B,1.0,1.862,-0.279,True,20,False,M5
US100.cash,1,2025-04-10 21:00:00+00:00,2025-04-10 21:00:00+00:00,18314.85,18208.324429,18448.95,18448.95,1.2589,TP,continuation,B,0.75,1.259,-0.238,True,1,False,M5
US100.cash,-1,2025-04-22 06:30:00+00:00,2025-04-22 09:30:00+00:00,17876.05,17922.825593,17781.05,17922.825593,-1.0,SL,continuation,A,1.25,0.368,-1.169,False,37,False,M5
US100.cash,1,2025-04-24 01:00:00+00:00,2025-04-24 07:15:00+00:00,18654.85,18607.193714,18770.65,18607.193714,-1.0,SL,continuation,A,1.25,2.247,-1.018,False,75,False,M5
US100.cash,1,2025-04-24 12:30:00+00:00,2025-04-24 13:40:00+00:00,18542.45,18515.295336,18661.15,18661.15,4.3713,TP,breakout,B,1.0,4.644,-0.099,True,15,False,M5
US100.cash,1,2025-05-02 03:45:00+00:00,2025-05-02 03:45:00+00:00,19808.05,19768.167864,19870.65,19870.65,1.5696,TP,continuation,B,1.0,1.57,-0.048,True,1,False,M5
US100.cash,1,2025-05-09 05:45:00+00:00,2025-05-09 05:50:00+00:00,20117.65,20089.706907,20244.35,20089.706907,-1.0,SL,continuation,A,1.25,0.079,-1.278,False,2,False,M5
US100.cash,1,2025-05-20 08:15:00+00:00,2025-05-20 08:55:00+00:00,21390.85,21349.195643,21477.55,21349.195643,-1.0,SL,continuation,B,1.0,0.444,-1.251,False,9,False,M5
US100.cash,-1,2025-05-27 04:30:00+00:00,2025-05-27 09:35:00+00:00,21139.85,21189.027643,20921.16,21189.027643,-1.0,SL,breakout,B,0.75,1.076,-1.084,False,62,False,M5
US100.cash,-1,2025-05-30 19:45:00+00:00,2025-05-30 19:50:00+00:00,21085.85,21114.617164,21032.15,21032.15,1.8667,TP,continuation,B,1.0,2.061,-0.271,True,2,False,M5
US100.cash,-1,2025-06-02 01:15:00+00:00,2025-06-02 16:30:00+00:00,21299.65,21335.9004,21032.15,21335.9004,-1.0,SL,breakout,B,1.0,4.938,-1.978,False,184,False,M5
US100.cash,1,2025-06-12 17:00:00+00:00,2025-06-12 17:10:00+00:00,21835.75,21797.306,21892.85,21892.85,1.4853,TP,breakout,B,0.75,1.514,-0.432,True,3,False,M5
US100.cash,-1,2025-06-20 08:30:00+00:00,2025-06-20 09:00:00+00:00,21665.05,21693.811379,21618.35,21693.811379,-1.0,SL,breakout,B,1.0,0.17,-1.172,False,7,False,M5
US100.cash,-1,2025-06-20 17:15:00+00:00,2025-06-20 17:20:00+00:00,21771.15,21802.280714,21701.95,21701.95,2.2229,TP,breakout,B,0.75,2.65,-0.234,True,2,False,M5
US100.cash,1,2025-07-02 05:45:00+00:00,2025-07-02 13:35:00+00:00,22511.05,22474.937143,22632.85,22474.937143,-1.0,SL,breakout,B,1.0,1.601,-1.019,False,95,False,M5
US100.cash,1,2025-07-02 16:30:00+00:00,2025-07-02 16:45:00+00:00,22445.25,22419.55845,22503.75,22503.75,2.277,TP,breakout,B,1.0,2.744,-0.214,True,4,False,M5
US100.cash,1,2025-07-03 14:00:00+00:00,2025-07-03 15:30:00+00:00,22646.75,22636.299,22682.05,22682.05,3.3777,TP,continuation,A,1.25,6.947,-0.517,True,19,False,M5
US100.cash,1,2025-07-03 16:00:00+00:00,2025-07-03 16:00:00+00:00,22685.65,22668.991379,22709.85,22709.85,1.4527,TP,continuation,B,0.75,1.453,-0.096,True,1,False,M5
US100.cash,1,2025-07-08 02:30:00+00:00,2025-07-08 03:55:00+00:00,22667.05,22642.310786,22716.25,22716.25,1.9887,TP,breakout,B,0.75,2.041,-0.259,True,18,False,M5
US100.cash,1,2025-07-10 01:30:00+00:00,2025-07-10 02:35:00+00:00,22862.66,22841.797786,22916.85,22841.797786,-1.0,SL,continuation,B,1.0,0.407,-1.05,False,14,False,M5
US100.cash,1,2025-07-10 10:45:00+00:00,2025-07-10 14:05:00+00:00,22822.35,22810.510786,22865.66,22865.66,3.6582,TP,continuation,B,1.0,3.674,-0.313,True,41,False,M5
US100.cash,1,2025-07-10 18:45:00+00:00,2025-07-10 19:10:00+00:00,22823.95,22796.558143,22865.85,22796.558143,-1.0,SL,continuation,B,1.0,0.504,-1.749,False,6,False,M5
US100.cash,1,2025-07-16 16:00:00+00:00,2025-07-16 16:30:00+00:00,22900.65,22882.379607,22957.95,22882.379607,-1.0,SL,breakout,B,0.75,0.898,-2.874,False,7,False,M5
US100.cash,1,2025-07-28 16:00:00+00:00,2025-07-28 16:05:00+00:00,23371.05,23351.067857,23398.85,23351.067857,-1.0,SL,continuation,B,0.75,0.05,-1.576,False,2,False,M5
US100.cash,1,2025-07-30 17:45:00+00:00,2025-07-30 18:00:00+00:00,23381.85,23370.299107,23455.85,23370.299107,-1.0,SL,breakout,B,0.75,1.948,-1.212,False,4,False,M5
US100.cash,-1,2025-08-01 17:00:00+00:00,2025-08-01 17:00:00+00:00,22752.21,22782.911429,22669.75,22669.75,2.6859,TP,continuation,B,1.0,2.686,0.0,True,1,False,M5
US100.cash,1,2025-08-07 22:15:00+00:00,2025-08-07 22:50:00+00:00,23290.15,23240.287907,23352.75,23352.75,1.2555,TP,breakout,B,0.75,1.33,-0.305,True,8,False,M5
US100.cash,1,2025-08-12 05:00:00+00:00,2025-08-12 08:00:00+00:00,23557.85,23537.190786,23637.85,23537.190786,-1.0,SL,breakout,B,0.75,0.862,-2.73,False,37,False,M5
US100.cash,1,2025-08-26 19:30:00+00:00,2025-08-26 19:50:00+00:00,23476.35,23460.760143,23511.75,23460.760143,-1.0,SL,continuation,B,1.0,0.462,-1.129,False,5,False,M5
US100.cash,1,2025-08-28 05:00:00+00:00,2025-08-28 11:05:00+00:00,23488.45,23461.757143,23584.55,23584.55,3.6002,TP,breakout,B,0.75,3.765,-0.285,True,74,False,M5
US100.cash,1,2025-09-05 21:30:00+00:00,2025-09-08 02:25:00+00:00,23606.05,23562.19595,23740.15,23740.15,3.0579,TP,breakout,B,0.75,3.236,-0.258,True,45,False,M5
US100.cash,1,2025-09-10 16:00:00+00:00,2025-09-10 16:00:00+00:00,23973.25,23962.772786,24008.65,23962.772786,-1.0,SL,continuation,B,1.0,0.124,-2.462,False,1,False,M5
US100.cash,1,2025-09-11 01:30:00+00:00,2025-09-11 02:10:00+00:00,23845.66,23823.464357,23880.85,23880.85,1.5854,TP,breakout,B,0.75,1.59,0.0,True,9,False,M5
US100.cash,1,2025-09-11 09:45:00+00:00,2025-09-11 15:30:00+00:00,23886.25,23847.929714,23958.35,23847.929714,-1.0,SL,continuation,B,1.0,1.568,-1.454,False,70,False,M5
US100.cash,1,2025-09-12 12:00:00+00:00,2025-09-12 14:45:00+00:00,23982.25,23973.010429,24011.35,24011.35,3.1495,TP,continuation,A,1.25,3.604,-0.617,True,34,False,M5
US100.cash,1,2025-09-24 09:15:00+00:00,2025-09-24 10:10:00+00:00,24627.55,24609.252,24753.35,24609.252,-1.0,SL,breakout,B,0.75,1.361,-1.142,False,12,False,M5
US100.cash,-1,2025-09-25 07:30:00+00:00,2025-09-25 08:45:00+00:00,24535.85,24549.888736,24501.85,24501.85,2.4219,TP,continuation,B,1.0,2.65,-0.05,True,16,False,M5
US100.cash,-1,2025-09-26 06:15:00+00:00,2025-09-26 09:00:00+00:00,24357.95,24390.716479,24219.95,24390.716479,-1.0,SL,continuation,B,1.0,0.32,-1.196,False,34,False,M5
US100.cash,1,2025-09-29 21:30:00+00:00,2025-09-29 21:40:00+00:00,24633.65,24611.700929,24746.25,24611.700929,-1.0,SL,continuation,B,1.0,0.155,-1.139,False,3,False,M5
US100.cash,1,2025-09-30 02:00:00+00:00,2025-09-30 10:00:00+00:00,24609.56,24580.507357,24654.75,24580.507357,-1.0,SL,continuation,B,1.0,0.774,-1.067,False,97,False,M5
US100.cash,1,2025-10-06 05:00:00+00:00,2025-10-06 10:40:00+00:00,24871.45,24849.262,24946.85,24849.262,-1.0,SL,breakout,B,0.75,1.469,-1.352,False,69,False,M5
US100.cash,1,2025-10-06 12:45:00+00:00,2025-10-06 13:50:00+00:00,24928.15,24914.853143,24958.55,24958.55,2.2863,TP,breakout,B,0.75,3.805,-0.579,True,14,False,M5
US100.cash,1,2025-10-06 19:15:00+00:00,2025-10-06 20:20:00+00:00,24982.45,24962.556929,25011.95,25011.95,1.4829,TP,continuation,B,0.75,1.955,-0.256,True,14,False,M5
US100.cash,-1,2025-10-10 18:15:00+00:00,2025-10-10 18:15:00+00:00,24871.75,24914.232714,24721.85,24721.85,3.5285,TP,continuation,B,1.0,3.528,-0.403,True,1,False,M5
US100.cash,1,2025-10-16 09:30:00+00:00,2025-10-16 16:45:00+00:00,24827.55,24798.485786,24939.65,24939.65,3.857,TP,continuation,B,1.0,4.308,-0.915,True,88,False,M5
US100.cash,1,2025-10-30 03:15:00+00:00,2025-10-30 06:05:00+00:00,26135.95,26102.189714,26233.96,26233.96,2.9031,TP,continuation,B,1.0,2.915,-0.459,True,35,False,M5
US100.cash,1,2025-10-31 01:15:00+00:00,2025-10-31 16:40:00+00:00,26019.56,25974.171286,26146.55,25974.171286,-1.0,SL,breakout,B,1.0,2.564,-1.13,False,186,False,M5
US100.cash,-1,2025-11-06 02:30:00+00:00,2025-11-06 05:50:00+00:00,25548.15,25610.015786,25362.25,25610.015786,-1.0,SL,breakout,B,0.75,0.891,-1.002,False,41,False,M5
US100.cash,1,2025-11-11 08:30:00+00:00,2025-11-11 09:50:00+00:00,25585.85,25547.303571,25640.05,25547.303571,-1.0,SL,continuation,B,0.75,0.438,-1.079,False,17,False,M5
US100.cash,1,2025-11-12 14:30:00+00:00,2025-11-12 14:45:00+00:00,25686.65,25672.17745,25706.15,25672.17745,-1.0,SL,continuation,B,0.75,0.85,-1.486,False,4,False,M5
US100.cash,-1,2025-11-13 17:00:00+00:00,2025-11-13 17:05:00+00:00,25280.15,25321.234357,25180.25,25321.234357,-1.0,SL,continuation,B,1.0,1.37,-1.502,False,2,False,M5
US100.cash,-1,2025-11-14 22:30:00+00:00,2025-11-17 03:15:00+00:00,25046.95,25165.825429,24855.85,25165.825429,-1.0,SL,breakout,B,0.75,0.939,-1.012,False,43,False,M5
US100.cash,-1,2025-11-17 12:45:00+00:00,2025-11-17 14:50:00+00:00,25119.35,25163.889929,25025.95,25025.95,2.097,TP,breakout,B,0.75,2.099,-0.846,True,26,False,M5
US100.cash,1,2025-11-20 12:45:00+00:00,2025-11-20 13:25:00+00:00,25015.05,24966.476786,25094.35,24966.476786,-1.0,SL,continuation,B,1.0,0.506,-1.091,False,9,False,M5
US100.cash,1,2025-12-02 19:30:00+00:00,2025-12-02 19:50:00+00:00,25555.15,25526.441214,25597.15,25526.441214,-1.0,SL,continuation,B,0.75,0.61,-1.818,False,5,False,M5
US100.cash,1,2025-12-05 16:30:00+00:00,2025-12-05 16:30:00+00:00,25637.95,25601.0825,25689.65,25689.65,1.4023,TP,breakout,B,0.75,2.593,-0.008,True,1,False,M5
US100.cash,-1,2025-12-11 16:00:00+00:00,2025-12-11 16:10:00+00:00,25615.95,25639.156643,25562.55,25639.156643,-1.0,SL,continuation,A,1.25,0.211,-1.405,False,3,False,M5
US100.cash,1,2025-12-12 04:30:00+00:00,2025-12-12 06:10:00+00:00,25669.05,25636.587143,25805.46,25636.587143,-1.0,SL,breakout,B,1.0,0.293,-1.032,False,21,False,M5
US100.cash,-1,2026-01-02 17:30:00+00:00,2026-01-02 17:30:00+00:00,25288.4,25309.036286,25255.9,25309.036286,-1.0,SL,breakout,B,0.75,1.052,-2.752,False,1,False,M5
US100.cash,-1,2026-01-15 21:30:00+00:00,2026-01-15 22:20:00+00:00,25635.23,25695.851721,25536.75,25536.75,1.6245,TP,breakout,B,0.75,1.79,-0.078,True,11,False,M5
US100.cash,1,2026-01-26 03:30:00+00:00,2026-01-26 04:45:00+00:00,25520.35,25467.869314,25619.23,25467.869314,-1.0,SL,breakout,B,1.0,0.341,-1.002,False,16,False,M5
US100.cash,-1,2026-01-30 08:15:00+00:00,2026-01-30 13:50:00+00:00,25690.35,25746.914036,25516.13,25746.914036,-1.0,SL,continuation,B,1.0,2.868,-1.082,False,68,False,M5
US100.cash,-1,2026-02-02 13:00:00+00:00,2026-02-02 13:30:00+00:00,25296.35,25349.759679,25075.55,25349.759679,-1.0,SL,continuation,A,1.25,0.127,-1.005,False,7,False,M5
US100.cash,1,2026-02-10 11:30:00+00:00,2026-02-10 11:45:00+00:00,25308.25,25284.713271,25339.83,25284.713271,-1.0,SL,continuation,B,0.75,0.14,-1.16,False,4,False,M5
US100.cash,1,2026-02-11 13:15:00+00:00,2026-02-11 15:30:00+00:00,25131.75,25081.038529,25201.95,25201.95,1.3843,TP,breakout,B,0.75,2.97,-0.215,True,28,False,M5
US100.cash,1,2026-02-19 01:30:00+00:00,2026-02-19 02:20:00+00:00,24913.66,24868.405557,25047.08,24868.405557,-1.0,SL,continuation,B,1.0,0.17,-1.198,False,11,False,M5
US100.cash,1,2026-02-20 01:30:00+00:00,2026-02-20 02:30:00+00:00,24795.56,24761.491286,24837.08,24837.08,1.2187,TP,breakout,B,0.75,1.535,-0.056,True,13,False,M5
US100.cash,1,2026-02-23 09:30:00+00:00,2026-02-23 17:05:00+00:00,24844.15,24791.267929,25026.86,24791.267929,-1.0,SL,breakout,B,0.75,2.598,-1.15,False,92,False,M5
US100.cash,-1,2026-02-24 07:45:00+00:00,2026-02-24 10:05:00+00:00,24803.05,24838.55245,24738.05,24738.05,1.8309,TP,continuation,B,1.0,1.887,-0.363,True,29,False,M5
US100.cash,1,2026-02-26 01:00:00+00:00,2026-02-26 01:30:00+00:00,25333.16,25297.5914,25401.46,25297.5914,-1.0,SL,continuation,B,1.0,0.745,-1.007,False,6,False,M5
US100.cash,1,2026-02-26 08:15:00+00:00,2026-02-26 10:15:00+00:00,25283.95,25254.5082,25319.53,25319.53,1.2085,TP,continuation,B,0.75,1.654,-0.55,True,25,False,M5
US100.cash,-1,2026-02-27 13:15:00+00:00,2026-02-27 13:35:00+00:00,24953.85,24973.819521,24924.55,24924.55,1.4672,TP,continuation,B,0.75,1.808,-0.546,True,5,False,M5
US100.cash,-1,2026-03-02 04:30:00+00:00,2026-03-02 07:20:00+00:00,24770.15,24812.94395,24680.36,24680.36,2.0982,TP,continuation,A,1.25,2.129,-0.869,True,35,False,M5
US100.cash,-1,2026-03-02 14:30:00+00:00,2026-03-02 15:15:00+00:00,24594.25,24629.406857,24438.25,24629.406857,-1.0,SL,continuation,B,1.0,0.685,-1.252,False,10,False,M5
US100.cash,-1,2026-03-13 17:30:00+00:00,2026-03-13 17:30:00+00:00,24656.23,24689.336993,24615.73,24689.336993,-1.0,SL,continuation,B,0.75,0.22,-1.622,False,1,False,M5
US100.cash,-1,2026-03-19 18:45:00+00:00,2026-03-19 19:00:00+00:00,24187.63,24257.271286,24103.23,24257.271286,-1.0,SL,continuation,B,0.75,0.194,-1.509,False,4,False,M5
US100.cash,-1,2026-03-20 02:45:00+00:00,2026-03-20 12:50:00+00:00,24390.05,24448.045107,24199.78,24199.78,3.2808,TP,continuation,A,1.25,3.395,-0.904,True,122,False,M5
US100.cash,-1,2026-03-24 03:30:00+00:00,2026-03-24 08:05:00+00:00,24177.05,24256.579607,24005.08,24005.08,2.1623,TP,breakout,B,0.75,2.321,-0.104,True,56,False,M5
US100.cash,-1,2026-03-24 16:00:00+00:00,2026-03-24 16:05:00+00:00,24065.85,24099.502571,24017.35,24017.35,1.4412,TP,breakout,B,0.75,2.196,-0.437,True,2,False,M5
US100.cash,-1,2026-03-26 16:00:00+00:00,2026-03-26 16:10:00+00:00,23909.15,23935.282214,23873.85,23935.282214,-1.0,SL,continuation,B,0.75,0.253,-1.068,False,3,False,M5
US100.cash,-1,2026-03-31 08:15:00+00:00,2026-03-31 08:25:00+00:00,23065.45,23116.587721,22977.95,23116.587721,-1.0,SL,breakout,B,0.75,0.266,-1.097,False,3,False,M5
US100.cash,1,2026-04-02 04:00:00+00:00,2026-04-02 04:00:00+00:00,24058.56,24024.617443,24166.23,24024.617443,-1.0,SL,continuation,B,1.0,0.08,-3.65,False,1,False,M5
US100.cash,1,2026-04-02 17:15:00+00:00,2026-04-02 17:35:00+00:00,23756.13,23681.784286,23866.85,23866.85,1.4893,TP,breakout,B,0.75,4.4,-0.054,True,5,False,M5
US100.cash,1,2026-04-02 18:00:00+00:00,2026-04-02 18:00:00+00:00,23997.13,23932.050521,24083.23,23932.050521,-1.0,SL,breakout,B,0.75,0.055,-1.073,False,1,False,M5
US100.cash,1,2026-04-13 14:15:00+00:00,2026-04-13 14:35:00+00:00,24997.55,24954.497121,25056.15,24954.497121,-1.0,SL,breakout,B,0.75,0.016,-1.122,False,21,False,M1
US100.cash,1,2026-04-13 16:00:00+00:00,2026-04-13 16:30:00+00:00,25002.75,24963.106079,25056.15,25056.15,1.347,TP,breakout,B,0.75,1.744,-0.275,True,31,False,M1
US100.cash,1,2026-04-14 17:00:00+00:00,2026-04-14 17:11:00+00:00,25560.18,25539.071157,25601.23,25601.23,1.9447,TP,continuation,B,1.0,2.025,-0.457,True,12,False,M1
US100.cash,1,2026-04-16 18:00:00+00:00,2026-04-16 18:03:00+00:00,26243.43,26222.726314,26269.25,26269.25,1.2471,TP,continuation,B,0.75,1.715,0.0,True,4,False,M1
US100.cash,1,2026-04-20 04:30:00+00:00,2026-04-20 08:30:00+00:00,26531.95,26489.953957,26681.36,26489.953957,-1.0,SL,continuation,A,1.25,0.611,-1.329,False,241,False,M1
US100.cash,1,2026-04-20 10:15:00+00:00,2026-04-20 11:04:00+00:00,26546.15,26487.340529,26721.33,26487.340529,-1.0,SL,continuation,A,1.25,0.291,-1.085,False,50,False,M1
US100.cash,1,2026-04-30 10:00:00+00:00,2026-04-30 12:31:00+00:00,27152.05,27114.350821,27308.95,27308.95,4.1619,TP,breakout,B,0.75,4.196,-0.355,True,152,False,M1
US100.cash,1,2026-05-13 17:45:00+00:00,2026-05-13 19:22:00+00:00,29161.78,29110.753221,29292.53,29292.53,2.5624,TP,continuation,A,1.25,2.57,-0.53,True,98,False,M1
US100.cash,-1,2026-05-18 17:00:00+00:00,2026-05-18 17:00:00+00:00,29143.63,29188.091429,29089.85,29089.85,1.2096,TP,breakout,B,0.75,1.383,-0.016,True,1,False,M1
US100.cash,1,2026-05-26 12:45:00+00:00,2026-05-26 16:57:00+00:00,29764.13,29731.230393,29913.08,29913.08,4.5274,TP,breakout,B,1.0,4.699,-0.607,True,253,False,M1
US100.cash,1,2026-05-27 21:45:00+00:00,2026-05-28 06:08:00+00:00,29975.73,29893.675393,30133.58,29893.675393,-1.0,SL,breakout,B,0.75,1.012,-1.144,False,429,False,M1
US100.cash,-1,2026-06-10 01:30:00+00:00,2026-06-10 11:27:00+00:00,29032.66,29133.911,28812.13,28812.13,2.1781,TP,continuation,A,1.25,2.236,-0.981,True,598,False,M1
US100.cash,1,2026-06-12 11:00:00+00:00,2026-06-12 11:19:00+00:00,29397.13,29322.015393,29514.63,29514.63,1.5643,TP,continuation,B,1.0,1.599,-0.16,True,20,False,M1
US100.cash,1,2026-06-22 03:30:00+00:00,2026-06-22 09:24:00+00:00,30251.23,30152.645414,30381.83,30381.83,1.3248,TP,breakout,B,0.75,1.506,-0.417,True,355,False,M1
US100.cash,-1,2026-06-23 11:00:00+00:00,2026-06-23 11:00:00+00:00,29596.33,29665.763107,29511.23,29511.23,1.2256,TP,continuation,B,0.75,1.226,-0.158,True,1,False,M1
US100.cash,-1,2026-06-24 14:30:00+00:00,2026-06-24 14:48:00+00:00,29445.53,29523.073143,29345.43,29523.073143,-1.0,SL,continuation,B,0.75,0.035,-1.011,False,19,False,M1
US100.cash,1,2026-07-02 14:00:00+00:00,2026-07-02 15:06:00+00:00,29742.83,29663.455357,29839.83,29839.83,1.2221,TP,breakout,B,0.75,1.274,-0.449,True,67,False,M1
US100.cash,1,2026-07-10 12:45:00+00:00,2026-07-10 15:02:00+00:00,29606.83,29582.525643,29681.53,29582.525643,-1.0,SL,continuation,B,1.0,2.823,-1.115,False,138,False,M1
US30.cash,1,2025-02-18 12:45:00+00:00,2025-02-18 16:20:00+00:00,44574.36,44529.534043,44649.36,44529.534043,-1.0,SL,continuation,B,1.0,1.247,-1.006,False,44,False,M5
US30.cash,1,2025-02-19 03:15:00+00:00,2025-02-19 10:05:00+00:00,44589.36,44562.673807,44630.26,44562.673807,-1.0,SL,breakout,B,0.75,0.491,-1.098,False,83,False,M5
US30.cash,-1,2025-02-19 12:45:00+00:00,2025-02-19 20:10:00+00:00,44495.96,44591.64655,44305.86,44305.86,1.9867,TP,continuation,B,1.0,1.988,-0.841,True,90,False,M5
US30.cash,-1,2025-02-20 06:15:00+00:00,2025-02-20 11:15:00+00:00,44524.76,44555.213714,44351.76,44555.213714,-1.0,SL,continuation,B,1.0,0.364,-1.12,False,61,False,M5
US30.cash,-1,2025-02-24 14:30:00+00:00,2025-02-24 15:55:00+00:00,43724.16,43756.447143,43652.46,43652.46,2.2207,TP,continuation,B,1.0,2.447,-0.728,True,18,False,M5
US30.cash,-1,2025-03-06 08:15:00+00:00,2025-03-06 09:10:00+00:00,42984.36,43031.369279,42801.06,43031.369279,-1.0,SL,breakout,B,0.75,0.0,-1.027,False,12,False,M5
US30.cash,-1,2025-03-06 19:15:00+00:00,2025-03-06 19:20:00+00:00,42505.66,42567.959271,42380.66,42567.959271,-1.0,SL,breakout,B,0.75,0.177,-1.605,False,2,False,M5
US30.cash,1,2025-03-19 02:00:00+00:00,2025-03-19 10:40:00+00:00,41584.01,41519.835143,41726.41,41519.835143,-1.0,SL,breakout,B,0.75,1.737,-1.152,False,105,False,M5
US30.cash,1,2025-03-21 03:15:00+00:00,2025-03-21 08:35:00+00:00,41978.81,41886.525807,42134.51,41886.525807,-1.0,SL,continuation,B,1.0,0.13,-1.106,False,65,False,M5
US30.cash,1,2025-03-25 20:15:00+00:00,2025-03-25 20:55:00+00:00,42582.91,42505.073643,42678.91,42505.073643,-1.0,SL,continuation,B,0.75,0.0,-1.028,False,9,False,M5
US30.cash,-1,2025-03-28 10:15:00+00:00,2025-03-28 10:40:00+00:00,42254.31,42287.40805,42203.41,42203.41,1.5379,TP,continuation,B,1.0,1.903,-0.876,True,6,False,M5
US30.cash,-1,2025-04-01 13:30:00+00:00,2025-04-01 13:30:00+00:00,41824.21,41884.072736,41735.21,41735.21,1.4867,TP,breakout,B,0.75,1.487,-0.134,True,1,False,M5
US30.cash,-1,2025-04-09 11:30:00+00:00,2025-04-09 11:45:00+00:00,37411.71,37571.564336,36803.61,37571.564336,-1.0,SL,continuation,A,1.25,0.92,-1.001,False,4,False,M5
US30.cash,1,2025-04-10 13:30:00+00:00,2025-04-10 15:40:00+00:00,40154.91,39949.477429,40467.7,39949.477429,-1.0,SL,continuation,B,1.0,0.557,-1.229,False,27,False,M5
US30.cash,1,2025-04-10 21:00:00+00:00,2025-04-10 21:00:00+00:00,39430.21,39273.247143,39665.21,39665.21,1.4972,TP,continuation,B,0.75,1.497,-0.277,True,1,False,M5
US30.cash,-1,2025-04-17 13:15:00+00:00,2025-04-17 13:15:00+00:00,39374.51,39460.191,39212.01,39212.01,1.8966,TP,continuation,B,1.0,1.897,-0.228,True,1,False,M5
US30.cash,1,2025-04-23 09:00:00+00:00,2025-04-23 11:50:00+00:00,39667.81,39566.575507,39883.81,39883.81,2.1337,TP,continuation,B,1.0,2.179,-0.656,True,35,False,M5
US30.cash,1,2025-04-24 02:00:00+00:00,2025-04-24 06:20:00+00:00,39552.21,39458.724879,39681.51,39458.724879,-1.0,SL,breakout,B,0.75,0.776,-1.048,False,53,False,M5
US30.cash,1,2025-04-24 12:30:00+00:00,2025-04-24 13:45:00+00:00,39340.91,39229.50095,39480.41,39480.41,1.2521,TP,breakout,B,0.75,1.521,-0.036,True,16,False,M5
US30.cash,1,2025-04-24 17:15:00+00:00,2025-04-24 17:15:00+00:00,39657.21,39616.394607,39709.71,39709.71,1.2863,TP,breakout,B,0.75,1.286,-0.686,True,1,False,M5
US30.cash,1,2025-05-02 01:30:00+00:00,2025-05-02 03:45:00+00:00,40724.71,40653.602221,40960.71,40960.71,3.3189,TP,continuation,A,1.25,4.683,-0.492,True,28,False,M5
US30.cash,1,2025-05-13 15:15:00+00:00,2025-05-13 15:30:00+00:00,42219.71,42137.691714,42334.21,42334.21,1.396,TP,breakout,B,0.75,1.675,-0.098,True,4,False,M5
US30.cash,1,2025-05-14 01:15:00+00:00,2025-05-14 04:05:00+00:00,42174.71,42129.029621,42247.11,42129.029621,-1.0,SL,breakout,B,1.0,0.558,-1.04,False,35,False,M5
US30.cash,-1,2025-05-30 15:30:00+00:00,2025-05-30 15:30:00+00:00,42034.43,42091.564643,41933.51,42091.564643,-1.0,SL,continuation,B,1.0,0.162,-1.279,False,1,False,M5
US30.cash,-1,2025-05-30 18:15:00+00:00,2025-05-30 18:25:00+00:00,42178.81,42211.712914,42051.31,42211.712914,-1.0,SL,continuation,A,1.25,1.17,-1.474,False,3,False,M5
US30.cash,-1,2025-06-02 01:15:00+00:00,2025-06-02 09:10:00+00:00,42165.81,42225.388707,42008.31,42008.31,2.6436,TP,breakout,B,0.75,2.852,-0.126,True,96,False,M5
US30.cash,-1,2025-06-03 05:30:00+00:00,2025-06-03 14:40:00+00:00,42156.31,42224.451943,42044.71,42224.451943,-1.0,SL,continuation,B,1.0,1.525,-1.043,False,111,False,M5
US30.cash,1,2025-06-06 20:45:00+00:00,2025-06-06 21:00:00+00:00,42677.91,42639.041279,42730.81,42730.81,1.361,TP,continuation,B,0.75,1.899,-0.193,True,4,False,M5
US30.cash,1,2025-06-10 13:30:00+00:00,2025-06-10 16:30:00+00:00,42742.11,42710.740221,42798.51,42798.51,1.7979,TP,breakout,B,0.75,2.018,-0.988,True,37,False,M5
US30.cash,1,2025-06-10 19:30:00+00:00,2025-06-10 19:55:00+00:00,42828.51,42793.696,42878.51,42878.51,1.4362,TP,breakout,B,0.75,1.583,-0.057,True,6,False,M5
US30.cash,1,2025-06-12 16:15:00+00:00,2025-06-12 16:30:00+00:00,42712.61,42681.877071,42778.11,42681.877071,-1.0,SL,breakout,B,0.75,1.123,-2.805,False,4,False,M5
US30.cash,-1,2025-06-17 01:15:00+00:00,2025-06-17 01:30:00+00:00,42514.61,42554.8893,42459.61,42459.61,1.3655,TP,breakout,B,0.75,1.428,-0.025,True,4,False,M5
US30.cash,-1,2025-06-18 22:15:00+00:00,2025-06-18 22:25:00+00:00,42226.11,42270.611571,42128.61,42128.61,2.1909,TP,continuation,B,1.0,2.382,-0.944,True,3,False,M5
US30.cash,1,2025-07-21 01:45:00+00:00,2025-07-21 18:40:00+00:00,44348.88,44296.442929,44583.91,44583.91,4.4821,TP,breakout,B,1.0,4.541,-0.189,True,204,False,M5
US30.cash,1,2025-07-22 20:45:00+00:00,2025-07-22 20:55:00+00:00,44437.81,44408.321571,44474.81,44408.321571,-1.0,SL,breakout,B,0.75,0.17,-1.221,False,3,False,M5
US30.cash,1,2025-07-24 17:15:00+00:00,2025-07-24 17:30:00+00:00,44782.01,44737.821,44848.01,44848.01,1.4936,TP,breakout,B,0.75,1.652,-0.385,True,4,False,M5
US30.cash,1,2025-07-28 16:00:00+00:00,2025-07-28 16:10:00+00:00,44951.31,44903.863786,45076.51,44903.863786,-1.0,SL,continuation,B,1.0,0.084,-1.461,False,3,False,M5
US30.cash,1,2025-07-29 04:45:00+00:00,2025-07-29 12:55:00+00:00,44865.21,44837.409929,44944.41,44837.409929,-1.0,SL,breakout,B,1.0,2.946,-2.863,False,99,True,M5
US30.cash,-1,2025-07-31 03:15:00+00:00,2025-07-31 05:35:00+00:00,44521.21,44580.865421,44376.21,44580.865421,-1.0,SL,continuation,B,1.0,0.101,-1.131,False,29,False,M5
US30.cash,-1,2025-08-12 08:30:00+00:00,2025-08-12 08:30:00+00:00,44017.91,44045.308929,43979.81,43979.81,1.3906,TP,continuation,B,0.75,1.391,0.0,True,1,False,M5
US30.cash,1,2025-08-19 12:30:00+00:00,2025-08-19 13:00:00+00:00,44927.61,44913.468071,44946.11,44913.468071,-1.0,SL,breakout,B,0.75,0.141,-11.908,False,7,False,M5
US30.cash,1,2025-08-20 13:00:00+00:00,2025-08-20 15:00:00+00:00,44846.31,44797.431993,44916.41,44916.41,1.4342,TP,breakout,B,0.75,1.612,-0.102,True,25,False,M5
US30.cash,-1,2025-09-03 02:15:00+00:00,2025-09-03 11:15:00+00:00,45217.61,45277.560214,45094.11,45277.560214,-1.0,SL,continuation,A,1.25,1.935,-1.351,False,109,False,M5
US30.cash,-1,2025-09-03 15:45:00+00:00,2025-09-03 16:10:00+00:00,45185.61,45212.889429,45150.21,45212.889429,-1.0,SL,continuation,B,0.75,0.532,-1.012,False,6,False,M5
US30.cash,1,2025-09-08 09:30:00+00:00,2025-09-08 15:05:00+00:00,45477.11,45443.0165,45584.21,45443.0165,-1.0,SL,breakout,B,0.75,1.599,-1.038,False,68,False,M5
US30.cash,1,2025-09-10 16:00:00+00:00,2025-09-10 16:25:00+00:00,45716.21,45699.769786,45796.04,45699.769786,-1.0,SL,continuation,B,1.0,2.159,-2.95,False,6,False,M5
US30.cash,1,2025-09-11 12:45:00+00:00,2025-09-11 15:30:00+00:00,45556.91,45522.951786,45629.61,45522.951786,-1.0,SL,breakout,B,0.75,2.506,-1.641,False,34,True,M5
US30.cash,-1,2025-09-26 06:30:00+00:00,2025-09-26 09:05:00+00:00,45956.81,46007.138764,45881.31,46007.138764,-1.0,SL,continuation,B,1.0,0.606,-1.361,False,32,False,M5
US30.cash,1,2025-09-29 21:15:00+00:00,2025-09-29 21:30:00+00:00,46239.11,46213.189714,46285.71,46285.71,1.7978,TP,breakout,B,0.75,2.083,-0.135,True,4,False,M5
US30.cash,1,2025-10-02 17:00:00+00:00,2025-10-02 17:00:00+00:00,46544.31,46515.415929,46583.81,46515.415929,-1.0,SL,continuation,B,0.75,0.277,-2.094,False,1,False,M5
US30.cash,1,2025-10-06 08:00:00+00:00,2025-10-06 10:25:00+00:00,46876.81,46822.467571,47011.31,46822.467571,-1.0,SL,continuation,B,1.0,0.055,-1.021,False,30,False,M5
US30.cash,1,2025-10-08 14:00:00+00:00,2025-10-08 16:30:00+00:00,46710.81,46676.159714,46768.01,46676.159714,-1.0,SL,continuation,B,1.0,1.359,-3.668,False,31,False,M5
US30.cash,-1,2025-10-10 18:15:00+00:00,2025-10-10 18:20:00+00:00,46223.01,46259.651571,46001.51,46001.51,6.045,TP,continuation,B,1.0,6.85,-0.86,True,2,False,M5
US30.cash,-1,2025-10-14 16:00:00+00:00,2025-10-14 16:15:00+00:00,45697.41,45772.694,45587.91,45772.694,-1.0,SL,continuation,B,0.75,0.113,-1.043,False,4,False,M5
US30.cash,1,2025-10-15 12:30:00+00:00,2025-10-15 12:55:00+00:00,46442.41,46414.565143,46487.61,46487.61,1.6233,TP,continuation,B,1.0,1.641,-0.144,True,6,False,M5
US30.cash,1,2025-10-23 17:00:00+00:00,2025-10-23 17:05:00+00:00,46640.11,46599.762786,46721.61,46599.762786,-1.0,SL,breakout,B,0.75,0.632,-1.438,False,2,False,M5
US30.cash,1,2025-10-28 19:45:00+00:00,2025-10-28 19:55:00+00:00,47799.51,47769.574,47857.81,47857.81,1.9475,TP,continuation,B,1.0,2.672,-0.084,True,3,False,M5
US30.cash,1,2025-10-29 01:30:00+00:00,2025-10-29 04:45:00+00:00,47718.08,47644.604286,47940.01,47644.604286,-1.0,SL,continuation,A,1.25,0.075,-1.022,False,40,False,M5
US30.cash,1,2025-10-29 13:15:00+00:00,2025-10-29 13:30:00+00:00,47622.51,47600.522214,47690.51,47690.51,3.0926,TP,breakout,B,1.0,5.962,-0.182,True,4,False,M5
US30.cash,-1,2025-11-18 22:45:00+00:00,2025-11-19 17:10:00+00:00,46166.01,46230.496571,45915.51,46230.496571,-1.0,SL,continuation,A,1.25,2.799,-1.41,False,207,False,M5
US30.cash,1,2025-11-25 06:30:00+00:00,2025-11-25 12:30:00+00:00,46395.81,46345.97735,46472.11,46345.97735,-1.0,SL,continuation,B,1.0,0.827,-1.021,False,73,False,M5
US30.cash,1,2025-11-25 16:45:00+00:00,2025-11-25 16:45:00+00:00,46580.51,46446.648021,46782.51,46446.648021,-1.0,SL,continuation,B,1.0,0.045,-1.823,False,1,False,M5
US30.cash,1,2025-12-02 12:45:00+00:00,2025-12-02 14:05:00+00:00,47354.91,47323.323571,47415.31,47323.323571,-1.0,SL,breakout,B,0.75,0.722,-1.14,False,17,False,M5
US30.cash,1,2025-12-05 20:15:00+00:00,2025-12-05 20:20:00+00:00,48028.31,47975.661414,48129.51,47975.661414,-1.0,SL,continuation,B,1.0,0.019,-1.368,False,2,False,M5
US30.cash,1,2025-12-10 21:30:00+00:00,2025-12-10 21:30:00+00:00,47817.61,47784.880707,47914.61,47914.61,2.9637,TP,continuation,B,1.0,5.393,-0.26,True,1,False,M5
US30.cash,1,2025-12-11 11:15:00+00:00,2025-12-11 16:25:00+00:00,47907.41,47844.165714,48129.28,48129.28,3.5081,TP,continuation,B,1.0,3.771,-0.095,True,63,False,M5
US30.cash,1,2025-12-12 19:30:00+00:00,2025-12-15 17:20:00+00:00,48461.48,48347.761,48831.28,48347.761,-1.0,SL,breakout,B,1.0,2.271,-1.027,False,248,False,M5
US30.cash,-1,2025-12-19 13:30:00+00:00,2025-12-19 16:25:00+00:00,47980.91,48030.178943,47898.91,48030.178943,-1.0,SL,breakout,B,0.75,1.169,-1.896,False,36,False,M5
US30.cash,1,2025-12-23 01:30:00+00:00,2025-12-23 06:30:00+00:00,48362.08,48338.492721,48406.63,48338.492721,-1.0,SL,continuation,B,1.0,1.023,-1.182,False,61,False,M5
US30.cash,1,2025-12-23 17:00:00+00:00,2025-12-23 17:15:00+00:00,48338.51,48310.997179,48376.93,48376.93,1.3964,TP,continuation,B,0.75,1.942,-0.783,True,4,False,M5
US30.cash,-1,2025-12-31 17:00:00+00:00,2025-12-31 17:05:00+00:00,48289.8,48302.621536,48227.8,48227.8,4.8356,TP,continuation,B,1.0,5.07,-0.238,True,2,False,M5
US30.cash,-1,2025-12-31 21:45:00+00:00,2025-12-31 21:50:00+00:00,48196.8,48217.327536,48163.35,48163.35,1.6295,TP,continuation,B,1.0,2.046,-0.146,True,2,False,M5
US30.cash,-1,2026-01-02 09:00:00+00:00,2026-01-02 10:00:00+00:00,48183.91,48212.283979,48149.31,48149.31,1.2194,TP,continuation,B,0.75,1.346,-0.038,True,13,False,M5
US30.cash,1,2026-01-05 17:00:00+00:00,2026-01-05 17:00:00+00:00,48903.51,48835.018564,48997.4,48997.4,1.3708,TP,continuation,B,0.75,1.371,-0.257,True,1,False,M5
US30.cash,1,2026-01-08 17:00:00+00:00,2026-01-08 19:40:00+00:00,49046.7,48991.850143,49347.35,49347.35,5.4813,TP,breakout,B,0.75,5.577,-0.438,True,33,False,M5
US30.cash,-1,2026-01-14 18:00:00+00:00,2026-01-14 18:15:00+00:00,48944.95,48969.5753,48878.95,48969.5753,-1.0,SL,continuation,B,1.0,2.191,-1.302,False,4,False,M5
US30.cash,-1,2026-01-15 05:45:00+00:00,2026-01-15 07:15:00+00:00,49092.71,49132.8976,48949.5,49132.8976,-1.0,SL,breakout,B,0.75,0.202,-1.01,False,19,False,M5
US30.cash,-1,2026-01-15 14:00:00+00:00,2026-01-15 14:20:00+00:00,49185.9,49215.88575,49106.81,49215.88575,-1.0,SL,breakout,B,1.0,0.7,-1.494,False,5,False,M5
US30.cash,-1,2026-01-20 19:45:00+00:00,2026-01-20 20:35:00+00:00,48703.75,48757.585357,48623.21,48623.21,1.496,TP,continuation,B,0.75,1.606,-0.558,True,11,False,M5
US30.cash,1,2026-01-23 05:30:00+00:00,2026-01-23 10:00:00+00:00,49420.81,49383.318786,49578.55,49383.318786,-1.0,SL,continuation,A,1.25,0.507,-1.043,False,55,False,M5
US30.cash,1,2026-01-27 08:00:00+00:00,2026-01-27 10:30:00+00:00,49380.41,49350.6805,49460.9,49350.6805,-1.0,SL,continuation,B,1.0,0.7,-1.382,False,31,False,M5
US30.cash,1,2026-02-03 22:30:00+00:00,2026-02-04 08:40:00+00:00,49143.45,49018.564779,49361.11,49361.11,1.7429,TP,breakout,B,0.75,1.752,-0.012,True,108,False,M5
US30.cash,1,2026-02-04 21:45:00+00:00,2026-02-05 16:00:00+00:00,49436.55,49278.637436,49649.4,49278.637436,-1.0,SL,breakout,B,0.75,1.096,-1.084,False,205,False,M5
US30.cash,-1,2026-02-16 08:00:00+00:00,2026-02-16 08:45:00+00:00,49549.81,49590.570807,49446.58,49590.570807,-1.0,SL,breakout,B,0.75,0.098,-1.006,False,10,False,M5
US30.cash,-1,2026-02-17 13:00:00+00:00,2026-02-17 13:40:00+00:00,49401.31,49445.640829,49329.71,49445.640829,-1.0,SL,continuation,B,1.0,0.293,-1.017,False,9,False,M5
US30.cash,1,2026-02-19 01:15:00+00:00,2026-02-19 02:10:00+00:00,49676.88,49629.503871,49795.7,49629.503871,-1.0,SL,continuation,B,1.0,0.0,-1.158,False,12,False,M5
US30.cash,1,2026-02-19 03:30:00+00:00,2026-02-19 10:50:00+00:00,49644.51,49599.688914,49795.7,49599.688914,-1.0,SL,continuation,B,1.0,1.633,-1.261,False,89,False,M5
US30.cash,-1,2026-02-23 01:15:00+00:00,2026-02-23 01:35:00+00:00,49590.98,49642.515521,49506.9,49506.9,1.6315,TP,breakout,B,0.75,1.766,-0.126,True,5,False,M5
US30.cash,-1,2026-02-23 03:15:00+00:00,2026-02-23 10:00:00+00:00,49358.11,49430.806164,49216.4,49430.806164,-1.0,SL,breakout,B,0.75,0.898,-1.0,False,82,False,M5
US30.cash,-1,2026-03-11 09:00:00+00:00,2026-03-11 11:35:00+00:00,47812.41,47887.077979,47651.9,47651.9,2.1496,TP,breakout,B,1.0,2.204,-0.441,True,32,False,M5
US30.cash,-1,2026-03-11 14:45:00+00:00,2026-03-11 15:30:00+00:00,47660.81,47716.746486,47530.81,47716.746486,-1.0,SL,breakout,B,1.0,2.038,-1.114,False,10,False,M5
US30.cash,-1,2026-03-17 03:30:00+00:00,2026-03-17 08:50:00+00:00,46859.21,46921.229429,46781.25,46781.25,1.257,TP,breakout,B,0.75,1.371,-0.492,True,65,False,M5
US30.cash,-1,2026-03-24 04:30:00+00:00,2026-03-24 09:45:00+00:00,46024.31,46141.820893,45176.81,46141.820893,-1.0,SL,breakout,B,0.75,1.217,-1.094,False,64,False,M5
US30.cash,-1,2026-03-26 18:45:00+00:00,2026-03-26 19:20:00+00:00,46205.55,46286.242857,46104.31,46104.31,1.2546,TP,continuation,B,0.75,1.553,-0.817,True,8,False,M5
US30.cash,-1,2026-03-27 10:00:00+00:00,2026-03-27 10:25:00+00:00,46144.81,46188.7675,46090.71,46090.71,1.2307,TP,continuation,B,0.75,1.74,0.0,True,6,False,M5
US30.cash,-1,2026-03-30 17:00:00+00:00,2026-03-30 17:10:00+00:00,45319.6,45418.7225,45147.31,45418.7225,-1.0,SL,continuation,B,1.0,0.055,-1.16,False,3,False,M5
US30.cash,1,2026-04-02 04:00:00+00:00,2026-04-02 04:00:00+00:00,46679.98,46610.036293,46800.8,46610.036293,-1.0,SL,continuation,B,1.0,0.093,-2.788,False,1,False,M5
US30.cash,1,2026-04-02 17:45:00+00:00,2026-04-02 17:45:00+00:00,46585.9,46458.498929,46752.4,46458.498929,-1.0,SL,breakout,B,0.75,0.043,-1.134,False,1,False,M5
US30.cash,1,2026-04-13 16:15:00+00:00,2026-04-13 16:50:00+00:00,47546.51,47403.201171,47721.51,47721.51,1.2211,TP,breakout,B,0.75,1.383,-0.295,True,36,False,M1
US30.cash,1,2026-04-15 20:30:00+00:00,2026-04-15 22:05:00+00:00,48364.0,48291.6548,48488.41,48488.41,1.7197,TP,breakout,B,0.75,1.797,-0.173,True,96,False,M1
US30.cash,1,2026-04-20 04:30:00+00:00,2026-04-20 16:31:00+00:00,49043.71,48987.211636,49458.98,49458.98,7.3501,TP,continuation,A,1.25,7.481,-0.037,True,722,False,M1
US30.cash,1,2026-04-20 16:45:00+00:00,2026-04-20 16:48:00+00:00,49440.4,49407.787286,49482.4,49482.4,1.2878,TP,continuation,B,0.75,1.288,-0.583,True,4,False,M1
US30.cash,1,2026-04-22 08:45:00+00:00,2026-04-22 11:33:00+00:00,49428.01,49331.042586,49847.0,49331.042586,-1.0,SL,breakout,B,0.75,0.324,-1.063,False,169,False,M1
US30.cash,-1,2026-04-24 17:00:00+00:00,2026-04-24 17:01:00+00:00,49140.4,49180.454771,49084.71,49084.71,1.3903,TP,continuation,B,0.75,1.423,-0.003,True,2,False,M1
US30.cash,1,2026-04-29 01:15:00+00:00,2026-04-29 10:46:00+00:00,49226.68,49173.491286,49299.11,49173.491286,-1.0,SL,continuation,B,0.75,0.783,-1.033,False,566,False,M1
US30.cash,-1,2026-04-29 17:00:00+00:00,2026-04-29 17:02:00+00:00,48913.35,48935.586479,48845.4,48935.586479,-1.0,SL,continuation,B,1.0,1.124,-1.349,False,3,False,M1
US30.cash,1,2026-05-01 12:45:00+00:00,2026-05-01 13:14:00+00:00,49772.9,49754.140886,49798.48,49798.48,1.3636,TP,continuation,B,0.75,1.519,-0.187,True,30,False,M1
US30.cash,1,2026-05-01 17:15:00+00:00,2026-05-01 17:28:00+00:00,49931.45,49903.619807,49990.9,49903.619807,-1.0,SL,continuation,B,1.0,2.082,-1.08,False,14,False,M1
US30.cash,1,2026-05-06 12:15:00+00:00,2026-05-06 12:40:00+00:00,49567.71,49540.801329,49670.21,49670.21,3.8092,TP,continuation,B,1.0,3.939,-0.186,True,26,False,M1
US30.cash,1,2026-05-08 12:30:00+00:00,2026-05-08 15:35:00+00:00,49735.71,49668.724036,49856.0,49856.0,1.7957,TP,breakout,B,0.75,1.817,-0.851,True,186,False,M1
US30.cash,-1,2026-05-19 16:30:00+00:00,2026-05-19 16:30:00+00:00,49454.81,49503.553293,49237.5,49503.553293,-1.0,SL,breakout,B,0.75,1.022,-1.266,False,1,False,M1
US30.cash,1,2026-05-22 18:45:00+00:00,2026-05-22 19:00:00+00:00,50705.6,50667.95085,50786.41,50667.95085,-1.0,SL,continuation,B,1.0,0.398,-1.089,False,16,False,M1
US30.cash,1,2026-05-27 08:15:00+00:00,2026-05-27 15:00:00+00:00,50544.11,50497.393607,50789.11,50497.393607,-1.0,SL,breakout,B,0.75,3.962,-1.186,False,406,False,M1
US30.cash,1,2026-06-02 08:15:00+00:00,2026-06-02 10:04:00+00:00,50882.21,50848.403107,50962.8,50962.8,2.3838,TP,breakout,B,0.75,2.502,0.0,True,110,False,M1
US30.cash,1,2026-06-02 17:00:00+00:00,2026-06-02 18:19:00+00:00,50925.91,50779.498879,51250.8,51250.8,2.219,TP,breakout,B,0.75,2.321,-0.301,True,80,False,M1
US30.cash,1,2026-06-04 13:00:00+00:00,2026-06-04 15:07:00+00:00,50956.65,50820.652614,51173.9,51173.9,1.5975,TP,breakout,B,0.75,1.694,-0.397,True,128,False,M1
US30.cash,1,2026-06-04 17:15:00+00:00,2026-06-04 17:18:00+00:00,51429.15,51398.219043,51503.1,51398.219043,-1.0,SL,breakout,B,0.75,0.356,-1.035,False,4,False,M1
US30.cash,-1,2026-06-08 16:15:00+00:00,2026-06-08 16:30:00+00:00,50933.11,51079.758143,50691.2,51079.758143,-1.0,SL,continuation,B,1.0,0.167,-1.392,False,16,False,M1
US30.cash,-1,2026-06-08 18:45:00+00:00,2026-06-08 20:11:00+00:00,50979.2,51078.254607,50799.61,50799.61,1.813,TP,continuation,B,1.0,1.867,-0.414,True,87,False,M1
US30.cash,-1,2026-06-09 17:30:00+00:00,2026-06-09 17:32:00+00:00,51062.9,51114.874336,50907.4,51114.874336,-1.0,SL,breakout,B,1.0,0.539,-1.135,False,3,False,M1
US30.cash,-1,2026-06-22 05:30:00+00:00,2026-06-22 09:24:00+00:00,51478.76,51544.170579,51375.16,51544.170579,-1.0,SL,continuation,B,1.0,1.185,-1.173,False,235,False,M1
US30.cash,-1,2026-06-23 08:15:00+00:00,2026-06-23 09:25:00+00:00,51602.46,51649.534764,51497.76,51497.76,2.2241,TP,breakout,B,0.75,2.832,0.0,True,71,False,M1
US30.cash,1,2026-06-25 09:30:00+00:00,2026-06-25 11:13:00+00:00,51936.76,51899.466771,51997.35,51899.466771,-1.0,SL,continuation,B,1.0,0.349,-1.137,False,104,False,M1
US30.cash,1,2026-06-25 23:30:00+00:00,2026-06-26 05:04:00+00:00,52075.93,51894.840357,52321.7,51894.840357,-1.0,SL,breakout,B,0.75,0.177,-1.004,False,260,False,M1
US500.cash,-1,2025-02-28 14:30:00+00:00,2025-02-28 15:25:00+00:00,5878.85,5885.4585,5868.91,5868.91,1.5041,TP,continuation,B,1.0,1.513,-0.227,True,12,False,M5
US500.cash,-1,2025-03-03 17:00:00+00:00,2025-03-03 21:50:00+00:00,5942.75,5970.801571,5881.71,5881.71,2.176,TP,breakout,B,0.75,2.499,-0.749,True,59,False,M5
US500.cash,-1,2025-03-04 09:30:00+00:00,2025-03-04 14:25:00+00:00,5854.25,5869.866414,5810.95,5810.95,2.7727,TP,continuation,B,1.0,2.85,-0.826,True,60,False,M5
US500.cash,-1,2025-03-04 17:15:00+00:00,2025-03-04 17:15:00+00:00,5757.45,5765.435929,5734.45,5734.45,2.8801,TP,continuation,B,1.0,2.88,0.0,True,1,False,M5
US500.cash,-1,2025-03-06 08:15:00+00:00,2025-03-06 09:50:00+00:00,5836.75,5846.075729,5821.75,5821.75,1.6085,TP,breakout,B,0.75,1.726,-0.483,True,20,False,M5
US500.cash,-1,2025-03-14 08:45:00+00:00,2025-03-14 12:20:00+00:00,5558.92,5567.866993,5538.82,5567.866993,-1.0,SL,continuation,B,1.0,1.285,-1.006,False,44,False,M5
US500.cash,1,2025-03-17 13:30:00+00:00,2025-03-17 15:40:00+00:00,5617.72,5609.386293,5643.62,5643.62,3.1079,TP,continuation,B,1.0,3.36,-0.534,True,27,False,M5
US500.cash,1,2025-03-19 17:15:00+00:00,2025-03-19 17:25:00+00:00,5655.32,5651.624857,5659.82,5651.624857,-1.0,SL,breakout,B,0.75,0.812,-1.353,False,3,False,M5
US500.cash,1,2025-03-21 18:15:00+00:00,2025-03-21 18:40:00+00:00,5626.62,5612.448857,5650.12,5612.448857,-1.0,SL,breakout,B,1.0,0.141,-1.178,False,6,False,M5
US500.cash,-1,2025-03-27 14:15:00+00:00,2025-03-27 15:35:00+00:00,5704.62,5712.040721,5694.42,5712.040721,-1.0,SL,continuation,B,0.75,1.172,-1.051,False,17,False,M5
US500.cash,-1,2025-04-01 01:30:00+00:00,2025-04-01 09:50:00+00:00,5589.22,5603.647714,5548.22,5603.647714,-1.0,SL,breakout,B,1.0,0.998,-1.123,False,101,False,M5
US500.cash,-1,2025-04-09 01:15:00+00:00,2025-04-09 02:15:00+00:00,4947.22,4979.929293,4905.52,4905.52,1.2749,TP,breakout,B,0.75,1.339,-0.052,True,13,False,M5
US500.cash,-1,2025-04-09 14:30:00+00:00,2025-04-09 14:35:00+00:00,4923.62,4950.717793,4882.72,4882.72,1.5093,TP,continuation,B,1.0,1.52,-0.085,True,2,False,M5
US500.cash,1,2025-04-10 09:15:00+00:00,2025-04-10 10:30:00+00:00,5425.69,5402.852493,5454.69,5402.852493,-1.0,SL,continuation,B,0.75,1.105,-1.755,False,16,False,M5
US500.cash,1,2025-04-10 13:30:00+00:00,2025-04-10 15:40:00+00:00,5369.72,5340.133921,5414.39,5340.133921,-1.0,SL,continuation,B,1.0,0.683,-1.328,False,27,False,M5
US500.cash,1,2025-04-10 21:00:00+00:00,2025-04-10 21:00:00+00:00,5259.02,5234.320786,5294.82,5294.82,1.4494,TP,continuation,B,0.75,1.449,-0.271,True,1,False,M5
US500.cash,-1,2025-04-17 12:00:00+00:00,2025-04-17 14:10:00+00:00,5315.92,5333.336714,5291.42,5291.42,1.4067,TP,continuation,B,0.75,1.499,-0.723,True,27,False,M5
US500.cash,-1,2025-04-22 07:15:00+00:00,2025-04-22 09:10:00+00:00,5174.92,5183.586629,5153.12,5183.586629,-1.0,SL,continuation,B,1.0,0.323,-1.235,False,24,False,M5
US500.cash,1,2025-04-23 09:00:00+00:00,2025-04-23 11:30:00+00:00,5374.22,5358.4607,5395.92,5395.92,1.377,TP,continuation,B,0.75,1.548,-0.584,True,31,False,M5
US500.cash,1,2025-04-24 01:00:00+00:00,2025-04-24 08:55:00+00:00,5366.42,5353.129643,5404.28,5353.129643,-1.0,SL,continuation,A,1.25,1.941,-1.67,False,95,False,M5
US500.cash,1,2025-04-24 12:30:00+00:00,2025-04-24 13:40:00+00:00,5341.32,5326.066729,5367.32,5367.32,1.7046,TP,breakout,B,1.0,1.731,-0.026,True,15,False,M5
US500.cash,1,2025-04-28 09:30:00+00:00,2025-04-28 15:45:00+00:00,5503.02,5489.9453,5525.12,5525.12,1.6903,TP,breakout,B,0.75,1.774,-0.099,True,76,False,M5
US500.cash,1,2025-04-28 21:15:00+00:00,2025-04-28 22:50:00+00:00,5495.02,5468.872286,5537.72,5537.72,1.633,TP,breakout,B,1.0,1.713,-0.134,True,20,False,M5
US500.cash,1,2025-05-02 03:45:00+00:00,2025-05-02 03:45:00+00:00,5623.22,5612.137657,5640.12,5640.12,1.5249,TP,continuation,B,1.0,1.525,-0.045,True,1,False,M5
US500.cash,1,2025-05-08 01:45:00+00:00,2025-05-08 03:55:00+00:00,5627.02,5618.148514,5640.32,5640.32,1.4992,TP,continuation,B,0.75,2.581,-0.564,True,27,False,M5
US500.cash,1,2025-05-09 04:45:00+00:00,2025-05-09 17:35:00+00:00,5663.52,5653.431371,5704.12,5653.431371,-1.0,SL,continuation,B,1.0,2.894,-2.012,False,155,False,M5
US500.cash,-1,2025-05-27 04:30:00+00:00,2025-05-27 09:20:00+00:00,5858.12,5869.109929,5803.42,5869.109929,-1.0,SL,breakout,B,0.75,0.828,-1.001,False,59,False,M5
US500.cash,-1,2025-05-30 19:45:00+00:00,2025-05-30 20:05:00+00:00,5855.62,5863.995821,5842.42,5863.995821,-1.0,SL,continuation,B,1.0,1.015,-1.767,False,5,False,M5
US500.cash,-1,2025-06-02 01:15:00+00:00,2025-06-02 02:15:00+00:00,5896.82,5904.250593,5885.12,5885.12,1.5746,TP,breakout,B,0.75,1.615,-0.081,True,13,False,M5
US500.cash,1,2025-06-03 12:00:00+00:00,2025-06-03 13:55:00+00:00,5909.82,5906.106007,5917.32,5917.32,2.0194,TP,continuation,A,1.25,2.908,-0.619,True,24,False,M5
US500.cash,1,2025-06-05 03:30:00+00:00,2025-06-05 10:40:00+00:00,5970.72,5963.53675,5982.81,5982.81,1.6831,TP,breakout,B,0.75,1.977,-0.988,True,87,False,M5
US500.cash,1,2025-06-06 08:00:00+00:00,2025-06-06 15:30:00+00:00,5959.32,5950.389514,5978.92,5978.92,2.1947,TP,breakout,B,0.75,3.241,-0.459,True,91,False,M5
US500.cash,1,2025-06-06 17:00:00+00:00,2025-06-06 17:00:00+00:00,6012.52,6008.372514,6017.52,6008.372514,-1.0,SL,continuation,B,0.75,0.289,-1.977,False,1,False,M5
US500.cash,1,2025-06-11 16:00:00+00:00,2025-06-11 16:00:00+00:00,6053.82,6050.173564,6069.32,6050.173564,-1.0,SL,continuation,B,1.0,0.548,-1.783,False,1,False,M5
US500.cash,1,2025-06-12 17:00:00+00:00,2025-06-12 17:10:00+00:00,6016.62,6011.666143,6026.32,6026.32,1.9581,TP,breakout,B,0.75,2.342,-0.343,True,3,False,M5
US500.cash,-1,2025-06-18 22:15:00+00:00,2025-06-18 22:20:00+00:00,5989.52,5994.478479,5970.72,5994.478479,-1.0,SL,continuation,B,1.0,1.311,-1.109,False,2,False,M5
US500.cash,-1,2025-06-20 08:30:00+00:00,2025-06-20 09:00:00+00:00,5964.62,5971.258286,5952.92,5971.258286,-1.0,SL,breakout,B,1.0,0.256,-1.19,False,7,False,M5
US500.cash,1,2025-06-27 22:45:00+00:00,2025-06-30 01:30:00+00:00,6155.21,6145.69075,6184.61,6184.61,3.0885,TP,continuation,A,1.25,3.253,-0.053,True,19,False,M5
US500.cash,1,2025-07-10 11:30:00+00:00,2025-07-10 12:30:00+00:00,6254.42,6249.505571,6264.38,6249.505571,-1.0,SL,continuation,B,1.0,0.346,-1.078,False,13,False,M5
US500.cash,1,2025-07-11 04:45:00+00:00,2025-07-11 11:05:00+00:00,6257.62,6243.82565,6286.32,6243.82565,-1.0,SL,breakout,B,1.0,0.776,-1.015,False,77,False,M5
US500.cash,1,2025-07-21 01:45:00+00:00,2025-07-21 09:25:00+00:00,6299.58,6291.8205,6310.22,6310.22,1.3712,TP,continuation,B,0.75,1.461,-0.129,True,93,False,M5
US500.cash,1,2025-07-22 20:15:00+00:00,2025-07-22 20:25:00+00:00,6300.51,6297.472593,6311.82,6311.82,3.7236,TP,breakout,B,1.0,4.017,0.0,True,3,False,M5
US500.cash,1,2025-07-22 22:00:00+00:00,2025-07-22 22:55:00+00:00,6313.71,6309.585357,6324.51,6309.585357,-1.0,SL,continuation,B,1.0,0.727,-1.382,False,12,False,M5
US500.cash,-1,2025-08-01 17:00:00+00:00,2025-08-01 17:00:00+00:00,6232.32,6238.059214,6213.62,6213.62,3.2583,TP,continuation,B,1.0,3.258,0.0,True,1,False,M5
US500.cash,-1,2025-08-05 17:30:00+00:00,2025-08-06 10:10:00+00:00,6317.52,6329.876093,6274.22,6329.876093,-1.0,SL,breakout,B,0.75,2.399,-1.165,False,186,False,M5
US500.cash,1,2025-08-08 01:30:00+00:00,2025-08-08 17:05:00+00:00,6357.18,6343.813607,6384.12,6384.12,2.0155,TP,continuation,B,1.0,2.195,-0.925,True,188,False,M5
US500.cash,1,2025-08-12 08:00:00+00:00,2025-08-12 08:00:00+00:00,6385.92,6380.760671,6397.72,6380.760671,-1.0,SL,breakout,B,0.75,0.097,-3.101,False,1,False,M5
US500.cash,1,2025-08-12 16:00:00+00:00,2025-08-12 16:05:00+00:00,6409.42,6401.853621,6418.92,6401.853621,-1.0,SL,continuation,B,0.75,0.132,-1.493,False,2,False,M5
US500.cash,1,2025-08-25 07:00:00+00:00,2025-08-25 10:00:00+00:00,6460.72,6455.497636,6467.62,6455.497636,-1.0,SL,continuation,B,0.75,0.957,-1.072,False,37,False,M5
US500.cash,1,2025-08-25 14:30:00+00:00,2025-08-25 14:35:00+00:00,6452.72,6450.896643,6458.62,6450.896643,-1.0,SL,continuation,A,1.25,0.0,-1.097,False,2,False,M5
US500.cash,1,2025-08-25 18:30:00+00:00,2025-08-25 18:35:00+00:00,6462.51,6459.633664,6469.72,6459.633664,-1.0,SL,continuation,B,1.0,0.278,-1.391,False,2,False,M5
US500.cash,1,2025-08-28 05:00:00+00:00,2025-08-28 10:15:00+00:00,6472.72,6465.259486,6487.51,6487.51,1.9824,TP,breakout,B,0.75,1.997,-0.281,True,64,False,M5
US500.cash,-1,2025-09-02 13:45:00+00:00,2025-09-02 14:50:00+00:00,6415.22,6418.585779,6410.02,6410.02,1.545,TP,continuation,B,1.0,1.842,-0.297,True,14,False,M5
US500.cash,-1,2025-09-03 02:15:00+00:00,2025-09-03 11:05:00+00:00,6425.92,6434.805014,6384.41,6434.805014,-1.0,SL,continuation,B,1.0,1.272,-1.125,False,107,False,M5
US500.cash,1,2025-09-08 01:45:00+00:00,2025-09-09 10:25:00+00:00,6487.28,6482.203843,6512.72,6512.72,5.0117,TP,breakout,B,0.75,5.248,-0.879,True,378,False,M5
US500.cash,1,2025-09-10 16:00:00+00:00,2025-09-10 16:00:00+00:00,6548.02,6545.248,6557.55,6545.248,-1.0,SL,continuation,B,1.0,0.036,-1.407,False,1,False,M5
US500.cash,1,2025-09-18 01:30:00+00:00,2025-09-18 05:35:00+00:00,6612.33,6601.831686,6625.27,6625.27,1.2326,TP,breakout,B,0.75,1.366,-0.019,True,50,False,M5
US500.cash,-1,2025-09-25 01:30:00+00:00,2025-09-25 03:00:00+00:00,6639.63,6643.3723,6631.36,6643.3723,-1.0,SL,continuation,A,1.25,0.123,-1.614,False,19,False,M5
US500.cash,-1,2025-09-25 08:15:00+00:00,2025-09-25 10:10:00+00:00,6641.17,6645.082464,6630.86,6630.86,2.6352,TP,continuation,B,1.0,3.323,-0.665,True,24,False,M5
US500.cash,1,2025-09-29 21:15:00+00:00,2025-09-29 22:05:00+00:00,6657.46,6653.388757,6677.16,6653.388757,-1.0,SL,continuation,A,1.25,0.835,-1.744,False,11,False,M5
US500.cash,1,2025-09-29 23:00:00+00:00,2025-09-29 23:45:00+00:00,6661.17,6655.822707,6671.16,6655.822707,-1.0,SL,continuation,B,1.0,0.273,-1.41,False,10,False,M5
US500.cash,1,2025-09-30 21:30:00+00:00,2025-09-30 22:25:00+00:00,6662.96,6658.620879,6678.77,6678.77,3.6436,TP,breakout,B,0.75,3.964,-0.576,True,12,False,M5
US500.cash,1,2025-10-10 01:15:00+00:00,2025-10-10 12:50:00+00:00,6734.83,6730.723414,6757.27,6730.723414,-1.0,SL,breakout,B,0.75,3.346,-1.305,False,140,False,M5
US500.cash,-1,2025-10-10 18:15:00+00:00,2025-10-10 18:15:00+00:00,6697.97,6703.696429,6667.97,6667.97,5.2389,TP,continuation,B,1.0,5.239,-0.699,True,1,False,M5
US500.cash,-1,2025-10-10 18:45:00+00:00,2025-10-10 18:50:00+00:00,6651.17,6658.097429,6614.67,6658.097429,-1.0,SL,continuation,B,1.0,1.804,-1.415,False,2,False,M5
US500.cash,1,2025-10-21 14:30:00+00:00,2025-10-21 16:10:00+00:00,6739.17,6732.688786,6747.37,6732.688786,-1.0,SL,continuation,B,0.75,0.185,-1.327,False,21,False,M5
US500.cash,1,2025-10-23 17:00:00+00:00,2025-10-23 17:05:00+00:00,6722.07,6718.291786,6729.67,6718.291786,-1.0,SL,breakout,B,0.75,0.953,-1.826,False,2,False,M5
US500.cash,1,2025-10-24 16:00:00+00:00,2025-10-24 16:45:00+00:00,6779.27,6776.0125,6800.46,6800.46,6.505,TP,continuation,B,1.0,6.508,-0.246,True,10,False,M5
US500.cash,-1,2025-10-31 17:00:00+00:00,2025-10-31 17:00:00+00:00,6855.77,6861.682,6846.77,6846.77,1.5223,TP,continuation,B,1.0,1.522,-0.254,True,1,False,M5
US500.cash,-1,2025-11-04 18:15:00+00:00,2025-11-04 20:15:00+00:00,6801.77,6810.293643,6773.37,6773.37,3.3319,TP,continuation,A,1.25,3.52,-0.645,True,25,False,M5
US500.cash,1,2025-11-10 17:00:00+00:00,2025-11-10 17:10:00+00:00,6803.57,6798.167,6810.27,6810.27,1.2401,TP,continuation,B,0.75,1.536,-0.185,True,3,False,M5
US500.cash,1,2025-11-13 02:30:00+00:00,2025-11-13 03:05:00+00:00,6840.77,6827.698736,6857.23,6857.23,1.2593,TP,breakout,B,0.75,1.698,-0.268,True,8,False,M5
US500.cash,-1,2025-11-17 12:45:00+00:00,2025-11-17 14:50:00+00:00,6749.77,6758.607,6734.77,6734.77,1.6974,TP,breakout,B,0.75,1.697,-0.928,True,26,False,M5
US500.cash,-1,2025-11-18 17:15:00+00:00,2025-11-18 17:20:00+00:00,6603.27,6610.6995,6582.77,6610.6995,-1.0,SL,continuation,B,1.0,2.355,-1.979,False,2,False,M5
US500.cash,-1,2025-11-20 18:15:00+00:00,2025-11-20 18:35:00+00:00,6713.67,6722.28345,6670.47,6670.47,5.0154,TP,breakout,B,0.75,5.979,0.0,True,5,False,M5
US500.cash,1,2025-11-26 15:15:00+00:00,2025-11-26 16:25:00+00:00,6782.87,6779.084429,6789.47,6789.47,1.7435,TP,continuation,B,1.0,2.219,-0.396,True,15,False,M5
US500.cash,1,2025-12-05 20:15:00+00:00,2025-12-05 20:20:00+00:00,6874.86,6871.125236,6887.17,6871.125236,-1.0,SL,continuation,B,1.0,0.056,-2.166,False,2,False,M5
US500.cash,-1,2025-12-11 04:15:00+00:00,2025-12-11 05:00:00+00:00,6858.37,6870.105664,6835.33,6835.33,1.9632,TP,breakout,B,0.75,2.497,-0.102,True,10,False,M5
US500.cash,-1,2025-12-18 21:15:00+00:00,2025-12-18 21:30:00+00:00,6782.77,6788.593029,6773.97,6773.97,1.5112,TP,breakout,B,0.75,1.855,0.0,True,4,False,M5
US500.cash,1,2025-12-23 17:00:00+00:00,2025-12-23 17:00:00+00:00,6881.93,6878.328686,6890.23,6878.328686,-1.0,SL,continuation,B,1.0,0.25,-2.682,False,1,False,M5
US500.cash,1,2026-01-16 01:15:00+00:00,2026-01-16 16:55:00+00:00,6950.32,6945.563714,6974.48,6945.563714,-1.0,SL,continuation,B,1.0,4.321,-1.554,False,189,False,M5
US500.cash,1,2026-01-22 23:15:00+00:00,2026-01-23 08:00:00+00:00,6910.53,6898.126829,6928.33,6928.33,1.4351,TP,continuation,B,0.75,1.548,-0.645,True,91,False,M5
US500.cash,1,2026-01-26 05:30:00+00:00,2026-01-26 09:55:00+00:00,6897.07,6889.487279,6911.68,6911.68,1.9267,TP,breakout,B,0.75,2.005,-0.422,True,54,False,M5
US500.cash,1,2026-01-26 12:45:00+00:00,2026-01-26 15:50:00+00:00,6905.37,6896.274057,6918.57,6918.57,1.4512,TP,breakout,B,0.75,1.561,-0.396,True,38,False,M5
US500.cash,-1,2026-01-30 04:45:00+00:00,2026-01-30 05:00:00+00:00,6922.37,6938.507564,6894.57,6938.507564,-1.0,SL,continuation,B,1.0,0.043,-1.041,False,4,False,M5
US500.cash,-1,2026-01-30 08:15:00+00:00,2026-01-30 11:45:00+00:00,6925.07,6936.073936,6894.57,6894.57,2.7717,TP,continuation,B,1.0,2.944,-0.009,True,43,False,M5
US500.cash,-1,2026-02-04 11:45:00+00:00,2026-02-04 11:55:00+00:00,6911.97,6917.66565,6861.77,6917.66565,-1.0,SL,continuation,B,1.0,0.211,-1.053,False,3,False,M5
US500.cash,-1,2026-02-04 16:15:00+00:00,2026-02-04 16:30:00+00:00,6921.77,6926.512114,6915.77,6915.77,1.2653,TP,continuation,B,0.75,2.109,-0.962,True,4,False,M5
US500.cash,1,2026-02-09 15:30:00+00:00,2026-02-09 15:50:00+00:00,6927.27,6918.155371,6939.77,6918.155371,-1.0,SL,continuation,B,0.75,0.077,-1.13,False,5,False,M5
US500.cash,1,2026-02-09 17:00:00+00:00,2026-02-09 17:05:00+00:00,6924.97,6917.879729,6933.77,6933.77,1.2411,TP,continuation,B,0.75,2.158,-0.24,True,2,False,M5
US500.cash,-1,2026-02-12 17:15:00+00:00,2026-02-12 17:30:00+00:00,6953.17,6960.292886,6941.17,6941.17,1.6847,TP,breakout,B,0.75,1.994,-0.491,True,4,False,M5
US500.cash,1,2026-02-18 23:00:00+00:00,2026-02-19 11:45:00+00:00,6879.17,6856.991286,6907.63,6856.991286,-1.0,SL,continuation,B,0.75,0.78,-1.024,False,139,False,M5
US500.cash,1,2026-02-23 09:30:00+00:00,2026-02-23 16:30:00+00:00,6872.03,6863.730436,6908.07,6908.07,4.3424,TP,breakout,B,0.75,5.15,-0.381,True,85,False,M5
US500.cash,1,2026-02-26 08:15:00+00:00,2026-02-26 10:15:00+00:00,6939.43,6934.840964,6946.63,6946.63,1.569,TP,continuation,B,1.0,1.687,-0.819,True,25,False,M5
US500.cash,-1,2026-03-05 17:45:00+00:00,2026-03-05 17:45:00+00:00,6825.77,6833.2049,6806.77,6833.2049,-1.0,SL,breakout,B,0.75,0.121,-1.143,False,1,False,M5
US500.cash,-1,2026-03-06 11:30:00+00:00,2026-03-06 15:30:00+00:00,6807.37,6825.218886,6771.57,6771.57,2.0057,TP,continuation,B,1.0,2.643,-0.465,True,49,False,M5
US500.cash,1,2026-03-10 16:15:00+00:00,2026-03-10 16:55:00+00:00,6782.17,6767.791214,6826.17,6767.791214,-1.0,SL,continuation,A,1.25,1.21,-1.113,False,9,False,M5
US500.cash,-1,2026-03-13 07:45:00+00:00,2026-03-13 09:45:00+00:00,6688.57,6698.95425,6666.37,6666.37,2.1379,TP,continuation,B,1.0,2.35,-0.318,True,25,False,M5
US500.cash,-1,2026-03-17 03:30:00+00:00,2026-03-17 09:00:00+00:00,6687.47,6696.525564,6669.57,6669.57,1.9767,TP,breakout,B,0.75,2.617,-0.618,True,67,False,M5
US500.cash,-1,2026-03-20 08:15:00+00:00,2026-03-20 10:40:00+00:00,6611.27,6619.134307,6568.87,6619.134307,-1.0,SL,breakout,B,0.75,2.556,-1.005,False,30,False,M5
US500.cash,-1,2026-03-24 03:30:00+00:00,2026-03-24 04:40:00+00:00,6579.07,6598.17025,6542.03,6542.03,1.9392,TP,breakout,B,0.75,1.953,-0.115,True,15,False,M5
US500.cash,1,2026-03-25 14:30:00+00:00,2026-03-25 14:45:00+00:00,6616.97,6607.148086,6631.57,6607.148086,-1.0,SL,continuation,B,0.75,0.886,-1.089,False,4,False,M5
US500.cash,-1,2026-03-26 08:15:00+00:00,2026-03-26 08:55:00+00:00,6574.07,6582.569764,6563.77,6563.77,1.2118,TP,continuation,B,0.75,1.235,-0.176,True,9,False,M5
US500.cash,-1,2026-03-27 10:00:00+00:00,2026-03-27 11:05:00+00:00,6508.13,6514.424764,6491.43,6491.43,2.653,TP,continuation,A,1.25,3.203,0.0,True,14,False,M5
US500.cash,1,2026-04-02 17:15:00+00:00,2026-04-02 17:35:00+00:00,6519.87,6509.747857,6554.97,6554.97,3.4676,TP,breakout,B,0.75,8.269,-0.119,True,5,False,M5
US500.cash,1,2026-04-13 16:15:00+00:00,2026-04-13 16:59:00+00:00,6788.57,6782.93535,6818.03,6818.03,5.2284,TP,breakout,B,0.75,5.601,-0.408,True,45,False,M1
US500.cash,1,2026-04-17 15:45:00+00:00,2026-04-17 15:49:00+00:00,7073.87,7067.412121,7096.37,7096.37,3.4841,TP,continuation,B,1.0,3.484,-0.155,True,5,False,M1
US500.cash,1,2026-04-20 02:00:00+00:00,2026-04-20 03:00:00+00:00,7073.57,7065.455243,7126.97,7065.455243,-1.0,SL,breakout,B,1.0,0.431,-1.06,False,61,False,M1
US500.cash,1,2026-04-22 08:45:00+00:00,2026-04-22 22:59:00+00:00,7108.18,7093.856529,7137.23,7137.23,2.0281,TP,breakout,B,0.75,2.053,-0.887,True,855,False,M1
US500.cash,1,2026-04-24 01:15:00+00:00,2026-04-24 14:07:00+00:00,7112.73,7099.742036,7134.03,7134.03,1.64,TP,breakout,B,1.0,2.328,-0.744,True,773,False,M1
US500.cash,1,2026-04-27 12:00:00+00:00,2026-04-27 15:28:00+00:00,7158.28,7154.936986,7169.67,7154.936986,-1.0,SL,continuation,B,1.0,2.812,-1.05,False,209,False,M1
US500.cash,1,2026-04-29 01:15:00+00:00,2026-04-29 10:46:00+00:00,7146.97,7139.378971,7169.73,7139.378971,-1.0,SL,breakout,B,1.0,1.457,-1.067,False,565,False,M1
US500.cash,1,2026-05-04 14:00:00+00:00,2026-05-04 14:39:00+00:00,7221.27,7214.945943,7240.33,7214.945943,-1.0,SL,breakout,B,1.0,0.965,-1.739,False,40,False,M1
US500.cash,1,2026-05-05 05:45:00+00:00,2026-05-05 10:36:00+00:00,7214.58,7208.346071,7227.37,7227.37,2.0517,TP,breakout,B,0.75,2.565,-0.964,True,292,False,M1
US500.cash,-1,2026-05-19 21:45:00+00:00,2026-05-20 13:35:00+00:00,7376.13,7391.291886,7335.13,7391.291886,-1.0,SL,continuation,A,1.25,2.638,-1.003,False,876,False,M1
US500.cash,1,2026-05-21 04:30:00+00:00,2026-05-21 07:58:00+00:00,7410.78,7400.689014,7433.13,7433.13,2.2148,TP,continuation,A,1.25,2.25,-0.154,True,209,False,M1
US500.cash,-1,2026-06-05 01:15:00+00:00,2026-06-05 16:30:00+00:00,7571.22,7578.329514,7530.63,7530.63,5.7093,TP,breakout,B,1.0,5.962,-0.374,True,916,False,M1
US500.cash,-1,2026-06-09 17:30:00+00:00,2026-06-09 17:43:00+00:00,7425.17,7434.429471,7407.37,7407.37,1.9224,TP,breakout,B,1.0,2.03,-0.572,True,14,False,M1
US500.cash,-1,2026-06-10 01:15:00+00:00,2026-06-10 11:20:00+00:00,7373.93,7386.978764,7344.67,7344.67,2.2424,TP,continuation,B,1.0,2.25,-0.877,True,606,False,M1
US500.cash,-1,2026-06-11 14:30:00+00:00,2026-06-11 15:22:00+00:00,7316.17,7328.947957,7297.43,7297.43,1.4666,TP,breakout,B,0.75,1.745,-0.897,True,53,False,M1
US500.cash,-1,2026-06-11 15:45:00+00:00,2026-06-11 15:46:00+00:00,7297.67,7305.269557,7282.17,7305.269557,-1.0,SL,continuation,B,1.0,0.289,-1.29,False,2,False,M1
US500.cash,1,2026-06-12 17:30:00+00:00,2026-06-12 17:43:00+00:00,7406.87,7398.428929,7441.93,7398.428929,-1.0,SL,continuation,A,1.25,1.872,-1.836,False,14,False,M1
US500.cash,1,2026-06-17 04:30:00+00:00,2026-06-17 11:37:00+00:00,7530.28,7521.3943,7551.33,7521.3943,-1.0,SL,breakout,B,0.75,1.03,-1.007,False,427,False,M1
US500.cash,-1,2026-06-26 12:00:00+00:00,2026-06-26 16:18:00+00:00,7321.37,7336.50555,7297.97,7297.97,1.546,TP,continuation,B,1.0,1.579,-0.998,True,259,False,M1
US500.cash,1,2026-07-03 01:30:00+00:00,2026-07-03 04:05:00+00:00,7474.97,7462.945593,7491.53,7491.53,1.3772,TP,breakout,B,0.75,1.472,-0.128,True,156,False,M1
US500.cash,1,2026-07-06 07:30:00+00:00,2026-07-06 16:30:00+00:00,7496.25,7488.683179,7519.2,7519.2,3.033,TP,continuation,A,1.25,3.192,-0.363,True,541,False,M1
US500.cash,1,2026-07-07 09:00:00+00:00,2026-07-07 09:11:00+00:00,7522.5,7517.330421,7532.8,7517.330421,-1.0,SL,continuation,B,1.0,0.29,-1.054,False,12,False,M1
US2000.cash,-1,2025-03-05 12:30:00+00:00,2025-03-05 13:50:00+00:00,2104.95,2110.888871,2096.95,2096.95,1.3471,TP,breakout,B,0.75,2.105,-0.505,True,17,False,M5
US2000.cash,-1,2025-03-07 12:30:00+00:00,2025-03-07 14:15:00+00:00,2071.45,2075.213114,2065.95,2075.213114,-1.0,SL,continuation,B,0.75,0.292,-1.09,False,22,False,M5
US2000.cash,-1,2025-03-12 21:15:00+00:00,2025-03-12 21:30:00+00:00,2030.11,2036.440864,2019.91,2036.440864,-1.0,SL,continuation,B,1.0,0.047,-1.027,False,4,False,M5
US2000.cash,1,2025-03-25 13:45:00+00:00,2025-03-25 14:05:00+00:00,2101.66,2100.374393,2103.44,2100.374393,-1.0,SL,continuation,B,0.75,0.972,-1.96,False,5,False,M5
US2000.cash,-1,2025-04-02 03:30:00+00:00,2025-04-02 14:50:00+00:00,2008.65,2012.458686,1993.49,1993.49,3.9804,TP,breakout,B,0.75,4.122,-0.578,True,137,False,M5
US2000.cash,-1,2025-04-02 21:00:00+00:00,2025-04-02 23:10:00+00:00,2033.11,2047.387886,2003.45,2047.387886,-1.0,SL,breakout,B,0.75,0.749,-2.391,False,27,False,M5
US2000.cash,-1,2025-04-03 16:00:00+00:00,2025-04-03 16:25:00+00:00,1936.58,1942.028436,1928.68,1942.028436,-1.0,SL,continuation,B,0.75,0.429,-1.626,False,6,False,M5
US2000.cash,-1,2025-04-09 11:30:00+00:00,2025-04-09 11:45:00+00:00,1739.0,1749.491607,1701.5,1749.491607,-1.0,SL,continuation,A,1.25,0.81,-1.02,False,4,False,M5
US2000.cash,1,2025-04-11 19:00:00+00:00,2025-04-11 19:30:00+00:00,1815.7,1808.760657,1827.44,1827.44,1.6918,TP,breakout,B,0.75,2.017,-0.62,True,7,False,M5
US2000.cash,1,2025-04-14 14:00:00+00:00,2025-04-14 14:25:00+00:00,1874.83,1871.998893,1878.63,1878.63,1.3422,TP,continuation,B,0.75,1.907,-0.318,True,6,False,M5
US2000.cash,1,2025-04-24 12:30:00+00:00,2025-04-24 13:50:00+00:00,1903.42,1898.050607,1912.92,1912.92,1.7693,TP,breakout,B,1.0,2.123,-0.093,True,17,False,M5
US2000.cash,1,2025-04-25 19:30:00+00:00,2025-04-25 20:30:00+00:00,1945.83,1940.908629,1956.75,1956.75,2.2189,TP,continuation,A,1.25,2.335,-0.081,True,13,False,M5
US2000.cash,1,2025-04-29 04:00:00+00:00,2025-04-29 05:25:00+00:00,1963.81,1960.379414,1967.99,1967.99,1.2185,TP,breakout,B,0.75,1.251,-0.201,True,18,False,M5
US2000.cash,1,2025-04-29 18:15:00+00:00,2025-04-29 19:00:00+00:00,1961.86,1958.734407,1966.3,1966.3,1.4205,TP,continuation,B,0.75,1.472,-0.96,True,10,False,M5
US2000.cash,1,2025-05-05 12:45:00+00:00,2025-05-05 16:30:00+00:00,2002.03,1997.548264,2026.84,1997.548264,-1.0,SL,breakout,B,0.75,0.993,-1.484,False,46,False,M5
US2000.cash,-1,2025-05-22 20:00:00+00:00,2025-05-22 20:15:00+00:00,2041.65,2044.9437,2032.63,2044.9437,-1.0,SL,continuation,B,1.0,0.273,-1.606,False,4,False,M5
US2000.cash,1,2025-05-28 13:30:00+00:00,2025-05-28 13:35:00+00:00,2085.33,2083.127743,2088.03,2088.03,1.226,TP,continuation,B,0.75,1.253,-0.095,True,2,False,M5
US2000.cash,1,2025-06-10 02:30:00+00:00,2025-06-10 03:05:00+00:00,2148.3,2145.693021,2154.49,2145.693021,-1.0,SL,continuation,A,1.25,0.077,-1.043,False,8,False,M5
US2000.cash,-1,2025-06-23 12:15:00+00:00,2025-06-23 14:10:00+00:00,2108.32,2111.194886,2102.62,2102.62,1.9827,TP,breakout,B,1.0,2.191,-0.765,True,24,False,M5
US2000.cash,-1,2025-06-23 18:00:00+00:00,2025-06-23 18:00:00+00:00,2112.39,2115.564271,2105.72,2115.564271,-1.0,SL,breakout,B,0.75,0.063,-1.134,False,1,False,M5
US2000.cash,1,2025-06-30 01:30:00+00:00,2025-06-30 04:55:00+00:00,2181.75,2178.468057,2186.27,2178.468057,-1.0,SL,continuation,B,0.75,0.884,-1.006,False,42,False,M5
US2000.cash,1,2025-07-02 12:45:00+00:00,2025-07-02 13:10:00+00:00,2213.71,2211.863307,2216.38,2216.38,1.4458,TP,continuation,B,0.75,2.096,-0.319,True,6,False,M5
US2000.cash,-1,2025-07-15 17:00:00+00:00,2025-07-15 18:55:00+00:00,2237.39,2245.872164,2223.73,2223.73,1.6104,TP,breakout,B,0.75,1.732,-0.601,True,24,False,M5
US2000.cash,1,2025-08-05 18:30:00+00:00,2025-08-06 02:15:00+00:00,2208.9,2198.016921,2227.62,2227.62,1.7201,TP,continuation,B,1.0,1.759,-0.404,True,79,False,M5
US2000.cash,1,2025-08-15 04:00:00+00:00,2025-08-15 16:35:00+00:00,2299.57,2296.147836,2316.81,2296.147836,-1.0,SL,breakout,B,0.75,3.238,-2.422,False,152,False,M5
US2000.cash,1,2025-08-15 14:15:00+00:00,2025-08-15 15:15:00+00:00,2302.16,2300.834221,2304.43,2300.834221,-1.0,SL,breakout,B,1.0,1.652,-1.086,False,13,False,M5
US2000.cash,1,2025-08-18 20:30:00+00:00,2025-08-18 20:35:00+00:00,2296.03,2293.925521,2301.96,2293.925521,-1.0,SL,breakout,B,0.75,1.093,-1.573,False,2,False,M5
US2000.cash,1,2025-08-26 12:30:00+00:00,2025-08-26 13:10:00+00:00,2333.68,2331.388936,2337.68,2337.68,1.7459,TP,breakout,B,0.75,1.768,-0.677,True,9,False,M5
US2000.cash,1,2025-08-26 17:00:00+00:00,2025-08-26 17:00:00+00:00,2350.69,2347.983929,2354.49,2354.49,1.4042,TP,breakout,B,0.75,1.404,0.0,True,1,False,M5
US2000.cash,1,2025-08-27 17:00:00+00:00,2025-08-27 17:00:00+00:00,2368.5,2365.345664,2374.0,2365.345664,-1.0,SL,continuation,B,1.0,0.032,-2.118,False,1,False,M5
US2000.cash,-1,2025-09-03 16:00:00+00:00,2025-09-03 16:10:00+00:00,2344.02,2345.461014,2337.02,2345.461014,-1.0,SL,breakout,B,0.75,0.708,-1.999,False,3,False,M5
US2000.cash,1,2025-09-08 02:00:00+00:00,2025-09-08 15:45:00+00:00,2389.49,2384.366007,2397.41,2397.41,1.5457,TP,continuation,B,1.0,1.561,-0.273,True,166,False,M5
US2000.cash,1,2025-09-08 06:30:00+00:00,2025-09-08 15:45:00+00:00,2391.83,2387.537607,2397.41,2397.41,1.3,TP,continuation,B,0.75,1.319,-0.606,True,112,False,M5
US2000.cash,1,2025-09-19 15:15:00+00:00,2025-09-19 16:00:00+00:00,2471.34,2468.410929,2475.48,2475.48,1.4134,TP,continuation,B,0.75,1.731,-0.413,True,10,False,M5
US2000.cash,-1,2025-09-26 12:30:00+00:00,2025-09-26 15:20:00+00:00,2406.84,2411.447343,2396.93,2411.447343,-1.0,SL,continuation,B,1.0,0.716,-1.059,False,35,False,M5
US2000.cash,1,2025-10-06 14:15:00+00:00,2025-10-06 14:25:00+00:00,2490.12,2488.34475,2492.67,2488.34475,-1.0,SL,continuation,B,0.75,0.225,-1.014,False,3,False,M5
US2000.cash,1,2025-10-06 17:45:00+00:00,2025-10-06 17:45:00+00:00,2494.86,2492.730107,2497.96,2497.96,1.4555,TP,continuation,B,0.75,1.455,-0.563,True,1,False,M5
US2000.cash,-1,2025-10-13 14:30:00+00:00,2025-10-13 14:35:00+00:00,2426.96,2429.960936,2419.73,2429.960936,-1.0,SL,continuation,B,1.0,0.866,-1.133,False,2,False,M5
US2000.cash,1,2025-10-21 14:30:00+00:00,2025-10-21 15:55:00+00:00,2497.97,2494.008179,2505.77,2494.008179,-1.0,SL,continuation,B,1.0,0.247,-1.04,False,18,False,M5
US2000.cash,-1,2025-10-23 14:30:00+00:00,2025-10-23 16:35:00+00:00,2460.01,2463.369043,2451.12,2463.369043,-1.0,SL,continuation,B,1.0,2.62,-1.774,False,26,False,M5
US2000.cash,1,2025-10-27 18:45:00+00:00,2025-10-27 19:05:00+00:00,2523.38,2517.521914,2536.89,2517.521914,-1.0,SL,continuation,B,1.0,0.0,-1.094,False,5,False,M5
US2000.cash,-1,2025-11-05 13:15:00+00:00,2025-11-05 13:40:00+00:00,2426.99,2430.954707,2421.59,2430.954707,-1.0,SL,continuation,B,0.75,0.05,-1.236,False,6,False,M5
US2000.cash,1,2025-11-11 13:30:00+00:00,2025-11-11 14:40:00+00:00,2453.81,2450.769064,2457.81,2450.769064,-1.0,SL,breakout,B,0.75,0.168,-1.125,False,15,False,M5
US2000.cash,-1,2025-11-17 12:45:00+00:00,2025-11-17 13:30:00+00:00,2390.2,2392.9501,2386.88,2392.9501,-1.0,SL,breakout,B,0.75,0.873,-1.491,False,10,False,M5
US2000.cash,-1,2025-11-20 18:15:00+00:00,2025-11-20 18:35:00+00:00,2375.95,2381.448193,2358.99,2358.99,3.0846,TP,breakout,B,1.0,3.146,-0.018,True,5,False,M5
US2000.cash,1,2025-11-25 18:00:00+00:00,2025-11-25 19:00:00+00:00,2444.91,2441.319629,2452.11,2452.11,2.0054,TP,continuation,B,1.0,2.284,-0.947,True,13,False,M5
US2000.cash,-1,2026-01-02 14:30:00+00:00,2026-01-02 15:45:00+00:00,2499.7,2502.745007,2493.43,2493.43,2.0591,TP,breakout,B,0.75,2.062,-0.118,True,16,False,M5
US2000.cash,1,2026-01-06 14:30:00+00:00,2026-01-06 16:30:00+00:00,2542.85,2539.313836,2547.45,2539.313836,-1.0,SL,continuation,B,0.75,0.305,-2.203,False,25,False,M5
US2000.cash,1,2026-01-06 19:30:00+00:00,2026-01-06 19:55:00+00:00,2552.58,2550.129921,2556.47,2556.47,1.5877,TP,continuation,B,1.0,1.841,-0.327,True,6,False,M5
US2000.cash,-1,2026-01-21 13:15:00+00:00,2026-01-21 13:35:00+00:00,2651.67,2653.261586,2648.94,2648.94,1.7153,TP,breakout,B,0.75,2.199,-0.741,True,5,False,M5
US2000.cash,-1,2026-01-27 13:15:00+00:00,2026-01-27 16:30:00+00:00,2665.84,2669.5714,2657.32,2657.32,2.2833,TP,breakout,B,0.75,4.309,-0.614,True,40,False,M5
US2000.cash,1,2026-02-09 17:30:00+00:00,2026-02-09 17:30:00+00:00,2672.6,2669.960514,2678.3,2678.3,2.1595,TP,continuation,B,1.0,2.16,-0.114,True,1,False,M5
US2000.cash,-1,2026-02-17 13:00:00+00:00,2026-02-17 13:25:00+00:00,2635.98,2639.19515,2631.36,2639.19515,-1.0,SL,continuation,B,0.75,0.47,-1.145,False,6,False,M5
US2000.cash,1,2026-02-19 21:15:00+00:00,2026-02-19 21:25:00+00:00,2653.76,2650.199036,2658.46,2650.199036,-1.0,SL,continuation,B,0.75,0.536,-1.32,False,3,False,M5
US2000.cash,-1,2026-02-24 15:00:00+00:00,2026-02-24 16:35:00+00:00,2624.18,2630.468286,2616.41,2630.468286,-1.0,SL,continuation,B,0.75,1.073,-1.614,False,20,False,M5
US2000.cash,-1,2026-03-02 14:30:00+00:00,2026-03-02 15:20:00+00:00,2591.09,2603.508843,2569.39,2603.508843,-1.0,SL,continuation,B,1.0,0.064,-1.063,False,11,False,M5
US2000.cash,-1,2026-03-03 06:30:00+00:00,2026-03-03 10:30:00+00:00,2631.31,2636.32475,2590.29,2590.29,8.1799,TP,breakout,B,1.0,8.694,-0.239,True,49,False,M5
US2000.cash,-1,2026-03-06 10:30:00+00:00,2026-03-06 10:45:00+00:00,2587.82,2595.136414,2576.19,2595.136414,-1.0,SL,continuation,B,1.0,0.082,-1.093,False,4,False,M5
US2000.cash,-1,2026-03-11 14:45:00+00:00,2026-03-11 15:30:00+00:00,2540.86,2545.303021,2531.16,2545.303021,-1.0,SL,breakout,B,1.0,2.206,-1.924,False,10,True,M5
US2000.cash,-1,2026-03-13 07:45:00+00:00,2026-03-13 10:05:00+00:00,2502.56,2508.542657,2484.15,2484.15,3.0772,TP,continuation,B,1.0,3.328,-0.384,True,29,False,M5
US2000.cash,1,2026-04-02 04:00:00+00:00,2026-04-02 04:00:00+00:00,2518.89,2505.266207,2541.99,2505.266207,-1.0,SL,continuation,B,1.0,0.066,-1.196,False,1,False,M5
US2000.cash,1,2026-04-06 07:15:00+00:00,2026-04-06 09:50:00+00:00,2521.76,2517.428343,2528.65,2528.65,1.5906,TP,continuation,B,1.0,2.029,-0.51,True,32,False,M5
US2000.cash,1,2026-04-08 19:15:00+00:00,2026-04-08 21:33:00+00:00,2624.01,2614.639357,2641.59,2614.639357,-1.0,SL,continuation,B,1.0,0.598,-1.026,False,139,False,M1
US2000.cash,1,2026-04-13 14:15:00+00:00,2026-04-13 14:35:00+00:00,2612.11,2607.382357,2627.18,2607.382357,-1.0,SL,breakout,B,0.75,0.068,-1.077,False,21,False,M1
US2000.cash,1,2026-04-20 12:15:00+00:00,2026-04-20 14:03:00+00:00,2753.15,2749.174493,2767.72,2749.174493,-1.0,SL,continuation,B,1.0,1.129,-1.059,False,109,False,M1
US2000.cash,1,2026-04-20 15:00:00+00:00,2026-04-20 16:30:00+00:00,2754.65,2751.783914,2767.72,2767.72,4.5602,TP,continuation,B,1.0,6.231,-0.876,True,91,False,M1
US2000.cash,1,2026-05-11 14:45:00+00:00,2026-05-11 14:52:00+00:00,2858.18,2854.337157,2863.51,2854.337157,-1.0,SL,continuation,B,0.75,0.078,-1.254,False,8,False,M1
US2000.cash,1,2026-05-21 14:30:00+00:00,2026-05-21 16:33:00+00:00,2801.08,2788.340614,2817.18,2788.340614,-1.0,SL,continuation,B,0.75,0.268,-1.08,False,124,False,M1
US2000.cash,1,2026-05-26 17:00:00+00:00,2026-05-26 17:04:00+00:00,2912.13,2907.724893,2919.13,2919.13,1.5891,TP,breakout,B,0.75,1.589,-0.227,True,5,False,M1
US2000.cash,1,2026-05-27 19:45:00+00:00,2026-05-27 20:06:00+00:00,2925.97,2921.365329,2933.25,2921.365329,-1.0,SL,continuation,B,1.0,0.499,-1.303,False,22,False,M1
US2000.cash,1,2026-06-12 12:30:00+00:00,2026-06-12 12:34:00+00:00,2946.51,2941.830014,2952.7,2952.7,1.3227,TP,continuation,B,0.75,1.323,-0.085,True,5,False,M1
US2000.cash,1,2026-06-18 12:45:00+00:00,2026-06-18 14:22:00+00:00,2955.16,2944.96675,2967.96,2944.96675,-1.0,SL,breakout,B,0.75,0.245,-1.032,False,98,False,M1
US2000.cash,1,2026-06-29 20:15:00+00:00,2026-06-30 07:32:00+00:00,2995.77,2985.649279,3008.05,3008.05,1.2134,TP,breakout,B,0.75,1.243,-0.682,True,603,False,M1
US2000.cash,1,2026-07-02 13:45:00+00:00,2026-07-02 15:30:00+00:00,3021.18,3015.793121,3030.21,3030.21,1.6763,TP,continuation,B,1.0,3.908,-0.54,True,106,False,M1
US2000.cash,1,2026-07-07 09:00:00+00:00,2026-07-07 09:13:00+00:00,3004.75,3001.5429,3010.34,3001.5429,-1.0,SL,breakout,B,1.0,0.343,-1.247,False,14,False,M1
US2000.cash,-1,2026-07-08 23:45:00+00:00,2026-07-09 03:12:00+00:00,2948.99,2955.661857,2933.63,2955.661857,-1.0,SL,continuation,B,1.0,0.19,-1.031,False,132,False,M1
US2000.cash,-1,2026-07-13 13:15:00+00:00,2026-07-13 15:12:00+00:00,2975.49,2980.156471,2967.58,2967.58,1.6951,TP,continuation,B,1.0,1.807,-0.424,True,118,False,M1
UK100.cash,1,2025-02-10 20:00:00+00:00,2025-02-11 01:25:00+00:00,8771.6,8762.483143,8783.83,8762.483143,-1.0,SL,continuation,B,0.75,1.174,-1.053,False,51,False,M5
UK100.cash,1,2025-02-11 03:00:00+00:00,2025-02-11 04:40:00+00:00,8774.5,8769.555421,8782.3,8769.555421,-1.0,SL,continuation,B,1.0,1.517,-1.133,False,21,False,M5
UK100.cash,1,2025-02-11 09:30:00+00:00,2025-02-11 09:30:00+00:00,8774.0,8770.735571,8782.3,8770.735571,-1.0,SL,continuation,A,1.25,0.153,-1.133,False,1,False,M5
UK100.cash,-1,2025-03-06 10:00:00+00:00,2025-03-06 10:00:00+00:00,8760.3,8776.905586,8736.9,8736.9,1.4092,TP,continuation,B,0.75,1.409,-0.157,True,1,False,M5
UK100.cash,-1,2025-03-12 02:45:00+00:00,2025-03-12 04:00:00+00:00,8510.3,8524.958929,8463.7,8524.958929,-1.0,SL,continuation,B,1.0,0.027,-1.037,False,16,False,M5
UK100.cash,-1,2025-03-12 10:00:00+00:00,2025-03-12 11:45:00+00:00,8511.5,8527.068571,8491.4,8527.068571,-1.0,SL,continuation,B,0.75,0.629,-1.111,False,22,False,M5
UK100.cash,-1,2025-03-13 14:15:00+00:00,2025-03-13 14:55:00+00:00,8557.6,8565.916429,8536.9,8536.9,2.489,TP,breakout,B,0.75,3.559,-0.986,True,9,False,M5
UK100.cash,1,2025-03-19 13:00:00+00:00,2025-03-19 13:05:00+00:00,8688.0,8683.444871,8693.5,8693.5,1.2074,TP,breakout,B,0.75,1.603,-0.439,True,2,False,M5
UK100.cash,-1,2025-03-21 20:00:00+00:00,2025-03-24 01:05:00+00:00,8644.8,8658.926071,8626.6,8658.926071,-1.0,SL,continuation,B,0.75,0.864,-1.671,False,36,False,M5
UK100.cash,1,2025-03-26 10:30:00+00:00,2025-03-26 10:30:00+00:00,8693.0,8688.952429,8704.0,8704.0,2.7177,TP,continuation,B,1.0,2.718,-0.049,True,1,False,M5
UK100.cash,-1,2025-03-27 18:45:00+00:00,2025-03-27 19:00:00+00:00,8638.1,8647.7304,8607.3,8647.7304,-1.0,SL,continuation,A,1.25,0.623,-1.007,False,4,False,M5
UK100.cash,-1,2025-04-01 01:30:00+00:00,2025-04-01 09:00:00+00:00,8608.0,8620.571429,8583.7,8620.571429,-1.0,SL,continuation,B,1.0,1.01,-1.058,False,91,False,M5
UK100.cash,-1,2025-04-02 11:00:00+00:00,2025-04-02 11:00:00+00:00,8595.1,8600.619443,8580.6,8580.6,2.6271,TP,continuation,B,1.0,2.627,-0.181,True,1,False,M5
UK100.cash,-1,2025-04-08 06:30:00+00:00,2025-04-08 09:15:00+00:00,7852.56,7886.026357,7799.26,7799.26,1.5926,TP,breakout,B,1.0,1.652,-0.269,True,34,False,M5
UK100.cash,-1,2025-04-10 17:00:00+00:00,2025-04-11 08:55:00+00:00,7968.4,7995.826157,7722.9,7995.826157,-1.0,SL,breakout,B,0.75,6.33,-1.006,False,177,False,M5
UK100.cash,-1,2025-04-11 12:00:00+00:00,2025-04-11 12:45:00+00:00,7878.3,7902.93735,7845.8,7902.93735,-1.0,SL,continuation,B,0.75,0.881,-1.189,False,10,False,M5
UK100.cash,1,2025-04-15 07:00:00+00:00,2025-04-15 08:25:00+00:00,8142.8,8128.226071,8160.6,8128.226071,-1.0,SL,continuation,B,0.75,0.165,-1.132,False,18,False,M5
UK100.cash,1,2025-04-17 04:15:00+00:00,2025-04-17 05:55:00+00:00,8203.8,8193.063643,8232.8,8232.8,2.7011,TP,breakout,B,0.75,2.841,0.0,True,21,False,M5
UK100.cash,1,2025-04-22 04:30:00+00:00,2025-04-22 18:00:00+00:00,8242.5,8227.428779,8325.5,8325.5,5.5072,TP,breakout,B,1.0,5.713,-0.219,True,163,False,M5
UK100.cash,1,2025-05-12 10:30:00+00:00,2025-05-12 10:40:00+00:00,8609.0,8595.355714,8641.0,8595.355714,-1.0,SL,continuation,B,1.0,0.858,-1.891,False,3,False,M5
UK100.cash,-1,2025-05-15 06:30:00+00:00,2025-05-15 08:10:00+00:00,8559.9,8565.477507,8548.3,8548.3,2.0798,TP,continuation,B,1.0,2.098,0.0,True,21,False,M5
UK100.cash,1,2025-05-16 07:45:00+00:00,2025-05-16 09:00:00+00:00,8638.4,8631.884071,8650.3,8650.3,1.8263,TP,continuation,B,1.0,2.486,-0.66,True,16,False,M5
UK100.cash,1,2025-05-19 16:45:00+00:00,2025-05-19 17:00:00+00:00,8654.5,8646.532071,8666.8,8666.8,1.5437,TP,breakout,B,0.75,1.606,-0.339,True,4,False,M5
UK100.cash,1,2025-05-21 10:30:00+00:00,2025-05-21 10:50:00+00:00,8767.1,8752.529507,8786.3,8786.3,1.3177,TP,continuation,B,0.75,1.373,-0.172,True,5,False,M5
UK100.cash,1,2025-06-03 12:15:00+00:00,2025-06-03 15:35:00+00:00,8757.4,8745.416921,8791.8,8791.8,2.8707,TP,breakout,B,1.0,2.937,-0.809,True,41,False,M5
UK100.cash,1,2025-06-04 20:00:00+00:00,2025-06-05 03:00:00+00:00,8801.4,8789.3558,8820.7,8789.3558,-1.0,SL,continuation,B,1.0,0.839,-1.03,False,70,False,M5
UK100.cash,1,2025-06-12 10:30:00+00:00,2025-06-12 10:30:00+00:00,8864.1,8857.382429,8872.5,8857.382429,-1.0,SL,breakout,B,0.75,0.0,-1.905,False,1,False,M5
UK100.cash,-1,2025-06-16 08:00:00+00:00,2025-06-16 08:15:00+00:00,8834.7,8841.657714,8817.8,8841.657714,-1.0,SL,continuation,A,1.25,0.043,-1.049,False,4,False,M5
UK100.cash,-1,2025-06-17 20:15:00+00:00,2025-06-18 01:15:00+00:00,8848.3,8854.077643,8829.2,8829.2,3.3058,TP,continuation,B,1.0,3.704,-0.537,True,45,False,M5
UK100.cash,-1,2025-06-18 07:45:00+00:00,2025-06-18 08:00:00+00:00,8836.1,8841.662936,8823.6,8841.662936,-1.0,SL,breakout,B,0.75,0.216,-1.312,False,4,False,M5
UK100.cash,-1,2025-06-19 14:30:00+00:00,2025-06-19 14:50:00+00:00,8811.4,8817.098571,8802.2,8817.098571,-1.0,SL,continuation,B,1.0,0.877,-1.351,False,5,False,M5
UK100.cash,-1,2025-06-19 18:00:00+00:00,2025-06-19 18:05:00+00:00,8810.1,8815.959857,8786.6,8815.959857,-1.0,SL,continuation,B,1.0,0.341,-1.075,False,2,False,M5
UK100.cash,-1,2025-06-23 14:00:00+00:00,2025-06-23 14:45:00+00:00,8767.9,8776.735707,8747.3,8747.3,2.3314,TP,continuation,B,1.0,2.829,-0.306,True,10,False,M5
UK100.cash,1,2025-07-02 17:30:00+00:00,2025-07-03 10:00:00+00:00,8768.1,8747.062557,8805.2,8805.2,1.7635,TP,breakout,B,0.75,2.034,-0.737,True,184,False,M5
UK100.cash,1,2025-07-09 10:00:00+00:00,2025-07-09 10:00:00+00:00,8865.5,8856.468221,8884.1,8884.1,2.0594,TP,continuation,B,1.0,2.059,-0.033,True,1,False,M5
UK100.cash,1,2025-07-16 15:30:00+00:00,2025-07-16 17:35:00+00:00,8965.33,8954.565914,8997.6,8954.565914,-1.0,SL,breakout,B,0.75,0.694,-1.183,False,26,False,M5
UK100.cash,1,2025-07-21 07:30:00+00:00,2025-07-21 10:00:00+00:00,8985.6,8977.99765,8997.5,8997.5,1.5653,TP,breakout,B,0.75,2.013,-0.46,True,31,False,M5
UK100.cash,1,2025-07-29 09:30:00+00:00,2025-07-29 09:50:00+00:00,9096.5,9091.447357,9159.5,9091.447357,-1.0,SL,breakout,B,0.75,0.396,-1.623,False,5,False,M5
UK100.cash,1,2025-07-30 23:15:00+00:00,2025-07-30 23:15:00+00:00,9148.47,9136.607171,9174.37,9136.607171,-1.0,SL,breakout,B,0.75,0.076,-1.003,False,1,False,M5
UK100.cash,-1,2025-08-01 08:45:00+00:00,2025-08-01 09:35:00+00:00,9099.4,9105.927643,9082.4,9082.4,2.6043,TP,continuation,B,1.0,2.773,-0.49,True,11,False,M5
UK100.cash,1,2025-08-05 21:00:00+00:00,2025-08-05 21:15:00+00:00,9152.9,9145.661571,9176.9,9145.661571,-1.0,SL,continuation,B,1.0,0.276,-1.188,False,4,False,M5
UK100.cash,1,2025-08-05 22:30:00+00:00,2025-08-05 23:00:00+00:00,9155.7,9146.534143,9176.9,9146.534143,-1.0,SL,continuation,A,1.25,0.204,-1.651,False,7,False,M5
UK100.cash,1,2025-08-06 03:30:00+00:00,2025-08-06 04:00:00+00:00,9160.4,9154.383,9176.9,9154.383,-1.0,SL,continuation,A,1.25,0.266,-1.263,False,7,False,M5
UK100.cash,1,2025-08-06 15:00:00+00:00,2025-08-06 15:35:00+00:00,9163.2,9158.894286,9168.7,9168.7,1.2774,TP,continuation,B,0.75,2.16,-0.975,True,8,False,M5
UK100.cash,1,2025-08-12 10:30:00+00:00,2025-08-12 10:30:00+00:00,9159.3,9155.563786,9166.7,9155.563786,-1.0,SL,continuation,B,1.0,0.455,-2.088,False,1,False,M5
UK100.cash,1,2025-08-14 11:45:00+00:00,2025-08-14 13:40:00+00:00,9158.9,9155.265286,9169.2,9155.265286,-1.0,SL,breakout,B,0.75,2.063,-1.183,False,24,False,M5
UK100.cash,1,2025-08-18 06:30:00+00:00,2025-08-18 09:05:00+00:00,9163.9,9158.78735,9190.4,9158.78735,-1.0,SL,breakout,B,0.75,0.939,-1.213,False,32,False,M5
UK100.cash,-1,2025-08-18 09:30:00+00:00,2025-08-18 10:00:00+00:00,9159.5,9164.579793,9152.2,9164.579793,-1.0,SL,continuation,B,0.75,1.319,-1.319,False,7,False,M5
UK100.cash,-1,2025-08-18 11:00:00+00:00,2025-08-18 11:00:00+00:00,9138.3,9143.887079,9125.4,9143.887079,-1.0,SL,continuation,B,1.0,0.0,-1.181,False,1,False,M5
UK100.cash,1,2025-08-18 20:15:00+00:00,2025-08-18 21:00:00+00:00,9172.4,9166.9125,9181.6,9166.9125,-1.0,SL,continuation,B,1.0,0.729,-1.039,False,10,False,M5
UK100.cash,1,2025-08-21 14:30:00+00:00,2025-08-21 14:35:00+00:00,9273.1,9265.758,9283.0,9265.758,-1.0,SL,continuation,B,0.75,0.068,-1.022,False,2,False,M5
UK100.cash,1,2025-08-22 17:30:00+00:00,2025-08-22 17:35:00+00:00,9349.3,9344.798214,9359.8,9344.798214,-1.0,SL,continuation,B,1.0,0.822,-2.732,False,2,False,M5
UK100.cash,1,2025-08-26 21:45:00+00:00,2025-08-26 23:45:00+00:00,9290.6,9282.520214,9300.6,9300.6,1.2377,TP,breakout,B,0.75,1.246,-0.656,True,25,False,M5
UK100.cash,-1,2025-09-03 02:15:00+00:00,2025-09-03 07:00:00+00:00,9154.4,9163.289557,9129.1,9129.1,2.846,TP,continuation,B,1.0,2.869,-0.371,True,58,False,M5
UK100.cash,-1,2025-09-03 14:15:00+00:00,2025-09-03 15:30:00+00:00,9163.4,9172.900786,9147.8,9147.8,1.642,TP,breakout,B,0.75,1.737,-0.684,True,16,False,M5
UK100.cash,1,2025-09-05 22:00:00+00:00,2025-09-08 02:25:00+00:00,9219.3,9208.2158,9239.2,9239.2,1.7953,TP,breakout,B,0.75,1.804,-0.508,True,28,False,M5
UK100.cash,1,2025-09-08 15:45:00+00:00,2025-09-08 15:50:00+00:00,9228.5,9223.87015,9238.0,9223.87015,-1.0,SL,breakout,B,1.0,0.54,-1.512,False,2,False,M5
UK100.cash,-1,2025-09-17 10:30:00+00:00,2025-09-17 10:30:00+00:00,9202.6,9205.607857,9198.6,9205.607857,-1.0,SL,continuation,B,0.75,0.332,-1.064,False,1,False,M5
UK100.cash,-1,2025-09-22 12:30:00+00:00,2025-09-22 12:35:00+00:00,9212.1,9217.11235,9205.6,9205.6,1.2968,TP,continuation,B,0.75,1.436,-0.499,True,2,False,M5
UK100.cash,1,2025-09-23 03:00:00+00:00,2025-09-23 10:10:00+00:00,9240.2,9236.060371,9252.1,9252.1,2.8747,TP,continuation,A,1.25,4.445,-0.942,True,86,False,M5
UK100.cash,-1,2025-09-25 12:15:00+00:00,2025-09-25 12:15:00+00:00,9225.1,9230.71965,9206.3,9230.71965,-1.0,SL,breakout,B,0.75,0.036,-1.032,False,1,False,M5
UK100.cash,-1,2025-09-26 06:30:00+00:00,2025-09-26 10:35:00+00:00,9228.5,9236.704264,9201.9,9236.704264,-1.0,SL,continuation,A,1.25,2.133,-1.158,False,50,False,M5
UK100.cash,1,2025-09-29 07:30:00+00:00,2025-09-29 10:15:00+00:00,9316.3,9305.968229,9331.0,9331.0,1.4228,TP,continuation,B,0.75,1.471,-0.997,True,34,False,M5
UK100.cash,1,2025-09-29 18:00:00+00:00,2025-09-29 18:35:00+00:00,9311.6,9294.661857,9340.6,9294.661857,-1.0,SL,continuation,B,1.0,0.295,-1.163,False,8,False,M5
UK100.cash,1,2025-09-30 02:00:00+00:00,2025-09-30 09:55:00+00:00,9297.1,9288.4255,9319.6,9288.4255,-1.0,SL,breakout,B,0.75,1.234,-1.026,False,96,False,M5
UK100.cash,1,2025-09-30 12:15:00+00:00,2025-09-30 13:45:00+00:00,9279.6,9263.937214,9302.4,9302.4,1.4557,TP,breakout,B,0.75,1.456,-0.032,True,19,False,M5
UK100.cash,1,2025-10-02 11:45:00+00:00,2025-10-02 17:40:00+00:00,9446.1,9425.856793,9479.6,9425.856793,-1.0,SL,continuation,B,1.0,0.825,-1.191,False,72,False,M5
UK100.cash,1,2025-10-03 03:45:00+00:00,2025-10-03 06:55:00+00:00,9438.7,9433.129579,9449.2,9449.2,1.885,TP,breakout,B,0.75,1.921,-0.736,True,39,False,M5
UK100.cash,1,2025-10-10 14:45:00+00:00,2025-10-10 15:10:00+00:00,9512.3,9507.052786,9520.0,9507.052786,-1.0,SL,breakout,B,0.75,0.191,-1.143,False,6,False,M5
UK100.cash,-1,2025-10-13 07:15:00+00:00,2025-10-13 09:00:00+00:00,9420.3,9437.934293,9396.2,9437.934293,-1.0,SL,continuation,B,0.75,0.255,-1.389,False,22,False,M5
UK100.cash,-1,2025-10-13 11:30:00+00:00,2025-10-13 14:10:00+00:00,9442.5,9459.696793,9416.9,9416.9,1.4886,TP,continuation,B,0.75,1.733,-0.378,True,33,False,M5
UK100.cash,1,2025-10-22 05:15:00+00:00,2025-10-22 07:05:00+00:00,9419.0,9413.148857,9428.2,9428.2,1.5723,TP,breakout,B,0.75,1.76,-0.906,True,23,False,M5
UK100.cash,-1,2025-11-05 02:15:00+00:00,2025-11-05 02:25:00+00:00,9696.3,9703.434286,9687.5,9687.5,1.2335,TP,breakout,B,0.75,1.71,-0.435,True,3,False,M5
UK100.cash,1,2025-11-13 02:30:00+00:00,2025-11-13 09:00:00+00:00,9880.6,9868.545286,9902.4,9902.4,1.8084,TP,breakout,B,1.0,2.655,-0.489,True,79,False,M5
UK100.cash,-1,2025-12-09 07:30:00+00:00,2025-12-09 08:45:00+00:00,9637.2,9641.453064,9628.2,9641.453064,-1.0,SL,continuation,B,1.0,0.729,-1.011,False,16,False,M5
UK100.cash,1,2025-12-11 17:00:00+00:00,2025-12-11 17:00:00+00:00,9686.1,9676.610857,9699.6,9699.6,1.4227,TP,continuation,B,0.75,1.423,-0.105,True,1,False,M5
UK100.cash,1,2025-12-17 08:15:00+00:00,2025-12-17 09:05:00+00:00,9704.3,9690.602779,9733.6,9733.6,2.1391,TP,breakout,B,0.75,2.241,-0.372,True,11,False,M5
UK100.cash,1,2026-01-12 08:30:00+00:00,2026-01-12 09:40:00+00:00,10116.4,10111.412129,10130.5,10111.412129,-1.0,SL,continuation,B,1.0,0.782,-1.624,False,15,False,M5
UK100.cash,1,2026-01-27 04:15:00+00:00,2026-01-27 08:00:00+00:00,10169.3,10158.257357,10185.2,10185.2,1.4399,TP,continuation,B,0.75,1.549,-0.516,True,46,False,M5
UK100.cash,1,2026-01-27 20:45:00+00:00,2026-01-28 07:35:00+00:00,10189.4,10174.091429,10222.6,10222.6,2.1687,TP,continuation,A,1.25,2.254,-0.688,True,116,False,M5
UK100.cash,1,2026-02-03 06:00:00+00:00,2026-02-03 09:20:00+00:00,10324.5,10312.237143,10351.9,10351.9,2.2344,TP,continuation,A,1.25,2.373,-0.758,True,41,False,M5
UK100.cash,1,2026-02-04 22:15:00+00:00,2026-02-04 23:00:00+00:00,10420.6,10393.311,10478.9,10393.311,-1.0,SL,continuation,B,1.0,0.293,-1.104,False,10,False,M5
UK100.cash,1,2026-02-05 07:00:00+00:00,2026-02-05 09:55:00+00:00,10397.2,10385.836357,10421.7,10385.836357,-1.0,SL,continuation,B,1.0,0.898,-2.297,False,36,False,M5
UK100.cash,1,2026-02-09 18:30:00+00:00,2026-02-10 09:00:00+00:00,10382.0,10354.065214,10423.0,10423.0,1.4677,TP,continuation,B,0.75,1.632,-0.58,True,160,False,M5
UK100.cash,1,2026-02-17 13:45:00+00:00,2026-02-17 13:55:00+00:00,10513.5,10504.515214,10527.1,10527.1,1.5137,TP,continuation,B,1.0,1.625,-0.033,True,3,False,M5
UK100.cash,1,2026-02-19 21:00:00+00:00,2026-02-20 11:15:00+00:00,10642.3,10614.200857,10686.5,10686.5,1.573,TP,breakout,B,0.75,1.69,-0.356,True,157,False,M5
UK100.cash,1,2026-02-23 09:45:00+00:00,2026-02-23 16:30:00+00:00,10670.3,10659.278293,10718.2,10718.2,4.346,TP,breakout,B,1.0,5.634,-0.844,True,82,False,M5
UK100.cash,1,2026-02-24 04:45:00+00:00,2026-02-24 10:00:00+00:00,10665.5,10654.085643,10692.97,10654.085643,-1.0,SL,breakout,B,1.0,1.971,-1.121,False,64,False,M5
UK100.cash,1,2026-02-24 19:30:00+00:00,2026-02-24 20:40:00+00:00,10697.5,10690.731,10710.7,10710.7,1.9501,TP,breakout,B,1.0,2.467,-0.694,True,15,False,M5
UK100.cash,-1,2026-03-03 06:45:00+00:00,2026-03-03 07:45:00+00:00,10743.2,10756.087714,10727.4,10727.4,1.226,TP,continuation,B,0.75,1.614,-0.466,True,13,False,M5
UK100.cash,-1,2026-03-05 03:15:00+00:00,2026-03-05 03:55:00+00:00,10610.8,10634.43465,10574.7,10574.7,1.5274,TP,breakout,B,0.75,1.642,-0.008,True,9,False,M5
UK100.cash,-1,2026-03-09 16:00:00+00:00,2026-03-09 16:10:00+00:00,10148.5,10189.316071,10081.0,10189.316071,-1.0,SL,continuation,B,1.0,0.049,-1.036,False,3,False,M5
UK100.cash,-1,2026-03-11 11:00:00+00:00,2026-03-11 11:00:00+00:00,10359.8,10368.031071,10338.1,10338.1,2.6364,TP,breakout,B,0.75,2.636,-0.462,True,1,False,M5
UK100.cash,-1,2026-03-11 14:45:00+00:00,2026-03-11 14:50:00+00:00,10328.1,10337.669,10316.4,10316.4,1.2227,TP,breakout,B,0.75,1.223,-0.815,True,2,False,M5
UK100.cash,1,2026-03-17 08:00:00+00:00,2026-03-17 08:45:00+00:00,10328.9,10321.066157,10341.7,10321.066157,-1.0,SL,continuation,B,1.0,0.574,-1.34,False,10,False,M5
UK100.cash,-1,2026-03-20 12:30:00+00:00,2026-03-20 12:30:00+00:00,10079.2,10088.371214,10046.9,10088.371214,-1.0,SL,continuation,B,1.0,0.164,-2.072,False,1,False,M5
UK100.cash,1,2026-03-26 03:15:00+00:00,2026-03-26 05:20:00+00:00,10082.5,10068.036357,10115.87,10068.036357,-1.0,SL,continuation,A,1.25,1.217,-1.072,False,26,False,M5
UK100.cash,-1,2026-03-27 10:00:00+00:00,2026-03-27 10:10:00+00:00,9990.0,10001.092214,9976.5,10001.092214,-1.0,SL,continuation,B,0.75,0.018,-1.046,False,3,False,M5
UK100.cash,1,2026-04-02 09:30:00+00:00,2026-04-02 10:07:00+00:00,10267.6,10254.341293,10303.1,10303.1,2.6775,TP,breakout,B,1.0,2.723,-0.377,True,38,False,M1
UK100.cash,1,2026-04-09 18:45:00+00:00,2026-04-09 18:48:00+00:00,10601.9,10589.412071,10617.4,10617.4,1.2412,TP,breakout,B,0.75,1.241,-0.32,True,4,False,M1
UK100.cash,1,2026-04-16 12:45:00+00:00,2026-04-16 13:04:00+00:00,10586.2,10573.458364,10605.4,10605.4,1.5069,TP,breakout,B,0.75,1.57,0.0,True,20,False,M1
UK100.cash,-1,2026-04-23 03:30:00+00:00,2026-04-23 06:39:00+00:00,10440.9,10457.649071,10381.9,10381.9,3.5226,TP,continuation,B,1.0,3.523,-0.699,True,190,False,M1
UK100.cash,-1,2026-04-23 12:00:00+00:00,2026-04-23 12:04:00+00:00,10389.1,10403.084143,10370.1,10370.1,1.3587,TP,continuation,B,0.75,1.359,0.0,True,5,False,M1
UK100.cash,-1,2026-04-23 19:00:00+00:00,2026-04-23 20:05:00+00:00,10453.5,10472.657143,10422.4,10422.4,1.6234,TP,breakout,B,0.75,1.707,-0.172,True,66,False,M1
UK100.cash,-1,2026-05-01 12:15:00+00:00,2026-05-01 12:20:00+00:00,10297.3,10307.465286,10191.3,10307.465286,-1.0,SL,breakout,B,0.75,0.03,-1.082,False,6,False,M1
UK100.cash,-1,2026-05-11 14:00:00+00:00,2026-05-11 14:52:00+00:00,10240.8,10248.22735,10231.0,10231.0,1.3194,TP,breakout,B,0.75,1.616,-0.916,True,53,False,M1
UK100.cash,1,2026-05-13 10:00:00+00:00,2026-05-13 10:03:00+00:00,10318.5,10311.587293,10337.8,10337.8,2.792,TP,continuation,B,1.0,2.792,-0.535,True,4,False,M1
UK100.cash,1,2026-05-13 10:30:00+00:00,2026-05-13 10:34:00+00:00,10344.9,10339.450221,10353.9,10353.9,1.6514,TP,continuation,B,1.0,1.651,-0.183,True,5,False,M1
UK100.cash,1,2026-05-19 19:45:00+00:00,2026-05-19 21:22:00+00:00,10341.6,10313.095429,10376.5,10313.095429,-1.0,SL,continuation,B,0.75,0.256,-1.14,False,98,False,M1
UK100.cash,1,2026-05-20 09:30:00+00:00,2026-05-20 11:38:00+00:00,10288.6,10273.368864,10309.9,10309.9,1.3985,TP,breakout,B,0.75,1.458,-0.965,True,129,False,M1
UK100.cash,-1,2026-05-28 21:00:00+00:00,2026-05-28 21:34:00+00:00,10434.8,10445.386714,10410.7,10410.7,2.2764,TP,continuation,A,1.25,2.324,0.0,True,35,False,M1
UK100.cash,-1,2026-06-09 22:45:00+00:00,2026-06-09 22:57:00+00:00,10274.3,10293.8345,10216.7,10293.8345,-1.0,SL,continuation,A,1.25,0.067,-1.085,False,13,False,M1
UK100.cash,-1,2026-06-10 07:00:00+00:00,2026-06-10 12:15:00+00:00,10256.0,10271.510643,10180.0,10180.0,4.8999,TP,continuation,B,1.0,4.984,-0.361,True,316,False,M1
UK100.cash,-1,2026-06-10 21:45:00+00:00,2026-06-11 09:59:00+00:00,10216.7,10232.344643,10122.9,10232.344643,-1.0,SL,continuation,B,1.0,4.404,-1.278,False,660,False,M1
UK100.cash,-1,2026-06-11 05:15:00+00:00,2026-06-11 05:34:00+00:00,10183.8,10197.877993,10153.8,10153.8,2.131,TP,continuation,A,1.25,2.33,-0.036,True,20,False,M1
UK100.cash,1,2026-06-16 08:15:00+00:00,2026-06-16 08:23:00+00:00,10433.2,10427.654071,10447.1,10427.654071,-1.0,SL,breakout,B,0.75,0.288,-1.028,False,9,False,M1
UK100.cash,-1,2026-06-23 04:30:00+00:00,2026-06-23 06:00:00+00:00,10404.4,10419.297643,10365.6,10365.6,2.6044,TP,breakout,B,0.75,2.685,-0.047,True,91,False,M1
UK100.cash,1,2026-06-24 01:15:00+00:00,2026-06-24 01:28:00+00:00,10437.97,10427.842857,10451.9,10427.842857,-1.0,SL,breakout,B,0.75,0.118,-1.027,False,14,False,M1
JP225.cash,-1,2025-02-19 12:15:00+00:00,2025-02-19 12:30:00+00:00,39116.73,39157.152414,39067.73,39067.73,1.2122,TP,continuation,B,0.75,1.608,-0.124,True,4,False,M5
JP225.cash,-1,2025-02-20 03:30:00+00:00,2025-02-20 04:00:00+00:00,38705.73,38743.485714,38647.73,38647.73,1.5362,TP,continuation,B,1.0,2.596,-0.45,True,7,False,M5
JP225.cash,-1,2025-02-21 04:30:00+00:00,2025-02-21 08:10:00+00:00,38695.73,38788.315886,38538.73,38788.315886,-1.0,SL,continuation,B,1.0,0.94,-1.004,False,45,False,M5
JP225.cash,-1,2025-02-27 19:00:00+00:00,2025-02-27 20:25:00+00:00,38016.7,38100.16,37824.7,38100.16,-1.0,SL,continuation,B,1.0,0.779,-1.09,False,18,False,M5
JP225.cash,-1,2025-02-28 12:00:00+00:00,2025-02-28 16:30:00+00:00,37299.7,37383.614286,37184.7,37184.7,1.3704,TP,continuation,B,0.75,3.283,-0.93,True,55,False,M5
JP225.cash,-1,2025-02-28 20:00:00+00:00,2025-02-28 21:45:00+00:00,37189.25,37325.288821,37024.25,37325.288821,-1.0,SL,continuation,B,0.75,0.735,-1.213,False,22,False,M5
JP225.cash,-1,2025-03-04 01:15:00+00:00,2025-03-04 02:05:00+00:00,37282.25,37411.963036,37089.25,37411.963036,-1.0,SL,breakout,B,0.75,0.347,-1.048,False,11,False,M5
JP225.cash,-1,2025-03-04 03:30:00+00:00,2025-03-04 03:30:00+00:00,36945.25,37023.522321,36800.25,36800.25,1.8525,TP,breakout,B,0.75,1.853,-0.345,True,1,False,M5
JP225.cash,-1,2025-03-05 15:45:00+00:00,2025-03-05 16:55:00+00:00,37267.25,37334.401264,37098.25,37098.25,2.5167,TP,breakout,B,0.75,2.606,-0.715,True,15,False,M5
JP225.cash,1,2025-03-06 04:15:00+00:00,2025-03-06 04:25:00+00:00,37798.25,37726.910179,37886.25,37726.910179,-1.0,SL,continuation,B,0.75,0.07,-1.009,False,3,False,M5
JP225.cash,-1,2025-03-06 10:00:00+00:00,2025-03-06 10:00:00+00:00,37570.25,37632.105536,37487.25,37487.25,1.3418,TP,breakout,B,0.75,1.342,-0.808,True,1,False,M5
JP225.cash,-1,2025-03-11 15:30:00+00:00,2025-03-11 15:45:00+00:00,36753.73,36823.382857,36631.73,36631.73,1.7515,TP,breakout,B,1.0,1.938,-0.072,True,4,False,M5
JP225.cash,-1,2025-03-11 17:30:00+00:00,2025-03-11 21:40:00+00:00,36428.73,36634.201429,35977.73,36634.201429,-1.0,SL,continuation,A,1.25,1.557,-1.436,False,51,False,M5
JP225.cash,1,2025-03-14 01:30:00+00:00,2025-03-14 01:50:00+00:00,36767.73,36711.508807,36847.73,36847.73,1.423,TP,breakout,B,0.75,1.476,0.0,True,5,False,M5
JP225.cash,1,2025-03-19 02:00:00+00:00,2025-03-19 03:05:00+00:00,37799.73,37721.772464,37894.73,37894.73,1.2186,TP,breakout,B,0.75,1.514,-0.59,True,14,False,M5
JP225.cash,-1,2025-03-24 07:00:00+00:00,2025-03-24 14:20:00+00:00,37664.73,37742.148893,37353.73,37742.148893,-1.0,SL,breakout,B,1.0,1.266,-1.02,False,89,False,M5
JP225.cash,1,2025-03-25 08:45:00+00:00,2025-03-25 11:45:00+00:00,37804.73,37747.175393,37897.73,37897.73,1.6159,TP,breakout,B,0.75,1.633,-0.643,True,37,False,M5
JP225.cash,1,2025-03-25 18:00:00+00:00,2025-03-25 19:55:00+00:00,37905.73,37845.357857,37978.73,37978.73,1.2092,TP,continuation,B,0.75,1.209,-0.878,True,24,False,M5
JP225.cash,1,2025-03-26 07:15:00+00:00,2025-03-26 08:05:00+00:00,38020.73,37920.00825,38157.73,38157.73,1.3602,TP,continuation,B,0.75,1.459,-0.179,True,11,False,M5
JP225.cash,1,2025-03-26 13:45:00+00:00,2025-03-26 16:50:00+00:00,37969.73,37930.883964,38055.73,37930.883964,-1.0,SL,continuation,A,1.25,2.162,-1.21,False,38,False,M5
JP225.cash,-1,2025-04-01 01:30:00+00:00,2025-04-01 03:05:00+00:00,35921.73,35992.652464,35805.73,35992.652464,-1.0,SL,continuation,B,1.0,1.227,-1.1,False,20,False,M5
JP225.cash,-1,2025-04-01 04:00:00+00:00,2025-04-01 04:00:00+00:00,35799.73,35865.888179,35709.73,35709.73,1.3604,TP,continuation,B,0.75,1.36,0.0,True,1,False,M5
JP225.cash,-1,2025-04-07 05:45:00+00:00,2025-04-07 09:45:00+00:00,31566.73,31886.629,30764.73,30764.73,2.507,TP,continuation,A,1.25,2.998,-0.835,True,49,False,M5
JP225.cash,1,2025-04-10 05:15:00+00:00,2025-04-10 11:00:00+00:00,34367.58,34072.932707,35053.1,34072.932707,-1.0,SL,continuation,A,1.25,1.338,-1.259,False,70,False,M5
JP225.cash,1,2025-04-17 04:45:00+00:00,2025-04-17 04:50:00+00:00,34180.73,34119.125807,34269.73,34119.125807,-1.0,SL,breakout,B,0.75,0.032,-1.055,False,2,False,M5
JP225.cash,1,2025-04-24 02:00:00+00:00,2025-04-24 02:50:00+00:00,35260.73,35181.244907,35379.73,35379.73,1.4971,TP,continuation,B,0.75,1.585,-0.252,True,11,False,M5
JP225.cash,1,2025-04-24 12:30:00+00:00,2025-04-24 13:50:00+00:00,34895.73,34819.195621,35068.73,35068.73,2.2604,TP,breakout,B,1.0,2.365,-0.301,True,17,False,M5
JP225.cash,1,2025-05-09 04:45:00+00:00,2025-05-09 05:15:00+00:00,37385.73,37332.465621,37461.73,37461.73,1.4268,TP,continuation,B,0.75,1.652,-0.432,True,7,False,M5
JP225.cash,-1,2025-05-20 04:30:00+00:00,2025-05-20 08:45:00+00:00,37717.73,37782.244286,37558.73,37558.73,2.4646,TP,breakout,B,1.0,2.821,-0.171,True,52,False,M5
JP225.cash,-1,2025-06-03 01:15:00+00:00,2025-06-03 02:55:00+00:00,37751.73,37814.022943,37629.73,37629.73,1.9585,TP,breakout,B,1.0,2.344,-0.273,True,21,False,M5
JP225.cash,-1,2025-06-05 01:30:00+00:00,2025-06-05 02:45:00+00:00,37534.73,37566.810086,37488.73,37566.810086,-1.0,SL,continuation,B,0.75,1.06,-1.06,False,16,False,M5
JP225.cash,1,2025-06-10 12:45:00+00:00,2025-06-10 18:25:00+00:00,38215.73,38167.001521,38295.73,38295.73,1.6418,TP,continuation,B,1.0,1.683,-0.8,True,69,False,M5
JP225.cash,-1,2025-06-13 01:15:00+00:00,2025-06-13 03:00:00+00:00,38137.73,38197.989379,37973.73,37973.73,2.7216,TP,continuation,A,1.25,4.514,-0.232,True,22,False,M5
JP225.cash,-1,2025-06-13 21:30:00+00:00,2025-06-13 21:35:00+00:00,38023.73,38073.640714,37915.73,37915.73,2.1639,TP,breakout,B,0.75,2.504,-0.2,True,2,False,M5
JP225.cash,-1,2025-06-23 19:00:00+00:00,2025-06-23 19:20:00+00:00,38441.73,38471.787143,38404.73,38404.73,1.231,TP,continuation,B,0.75,1.564,-0.333,True,5,False,M5
JP225.cash,1,2025-06-30 11:00:00+00:00,2025-06-30 11:00:00+00:00,40452.73,40405.054286,40781.73,40405.054286,-1.0,SL,continuation,A,1.25,0.0,-1.909,False,1,False,M5
JP225.cash,-1,2025-07-02 08:30:00+00:00,2025-07-02 15:20:00+00:00,39805.73,39864.022143,39587.73,39587.73,3.7398,TP,continuation,A,1.25,3.757,-0.532,True,83,False,M5
JP225.cash,-1,2025-07-07 17:30:00+00:00,2025-07-07 19:20:00+00:00,39778.73,39886.954286,39612.73,39612.73,1.5339,TP,breakout,B,0.75,2.661,-0.259,True,23,False,M5
JP225.cash,1,2025-07-09 05:15:00+00:00,2025-07-10 03:25:00+00:00,39683.73,39614.914286,39972.73,39614.914286,-1.0,SL,breakout,B,1.0,3.919,-1.163,False,252,False,M5
JP225.cash,-1,2025-07-11 23:15:00+00:00,2025-07-14 01:05:00+00:00,39469.44,39542.396336,39356.73,39356.73,1.5449,TP,continuation,B,1.0,1.892,-0.096,True,8,False,M5
JP225.cash,-1,2025-07-15 01:30:00+00:00,2025-07-15 02:15:00+00:00,39477.44,39504.646429,39346.73,39504.646429,-1.0,SL,breakout,B,0.75,0.541,-1.224,False,10,False,M5
JP225.cash,1,2025-07-16 01:30:00+00:00,2025-07-16 02:55:00+00:00,39601.44,39565.353521,39680.73,39680.73,2.1972,TP,continuation,A,1.25,2.363,-0.887,True,18,False,M5
JP225.cash,-1,2025-07-17 02:45:00+00:00,2025-07-17 04:00:00+00:00,39475.73,39552.832621,39342.73,39552.832621,-1.0,SL,continuation,B,1.0,1.504,-1.388,False,16,False,M5
JP225.cash,1,2025-07-17 15:30:00+00:00,2025-07-17 15:30:00+00:00,39893.84,39845.781193,39960.73,39960.73,1.3918,TP,continuation,B,0.75,1.392,-0.012,True,1,False,M5
JP225.cash,1,2025-07-21 07:30:00+00:00,2025-07-21 11:35:00+00:00,39845.73,39788.298571,39969.73,39788.298571,-1.0,SL,breakout,B,0.75,0.905,-1.201,False,50,False,M5
JP225.cash,1,2025-07-22 03:30:00+00:00,2025-07-22 03:35:00+00:00,40187.73,40145.35,40272.73,40145.35,-1.0,SL,continuation,A,1.25,0.59,-3.728,False,2,False,M5
JP225.cash,-1,2025-07-22 16:15:00+00:00,2025-07-22 16:45:00+00:00,39679.73,39722.287857,39586.73,39586.73,2.1853,TP,continuation,A,1.25,2.444,-0.399,True,7,False,M5
JP225.cash,1,2025-07-23 19:15:00+00:00,2025-07-23 20:15:00+00:00,41665.73,41616.715,41743.73,41616.715,-1.0,SL,continuation,B,1.0,0.979,-1.143,False,13,False,M5
JP225.cash,1,2025-07-24 18:15:00+00:00,2025-07-24 22:45:00+00:00,41702.73,41629.099286,41859.73,41629.099286,-1.0,SL,continuation,B,1.0,0.706,-1.154,False,55,False,M5
JP225.cash,-1,2025-07-29 11:30:00+00:00,2025-07-29 13:00:00+00:00,40853.73,40936.650714,40564.73,40936.650714,-1.0,SL,breakout,B,1.0,0.205,-1.182,False,19,False,M5
JP225.cash,-1,2025-07-29 14:45:00+00:00,2025-07-29 16:30:00+00:00,40843.73,40892.946429,40674.73,40892.946429,-1.0,SL,breakout,B,0.75,0.244,-1.199,False,22,False,M5
JP225.cash,-1,2025-07-30 22:15:00+00:00,2025-07-30 22:50:00+00:00,40606.73,40649.323107,40486.73,40649.323107,-1.0,SL,continuation,B,1.0,2.043,-1.291,False,8,False,M5
JP225.cash,-1,2025-08-01 07:00:00+00:00,2025-08-01 10:05:00+00:00,40892.73,40944.34,40742.73,40742.73,2.9064,TP,breakout,B,0.75,2.984,-0.736,True,38,False,M5
JP225.cash,1,2025-08-15 03:15:00+00:00,2025-08-15 03:15:00+00:00,42935.73,42863.695029,43085.44,42863.695029,-1.0,SL,breakout,B,0.75,0.056,-2.027,False,1,False,M5
JP225.cash,1,2025-08-19 04:45:00+00:00,2025-08-19 06:00:00+00:00,43694.73,43613.277857,43852.73,43613.277857,-1.0,SL,continuation,B,1.0,0.688,-1.007,False,16,False,M5
JP225.cash,-1,2025-08-22 03:30:00+00:00,2025-08-22 03:40:00+00:00,42484.73,42567.251814,42320.73,42567.251814,-1.0,SL,continuation,B,1.0,0.109,-1.697,False,3,False,M5
JP225.cash,-1,2025-08-22 07:00:00+00:00,2025-08-22 08:50:00+00:00,42545.73,42610.267143,42320.73,42610.267143,-1.0,SL,continuation,B,1.0,0.387,-1.085,False,23,False,M5
JP225.cash,-1,2025-08-25 04:15:00+00:00,2025-08-25 05:20:00+00:00,42838.73,42940.660714,42711.73,42940.660714,-1.0,SL,breakout,B,0.75,0.314,-1.128,False,14,False,M5
JP225.cash,1,2025-08-28 15:45:00+00:00,2025-08-28 17:55:00+00:00,42818.73,42728.927857,42949.73,42949.73,1.4588,TP,continuation,B,0.75,1.481,-0.312,True,27,False,M5
JP225.cash,1,2025-09-05 03:15:00+00:00,2025-09-05 03:20:00+00:00,43132.73,43069.418393,43229.73,43069.418393,-1.0,SL,continuation,B,1.0,0.979,-1.39,False,2,False,M5
JP225.cash,1,2025-09-05 18:45:00+00:00,2025-09-08 01:05:00+00:00,42796.73,42624.952493,43153.73,43153.73,2.0783,TP,breakout,B,1.0,2.734,-0.466,True,62,False,M5
JP225.cash,1,2025-09-09 20:30:00+00:00,2025-09-10 06:45:00+00:00,43424.73,43303.66,43759.73,43759.73,2.767,TP,breakout,B,1.0,2.817,-0.083,True,109,False,M5
JP225.cash,1,2025-09-22 02:15:00+00:00,2025-09-22 02:30:00+00:00,45325.83,45293.22,45667.83,45293.22,-1.0,SL,breakout,B,0.75,0.0,-2.545,False,4,False,M5
JP225.cash,1,2025-09-22 03:30:00+00:00,2025-09-22 03:30:00+00:00,45628.83,45587.172143,45693.83,45587.172143,-1.0,SL,breakout,B,1.0,0.0,-3.121,False,1,False,M5
JP225.cash,1,2025-09-25 04:45:00+00:00,2025-09-25 04:45:00+00:00,45738.83,45691.975,45805.83,45805.83,1.4299,TP,continuation,B,0.75,1.43,0.0,True,1,False,M5
JP225.cash,-1,2025-09-29 18:15:00+00:00,2025-09-29 18:35:00+00:00,45141.83,45189.185714,45072.83,45072.83,1.4571,TP,continuation,B,0.75,2.006,-0.169,True,5,False,M5
JP225.cash,-1,2025-10-01 02:15:00+00:00,2025-10-01 02:45:00+00:00,44828.83,44873.234257,44752.83,44752.83,1.7115,TP,continuation,B,1.0,2.072,-0.473,True,7,False,M5
JP225.cash,-1,2025-10-13 14:30:00+00:00,2025-10-13 15:40:00+00:00,46491.83,46649.405714,45678.54,46649.405714,-1.0,SL,continuation,A,1.25,0.305,-1.142,False,15,False,M5
JP225.cash,-1,2025-10-14 04:15:00+00:00,2025-10-14 07:15:00+00:00,47555.83,47871.262857,46957.83,46957.83,1.8958,TP,breakout,B,1.0,2.869,-0.919,True,37,False,M5
JP225.cash,1,2025-10-21 12:30:00+00:00,2025-10-21 16:55:00+00:00,49318.83,49167.443571,49584.83,49167.443571,-1.0,SL,breakout,B,0.75,1.493,-1.044,False,54,False,M5
JP225.cash,1,2025-10-22 04:45:00+00:00,2025-10-22 07:00:00+00:00,48951.83,48856.424286,49361.83,49361.83,4.2974,TP,breakout,B,1.0,4.633,-0.891,True,28,False,M5
JP225.cash,1,2025-10-27 01:15:00+00:00,2025-10-27 01:15:00+00:00,49977.54,49937.895914,50055.54,49937.895914,-1.0,SL,continuation,B,1.0,1.387,-1.261,False,1,False,M5
JP225.cash,1,2025-10-30 23:30:00+00:00,2025-10-31 02:45:00+00:00,51421.54,51323.203571,51587.83,51587.83,1.691,TP,continuation,B,1.0,1.691,-0.671,True,25,False,M5
JP225.cash,-1,2025-11-06 01:15:00+00:00,2025-11-06 02:00:00+00:00,51139.54,51229.74,50708.83,51229.74,-1.0,SL,breakout,B,0.75,1.131,-1.012,False,10,False,M5
JP225.cash,1,2025-11-11 08:30:00+00:00,2025-11-11 23:40:00+00:00,50829.83,50627.911429,51178.83,51178.83,1.7284,TP,breakout,B,1.0,1.752,-0.47,True,183,False,M5
JP225.cash,1,2025-11-12 04:15:00+00:00,2025-11-12 04:25:00+00:00,50990.83,50914.3,51125.83,50914.3,-1.0,SL,breakout,B,1.0,0.444,-1.124,False,3,False,M5
JP225.cash,1,2025-11-12 08:00:00+00:00,2025-11-12 10:25:00+00:00,50984.83,50925.556429,51150.83,51150.83,2.8006,TP,breakout,B,0.75,3.239,-0.422,True,30,False,M5
JP225.cash,-1,2025-11-13 17:00:00+00:00,2025-11-13 17:05:00+00:00,50645.83,50703.796429,50540.83,50703.796429,-1.0,SL,continuation,B,1.0,1.156,-1.432,False,2,False,M5
JP225.cash,-1,2025-11-17 01:15:00+00:00,2025-11-17 10:30:00+00:00,50269.54,50431.800714,49758.83,50431.800714,-1.0,SL,breakout,B,0.75,2.55,-1.197,False,112,False,M5
JP225.cash,-1,2025-12-01 21:30:00+00:00,2025-12-02 01:45:00+00:00,49457.83,49579.727143,49309.83,49579.727143,-1.0,SL,continuation,B,0.75,0.888,-1.039,False,37,False,M5
JP225.cash,-1,2025-12-02 18:30:00+00:00,2025-12-02 18:35:00+00:00,49307.83,49355.979286,49222.83,49355.979286,-1.0,SL,breakout,B,0.75,1.038,-2.181,False,2,False,M5
JP225.cash,1,2025-12-03 13:45:00+00:00,2025-12-03 16:00:00+00:00,49661.83,49568.255807,49922.83,49568.255807,-1.0,SL,continuation,A,1.25,0.588,-2.116,False,27,False,M5
JP225.cash,1,2025-12-04 20:30:00+00:00,2025-12-04 21:15:00+00:00,50592.83,50495.662857,50759.83,50495.662857,-1.0,SL,continuation,B,1.0,0.206,-1.266,False,10,False,M5
JP225.cash,1,2025-12-04 23:15:00+00:00,2025-12-05 01:55:00+00:00,50589.54,50502.894286,50759.83,50502.894286,-1.0,SL,continuation,B,1.0,0.704,-1.258,False,18,False,M5
JP225.cash,1,2025-12-08 04:30:00+00:00,2025-12-08 16:20:00+00:00,50462.83,50352.933621,50697.54,50352.933621,-1.0,SL,breakout,B,0.75,1.993,-1.319,False,143,False,M5
JP225.cash,1,2025-12-10 21:30:00+00:00,2025-12-10 22:15:00+00:00,50585.83,50463.034286,50824.54,50824.54,1.944,TP,breakout,B,0.75,2.011,-0.57,True,10,False,M5
JP225.cash,1,2025-12-11 19:45:00+00:00,2025-12-11 21:15:00+00:00,50622.83,50502.174286,50780.83,50780.83,1.3095,TP,breakout,B,0.75,1.351,-0.373,True,19,False,M5
JP225.cash,1,2025-12-12 14:30:00+00:00,2025-12-12 17:00:00+00:00,50559.83,50495.61,50733.83,50495.61,-1.0,SL,continuation,A,1.25,1.588,-2.398,False,31,False,M5
JP225.cash,-1,2025-12-30 01:30:00+00:00,2025-12-30 01:35:00+00:00,50272.59,50306.329643,50226.83,50226.83,1.3563,TP,continuation,B,0.75,1.764,-0.667,True,2,False,M5
JP225.cash,1,2026-01-06 15:00:00+00:00,2026-01-06 15:50:00+00:00,52123.83,52043.12,52507.83,52043.12,-1.0,SL,continuation,B,1.0,0.496,-2.181,False,11,False,M5
JP225.cash,1,2026-01-06 17:15:00+00:00,2026-01-06 19:00:00+00:00,52155.83,51956.562143,52459.83,51956.562143,-1.0,SL,continuation,B,1.0,0.025,-1.039,False,22,False,M5
JP225.cash,-1,2026-01-08 14:30:00+00:00,2026-01-08 16:35:00+00:00,51344.83,51476.266429,51172.83,51476.266429,-1.0,SL,continuation,B,0.75,0.456,-1.21,False,26,False,M5
JP225.cash,-1,2026-01-08 23:30:00+00:00,2026-01-09 01:50:00+00:00,51494.54,51583.268571,51384.83,51384.83,1.2365,TP,continuation,B,0.75,1.251,-0.676,True,14,False,M5
JP225.cash,1,2026-01-23 03:00:00+00:00,2026-01-23 03:45:00+00:00,53824.83,53766.556429,54062.83,53766.556429,-1.0,SL,continuation,A,1.25,0.978,-1.081,False,10,False,M5
JP225.cash,-1,2026-01-27 12:15:00+00:00,2026-01-27 14:25:00+00:00,53109.83,53268.505714,52881.83,52881.83,1.4369,TP,breakout,B,0.75,1.513,-0.107,True,27,False,M5
JP225.cash,1,2026-01-30 21:15:00+00:00,2026-01-30 21:30:00+00:00,53476.83,53393.708779,53746.83,53393.708779,-1.0,SL,breakout,B,1.0,0.241,-1.323,False,4,False,M5
JP225.cash,1,2026-02-02 16:00:00+00:00,2026-02-02 17:15:00+00:00,53337.83,53189.502857,53774.54,53774.54,2.9442,TP,continuation,B,1.0,3.061,-0.256,True,16,False,M5
JP225.cash,1,2026-02-03 23:00:00+00:00,2026-02-04 03:20:00+00:00,54043.83,53830.694286,54334.83,54334.83,1.3653,TP,breakout,B,0.75,1.586,-0.822,True,38,False,M5
JP225.cash,1,2026-02-04 22:00:00+00:00,2026-02-04 22:55:00+00:00,54619.83,54421.509229,55089.83,54421.509229,-1.0,SL,continuation,B,1.0,0.126,-1.069,False,12,False,M5
JP225.cash,1,2026-02-11 21:30:00+00:00,2026-02-12 01:35:00+00:00,58203.83,58007.643657,58490.83,58007.643657,-1.0,SL,continuation,B,0.75,0.092,-1.087,False,35,False,M5
JP225.cash,-1,2026-02-16 08:00:00+00:00,2026-02-16 11:25:00+00:00,56936.83,57047.40795,56766.83,57047.40795,-1.0,SL,breakout,B,1.0,1.483,-1.094,False,42,False,M5
JP225.cash,-1,2026-02-23 14:45:00+00:00,2026-02-23 16:25:00+00:00,56927.83,57001.847236,56834.83,57001.847236,-1.0,SL,breakout,B,0.75,1.162,-1.108,False,21,False,M5
JP225.cash,1,2026-02-26 10:30:00+00:00,2026-02-26 17:00:00+00:00,58876.83,58731.124286,59901.54,58731.124286,-1.0,SL,breakout,B,0.75,2.265,-1.256,False,79,False,M5
JP225.cash,-1,2026-03-03 23:45:00+00:00,2026-03-04 02:15:00+00:00,55237.75,55422.88045,54627.75,55422.88045,-1.0,SL,continuation,A,1.25,3.285,-1.67,False,16,False,M5
JP225.cash,-1,2026-03-04 04:30:00+00:00,2026-03-04 06:10:00+00:00,54096.83,54371.275357,53609.75,54371.275357,-1.0,SL,continuation,B,1.0,1.749,-1.184,False,21,False,M5
JP225.cash,-1,2026-03-05 15:15:00+00:00,2026-03-05 17:25:00+00:00,55504.75,55834.788057,54832.75,54832.75,2.0361,TP,breakout,B,0.75,2.5,-0.182,True,27,False,M5
JP225.cash,-1,2026-03-12 05:15:00+00:00,2026-03-12 05:35:00+00:00,54284.75,54468.375879,53991.83,53991.83,1.5952,TP,continuation,B,1.0,2.029,-0.204,True,5,False,M5
JP225.cash,-1,2026-03-12 12:30:00+00:00,2026-03-12 12:40:00+00:00,54579.25,54695.48865,54127.25,54695.48865,-1.0,SL,continuation,A,1.25,0.017,-1.204,False,3,False,M5
JP225.cash,-1,2026-03-17 01:15:00+00:00,2026-03-17 02:45:00+00:00,54251.44,54438.905664,53742.25,54438.905664,-1.0,SL,breakout,B,0.75,0.149,-1.057,False,19,False,M5
JP225.cash,-1,2026-03-24 01:15:00+00:00,2026-03-24 03:35:00+00:00,53055.44,53305.624807,52071.5,52071.5,3.9329,TP,breakout,B,0.75,4.128,-0.94,True,29,False,M5
JP225.cash,1,2026-03-25 07:00:00+00:00,2026-03-25 11:00:00+00:00,53671.0,53494.343886,53974.0,53974.0,1.7152,TP,continuation,B,1.0,2.731,-0.341,True,49,False,M5
JP225.cash,-1,2026-03-30 12:30:00+00:00,2026-03-30 14:20:00+00:00,51805.5,51934.359821,51612.73,51934.359821,-1.0,SL,continuation,B,0.75,0.892,-1.102,False,23,False,M5
JP225.cash,-1,2026-03-30 17:00:00+00:00,2026-03-31 02:50:00+00:00,51532.5,51945.4809,50792.5,50792.5,1.7919,TP,continuation,B,1.0,1.801,-0.726,True,104,False,M5
JP225.cash,1,2026-04-01 22:45:00+00:00,2026-04-02 03:25:00+00:00,54190.5,53959.413793,54600.5,53959.413793,-1.0,SL,continuation,B,1.0,0.698,-1.041,False,42,False,M5
JP225.cash,1,2026-04-02 17:15:00+00:00,2026-04-06 05:10:00+00:00,52702.5,52578.623921,53875.5,53875.5,9.4691,TP,breakout,B,0.75,9.57,-0.671,True,310,False,M5
JP225.cash,1,2026-04-07 22:45:00+00:00,2026-04-07 22:45:00+00:00,53528.5,53409.142143,53675.5,53675.5,1.2316,TP,breakout,B,0.75,3.242,-0.209,True,1,False,M1
JP225.cash,1,2026-04-08 02:00:00+00:00,2026-04-08 02:04:00+00:00,55911.73,55743.050843,56336.73,56336.73,2.5196,TP,continuation,B,1.0,2.52,-0.99,True,5,False,M1
JP225.cash,1,2026-05-11 20:45:00+00:00,2026-05-11 23:11:00+00:00,62846.5,62721.013657,63230.5,62721.013657,-1.0,SL,breakout,B,0.75,0.398,-1.12,False,147,False,M1
JP225.cash,-1,2026-05-15 21:45:00+00:00,2026-05-15 22:55:00+00:00,61868.0,61989.634421,61713.5,61713.5,1.2702,TP,continuation,B,0.75,1.373,-0.374,True,71,False,M1
JP225.cash,-1,2026-05-18 03:30:00+00:00,2026-05-18 03:34:00+00:00,61137.0,61266.526786,60899.5,60899.5,1.8336,TP,continuation,B,1.0,1.834,-0.811,True,5,False,M1
JP225.cash,1,2026-05-27 21:45:00+00:00,2026-05-28 02:28:00+00:00,65128.5,64997.088843,65298.5,64997.088843,-1.0,SL,breakout,B,0.75,1.278,-1.003,False,205,False,M1
JP225.cash,1,2026-06-02 08:15:00+00:00,2026-06-02 18:22:00+00:00,66427.5,65977.230586,67298.5,67298.5,1.9344,TP,breakout,B,0.75,1.959,-0.068,True,608,False,M1
JP225.cash,1,2026-06-04 20:45:00+00:00,2026-06-04 21:51:00+00:00,67602.5,67484.765714,67775.0,67775.0,1.4652,TP,breakout,B,0.75,1.546,-0.28,True,67,False,M1
JP225.cash,-1,2026-06-05 14:15:00+00:00,2026-06-05 15:34:00+00:00,66806.5,67028.032307,66515.73,66515.73,1.3125,TP,continuation,B,0.75,1.413,-0.361,True,80,False,M1
JP225.cash,-1,2026-06-09 17:30:00+00:00,2026-06-09 17:44:00+00:00,65590.5,65716.63665,65282.5,65282.5,2.4418,TP,breakout,B,0.75,2.838,-0.317,True,15,False,M1
JP225.cash,-1,2026-06-10 07:00:00+00:00,2026-06-10 07:30:00+00:00,64488.0,64779.181971,64014.73,64014.73,1.6253,TP,continuation,B,1.0,1.883,-0.109,True,31,False,M1
JP225.cash,1,2026-06-17 03:30:00+00:00,2026-06-17 04:05:00+00:00,69369.0,69209.861914,69631.5,69631.5,1.6495,TP,breakout,B,0.75,1.979,-0.613,True,36,False,M1
JP225.cash,1,2026-06-18 01:30:00+00:00,2026-06-18 02:23:00+00:00,70051.44,69811.003214,70696.5,70696.5,2.6829,TP,continuation,B,1.0,3.1,-0.054,True,54,False,M1
JP225.cash,1,2026-06-22 02:00:00+00:00,2026-06-22 02:03:00+00:00,71529.73,71425.028086,71982.0,71425.028086,-1.0,SL,breakout,B,1.0,0.172,-1.414,False,4,False,M1
JP225.cash,-1,2026-06-30 01:15:00+00:00,2026-06-30 02:59:00+00:00,70384.44,70572.392271,70157.0,70572.392271,-1.0,SL,breakout,B,0.75,0.637,-1.358,False,104,False,M1
JP225.cash,1,2026-07-01 07:00:00+00:00,2026-07-01 07:12:00+00:00,70627.5,70397.9875,71945.0,70397.9875,-1.0,SL,breakout,B,1.0,0.0,-1.057,False,13,False,M1
JP225.cash,-1,2026-07-02 02:30:00+00:00,2026-07-02 02:45:00+00:00,69552.73,69673.570229,69392.5,69392.5,1.326,TP,continuation,B,0.75,4.08,-0.397,True,16,False,M1
JP225.cash,-1,2026-07-02 03:15:00+00:00,2026-07-02 03:43:00+00:00,69148.0,69375.444871,68794.73,68794.73,1.5532,TP,continuation,B,1.0,1.839,-0.989,True,29,False,M1
JP225.cash,-1,2026-07-02 17:45:00+00:00,2026-07-02 18:17:00+00:00,68680.5,68975.735243,68292.73,68292.73,1.3134,TP,continuation,B,0.75,1.456,-0.542,True,33,False,M1
JP225.cash,1,2026-07-10 13:45:00+00:00,2026-07-10 14:56:00+00:00,68905.5,68746.056664,69188.73,68746.056664,-1.0,SL,continuation,B,1.0,0.357,-1.003,False,72,False,M1
JP225.cash,1,2026-07-10 19:30:00+00:00,2026-07-10 20:44:00+00:00,69050.0,68919.471343,69213.0,69213.0,1.2488,TP,continuation,B,0.75,1.306,-0.149,True,75,False,M1
XAGUSD,-1,2025-02-24 13:00:00+00:00,2025-02-24 14:30:00+00:00,32.448,32.524849,32.344,32.524849,-1.0,SL,continuation,B,0.75,0.299,-1.08,False,19,False,M5
XAGUSD,-1,2025-02-25 13:15:00+00:00,2025-02-25 14:20:00+00:00,32.136,32.220729,32.026,32.026,1.2983,TP,continuation,B,0.75,2.219,-0.708,True,14,False,M5
XAGUSD,1,2025-03-06 14:00:00+00:00,2025-03-06 14:30:00+00:00,32.43,32.34614,32.542,32.34614,-1.0,SL,continuation,B,0.75,0.322,-1.371,False,7,False,M5
XAGUSD,1,2025-03-06 17:00:00+00:00,2025-03-06 17:00:00+00:00,32.625,32.576659,32.722,32.722,2.0066,TP,continuation,B,1.0,2.007,-0.579,True,1,False,M5
XAGUSD,1,2025-03-17 17:00:00+00:00,2025-03-17 20:45:00+00:00,33.593,33.426279,33.816,33.816,1.3376,TP,breakout,B,0.75,1.404,-0.084,True,46,False,M5
XAGUSD,1,2025-03-18 19:15:00+00:00,2025-03-18 20:40:00+00:00,34.044,33.971223,34.218,33.971223,-1.0,SL,continuation,A,1.25,1.374,-1.305,False,18,False,M5
XAGUSD,-1,2025-04-02 07:00:00+00:00,2025-04-02 10:05:00+00:00,33.813,33.889471,33.645,33.645,2.1969,TP,continuation,A,1.25,2.367,-0.902,True,38,False,M5
XAGUSD,-1,2025-04-07 06:00:00+00:00,2025-04-07 17:15:00+00:00,30.352,30.562251,28.726,30.562251,-1.0,SL,continuation,B,1.0,3.044,-1.127,False,136,False,M5
XAGUSD,1,2025-04-24 19:15:00+00:00,2025-04-24 22:30:00+00:00,33.486,33.433709,33.578,33.578,1.7594,TP,continuation,B,1.0,2.161,-0.918,True,40,False,M5
XAGUSD,-1,2025-05-02 12:15:00+00:00,2025-05-02 12:35:00+00:00,32.459,32.494752,32.408,32.494752,-1.0,SL,breakout,B,0.75,0.587,-1.371,False,5,False,M5
XAGUSD,-1,2025-05-05 16:45:00+00:00,2025-05-06 03:45:00+00:00,32.392,32.578389,32.135,32.578389,-1.0,SL,breakout,B,0.75,1.266,-1.121,False,118,False,M5
XAGUSD,1,2025-05-06 13:15:00+00:00,2025-05-06 13:15:00+00:00,33.061,33.013921,33.141,33.013921,-1.0,SL,continuation,B,1.0,0.297,-1.02,False,1,False,M5
XAGUSD,1,2025-05-07 14:15:00+00:00,2025-05-07 15:25:00+00:00,32.882,32.830998,33.098,32.830998,-1.0,SL,breakout,B,1.0,1.353,-2.118,False,15,False,M5
XAGUSD,-1,2025-05-28 18:00:00+00:00,2025-05-29 02:10:00+00:00,33.099,33.192686,32.882,32.882,2.3162,TP,breakout,B,0.75,2.733,-0.107,True,84,False,M5
XAGUSD,-1,2025-05-30 16:30:00+00:00,2025-05-30 16:35:00+00:00,33.106,33.187941,32.983,33.187941,-1.0,SL,continuation,B,1.0,0.305,-1.172,False,2,False,M5
XAGUSD,1,2025-06-04 16:30:00+00:00,2025-06-04 17:00:00+00:00,34.438,34.379795,34.555,34.379795,-1.0,SL,continuation,A,1.25,0.704,-1.271,False,7,False,M5
XAGUSD,1,2025-06-06 19:00:00+00:00,2025-06-09 10:10:00+00:00,36.06,35.883886,36.324,36.324,1.499,TP,continuation,B,0.75,1.579,-0.926,True,168,False,M5
XAGUSD,1,2025-06-10 12:30:00+00:00,2025-06-10 14:05:00+00:00,36.572,36.480126,36.791,36.791,2.3837,TP,continuation,B,1.0,2.46,-0.098,True,20,False,M5
XAGUSD,1,2025-07-03 13:45:00+00:00,2025-07-03 15:15:00+00:00,36.872,36.781579,37.005,36.781579,-1.0,SL,continuation,B,0.75,1.117,-1.029,False,19,False,M5
XAGUSD,1,2025-07-14 20:00:00+00:00,2025-07-14 21:05:00+00:00,38.448,38.305217,38.845,38.305217,-1.0,SL,continuation,B,1.0,0.063,-1.065,False,14,False,M5
XAGUSD,-1,2025-07-28 20:45:00+00:00,2025-07-28 21:35:00+00:00,38.043,38.123809,37.911,38.123809,-1.0,SL,continuation,B,1.0,0.359,-1.027,False,11,False,M5
XAGUSD,-1,2025-08-01 19:30:00+00:00,2025-08-01 21:30:00+00:00,36.799,36.918169,36.401,36.918169,-1.0,SL,breakout,B,1.0,0.327,-1.041,False,25,False,M5
XAGUSD,1,2025-08-08 06:45:00+00:00,2025-08-08 08:05:00+00:00,38.165,38.046201,38.313,38.313,1.2458,TP,continuation,B,0.75,1.288,-0.311,True,17,False,M5
XAGUSD,-1,2025-08-12 13:00:00+00:00,2025-08-12 13:05:00+00:00,37.729,37.758642,37.494,37.758642,-1.0,SL,continuation,B,1.0,0.506,-1.181,False,2,False,M5
XAGUSD,-1,2025-08-19 14:00:00+00:00,2025-08-19 15:20:00+00:00,38.064,38.103165,37.976,38.103165,-1.0,SL,breakout,B,1.0,1.123,-1.072,False,17,False,M5
XAGUSD,1,2025-08-29 16:00:00+00:00,2025-08-29 16:00:00+00:00,38.937,38.899059,39.001,39.001,1.6868,TP,continuation,B,1.0,1.766,0.0,True,1,False,M5
XAGUSD,1,2025-09-02 13:45:00+00:00,2025-09-02 15:15:00+00:00,40.512,40.427693,40.721,40.427693,-1.0,SL,breakout,B,1.0,1.506,-1.423,False,19,False,M5
XAGUSD,1,2025-09-16 19:30:00+00:00,2025-09-16 20:40:00+00:00,42.542,42.47777,42.857,42.47777,-1.0,SL,breakout,B,1.0,0.794,-1.899,False,15,False,M5
XAGUSD,-1,2025-09-17 20:15:00+00:00,2025-09-17 20:20:00+00:00,41.91,42.021638,41.763,41.763,1.3168,TP,continuation,B,0.75,1.711,0.0,True,2,False,M5
XAGUSD,1,2025-09-29 17:45:00+00:00,2025-09-29 18:05:00+00:00,46.961,46.844208,47.109,46.844208,-1.0,SL,continuation,B,0.75,1.096,-1.019,False,5,False,M5
XAGUSD,1,2025-10-08 05:30:00+00:00,2025-10-08 08:20:00+00:00,48.283,48.072753,48.629,48.629,1.6457,TP,breakout,B,1.0,1.883,-0.281,True,35,False,M5
XAGUSD,1,2025-10-09 01:45:00+00:00,2025-10-09 02:30:00+00:00,48.974,48.617706,49.481,48.617706,-1.0,SL,continuation,B,0.75,0.065,-1.008,False,10,False,M5
XAGUSD,-1,2025-10-24 14:00:00+00:00,2025-10-24 14:00:00+00:00,47.976,48.081504,47.809,47.809,1.5829,TP,continuation,B,1.0,1.63,-0.133,True,1,False,M5
XAGUSD,-1,2025-11-04 19:30:00+00:00,2025-11-04 20:35:00+00:00,47.546,47.671709,47.37,47.37,1.4001,TP,continuation,B,0.75,2.291,-0.438,True,14,False,M5
XAGUSD,1,2025-11-11 18:30:00+00:00,2025-11-11 23:40:00+00:00,50.678,50.478164,51.223,51.223,2.7272,TP,continuation,A,1.25,2.742,-0.485,True,63,False,M5
XAGUSD,-1,2025-11-18 14:15:00+00:00,2025-11-18 15:40:00+00:00,50.154,50.345703,49.4,50.345703,-1.0,SL,continuation,B,1.0,1.508,-1.022,False,18,False,M5
XAGUSD,1,2025-11-19 20:15:00+00:00,2025-11-20 04:15:00+00:00,51.148,50.700182,51.919,50.700182,-1.0,SL,continuation,B,1.0,1.552,-1.072,False,82,False,M5
XAGUSD,-1,2025-11-24 03:30:00+00:00,2025-11-24 04:35:00+00:00,49.88,50.014277,49.637,50.014277,-1.0,SL,continuation,B,1.0,1.385,-1.192,False,14,False,M5
XAGUSD,1,2025-11-25 18:45:00+00:00,2025-11-25 19:10:00+00:00,51.121,50.935639,51.378,51.378,1.3865,TP,continuation,B,0.75,1.613,-0.572,True,6,False,M5
XAGUSD,1,2025-11-27 13:15:00+00:00,2025-11-27 15:00:00+00:00,53.296,53.110301,53.89,53.110301,-1.0,SL,continuation,A,1.25,1.012,-1.228,False,22,False,M5
XAGUSD,1,2025-12-03 13:45:00+00:00,2025-12-03 15:00:00+00:00,58.194,58.035664,58.633,58.633,2.7726,TP,continuation,A,1.25,2.848,-0.038,True,16,False,M5
XAGUSD,1,2025-12-10 15:30:00+00:00,2025-12-10 15:30:00+00:00,61.166,61.009149,61.448,61.009149,-1.0,SL,continuation,B,1.0,0.134,-1.492,False,1,False,M5
XAGUSD,1,2025-12-10 18:30:00+00:00,2025-12-10 19:10:00+00:00,60.756,60.627129,61.04,60.627129,-1.0,SL,continuation,A,1.25,1.156,-1.024,False,9,False,M5
XAGUSD,1,2025-12-15 14:15:00+00:00,2025-12-15 15:05:00+00:00,63.841,63.67025,64.074,63.67025,-1.0,SL,breakout,B,0.75,1.101,-1.189,False,11,False,M5
XAGUSD,1,2025-12-17 17:15:00+00:00,2025-12-17 17:15:00+00:00,65.997,65.756396,66.511,65.756396,-1.0,SL,continuation,B,1.0,0.175,-1.841,False,1,False,M5
XAGUSD,1,2025-12-24 14:30:00+00:00,2025-12-24 15:00:00+00:00,72.391,72.183908,72.686,72.183908,-1.0,SL,continuation,B,0.75,0.241,-1.893,False,7,False,M5
XAGUSD,1,2025-12-24 18:30:00+00:00,2025-12-24 18:55:00+00:00,71.183,70.913954,71.616,71.616,1.6094,TP,breakout,B,0.75,2.238,-0.271,True,6,False,M5
XAGUSD,1,2026-01-07 09:30:00+00:00,2026-01-07 14:00:00+00:00,79.814,78.836122,81.064,78.836122,-1.0,SL,continuation,B,0.75,0.376,-1.165,False,55,False,M5
XAGUSD,1,2026-01-08 03:30:00+00:00,2026-01-08 04:00:00+00:00,78.793,78.399484,79.64,78.399484,-1.0,SL,breakout,B,0.75,0.389,-1.614,False,7,False,M5
XAGUSD,1,2026-01-21 16:00:00+00:00,2026-01-21 16:00:00+00:00,94.978,94.717976,95.313,94.717976,-1.0,SL,breakout,B,0.75,0.412,-2.496,False,1,False,M5
XAGUSD,-1,2026-02-02 12:45:00+00:00,2026-02-02 13:10:00+00:00,80.614,82.779863,77.733,82.779863,-1.0,SL,continuation,B,0.75,0.19,-1.095,False,6,False,M5
XAGUSD,1,2026-02-11 19:00:00+00:00,2026-02-12 02:00:00+00:00,83.647,82.565516,85.845,82.565516,-1.0,SL,continuation,A,1.25,1.092,-1.705,False,70,False,M5
XAGUSD,-1,2026-02-13 17:00:00+00:00,2026-02-13 17:00:00+00:00,77.326,77.886092,76.648,77.886092,-1.0,SL,continuation,B,0.75,0.15,-1.643,False,1,False,M5
XAGUSD,1,2026-02-19 15:00:00+00:00,2026-02-19 15:00:00+00:00,78.097,77.812804,78.604,77.812804,-1.0,SL,continuation,B,1.0,0.032,-1.605,False,1,False,M5
XAGUSD,1,2026-02-19 22:30:00+00:00,2026-02-20 05:40:00+00:00,78.148,77.571589,79.099,77.571589,-1.0,SL,continuation,B,1.0,1.029,-1.254,False,72,False,M5
XAGUSD,1,2026-02-23 15:00:00+00:00,2026-02-23 15:15:00+00:00,87.067,86.806127,87.572,86.806127,-1.0,SL,continuation,B,1.0,0.107,-1.104,False,4,False,M5
XAGUSD,1,2026-02-24 17:00:00+00:00,2026-02-25 03:20:00+00:00,87.089,86.124563,88.256,88.256,1.21,TP,continuation,B,0.75,1.44,-0.574,True,110,False,M5
XAGUSD,1,2026-02-26 01:00:00+00:00,2026-02-26 01:45:00+00:00,89.16,88.639679,90.192,88.639679,-1.0,SL,breakout,B,0.75,0.801,-1.257,False,9,False,M5
XAGUSD,1,2026-02-26 21:00:00+00:00,2026-02-26 22:10:00+00:00,87.427,86.764311,88.732,88.732,1.9692,TP,breakout,B,0.75,2.051,-0.094,True,15,False,M5
XAGUSD,-1,2026-03-04 12:45:00+00:00,2026-03-04 14:00:00+00:00,85.81,86.679681,84.342,86.679681,-1.0,SL,breakout,B,1.0,0.14,-1.018,False,16,False,M5
XAGUSD,-1,2026-03-18 17:45:00+00:00,2026-03-18 18:00:00+00:00,76.334,76.79546,75.551,76.79546,-1.0,SL,continuation,B,1.0,0.195,-1.554,False,4,False,M5
XAGUSD,-1,2026-03-23 19:00:00+00:00,2026-03-23 19:40:00+00:00,67.855,68.910889,64.102,68.910889,-1.0,SL,continuation,B,1.0,0.03,-1.1,False,9,False,M5
XAGUSD,-1,2026-03-27 02:30:00+00:00,2026-03-27 06:25:00+00:00,68.532,69.058458,67.206,69.058458,-1.0,SL,continuation,A,1.25,2.268,-1.446,False,48,False,M5
XAGUSD,-1,2026-03-27 14:00:00+00:00,2026-03-27 16:45:00+00:00,68.116,68.406161,67.338,68.406161,-1.0,SL,continuation,B,1.0,2.275,-1.478,False,34,False,M5
XAGUSD,1,2026-04-01 14:00:00+00:00,2026-04-01 14:55:00+00:00,74.853,74.52077,75.365,75.365,1.5411,TP,continuation,B,1.0,1.752,-0.307,True,12,False,M5
XAGUSD,1,2026-04-08 18:45:00+00:00,2026-04-08 21:00:00+00:00,75.416,75.128347,77.371,75.128347,-1.0,SL,continuation,A,1.25,1.151,-1.154,False,136,False,M1
XAGUSD,1,2026-04-10 12:30:00+00:00,2026-04-10 15:11:00+00:00,75.251,75.046779,75.653,75.653,1.9685,TP,continuation,B,1.0,2.311,-0.583,True,162,False,M1
XAGUSD,1,2026-04-15 16:30:00+00:00,2026-04-15 16:57:00+00:00,79.433,79.112436,79.871,79.871,1.3663,TP,continuation,B,0.75,1.638,-0.746,True,28,False,M1
XAGUSD,-1,2026-04-22 18:00:00+00:00,2026-04-22 18:07:00+00:00,77.768,77.948382,77.536,77.948382,-1.0,SL,continuation,B,0.75,0.144,-1.175,False,8,False,M1
XAGUSD,-1,2026-04-23 20:30:00+00:00,2026-04-23 20:35:00+00:00,75.457,75.691217,75.065,75.691217,-1.0,SL,continuation,B,1.0,0.342,-1.025,False,6,False,M1
XAGUSD,-1,2026-04-24 16:00:00+00:00,2026-04-24 16:48:00+00:00,75.54,75.913636,74.564,75.913636,-1.0,SL,breakout,B,1.0,0.953,-1.001,False,49,False,M1
XAGUSD,-1,2026-04-27 14:30:00+00:00,2026-04-27 15:42:00+00:00,75.723,75.934013,75.21,75.21,2.4311,TP,breakout,B,0.75,2.559,-0.81,True,73,False,M1
XAGUSD,-1,2026-04-29 14:30:00+00:00,2026-04-29 14:35:00+00:00,72.578,72.734967,72.309,72.734967,-1.0,SL,continuation,B,1.0,0.134,-1.038,False,6,False,M1
XAGUSD,1,2026-05-06 16:00:00+00:00,2026-05-06 16:00:00+00:00,76.857,76.6237,77.76,76.6237,-1.0,SL,continuation,A,1.25,0.291,-1.072,False,1,False,M1
XAGUSD,1,2026-05-08 04:30:00+00:00,2026-05-11 15:21:00+00:00,79.859,78.762031,81.658,81.658,1.64,TP,continuation,B,1.0,2.118,-0.753,True,2017,False,M1
XAGUSD,-1,2026-05-19 21:00:00+00:00,2026-05-19 23:03:00+00:00,74.458,74.903673,73.731,73.731,1.6312,TP,continuation,B,1.0,1.638,-0.15,True,124,False,M1
XAGUSD,-1,2026-06-11 12:15:00+00:00,2026-06-11 14:38:00+00:00,64.088,64.356996,63.561,63.561,1.9591,TP,breakout,B,1.0,2.115,-0.457,True,144,False,M1
XAGUSD,1,2026-06-16 06:00:00+00:00,2026-06-16 10:40:00+00:00,69.499,69.208363,69.98,69.98,1.655,TP,breakout,B,1.0,1.676,-0.998,True,281,False,M1
XAGUSD,-1,2026-06-24 12:15:00+00:00,2026-06-24 12:57:00+00:00,61.283,61.462639,61.038,61.038,1.3638,TP,continuation,B,0.75,1.503,-0.289,True,43,False,M1
XAGUSD,-1,2026-07-13 12:30:00+00:00,2026-07-13 16:51:00+00:00,58.594,58.975046,58.038,58.038,1.4591,TP,breakout,B,0.75,1.527,-0.373,True,262,False,M1
GER40.cash,1,2025-02-10 05:00:00+00:00,2025-02-10 18:05:00+00:00,21796.43,21780.273114,21935.03,21935.03,8.5784,TP,breakout,B,1.0,8.609,-0.836,True,158,False,M5
GER40.cash,1,2025-02-25 19:15:00+00:00,2025-02-25 20:00:00+00:00,22448.03,22416.393929,22491.13,22491.13,1.3624,TP,breakout,B,0.75,2.102,-0.774,True,10,False,M5
GER40.cash,1,2025-04-14 21:45:00+00:00,2025-04-14 23:20:00+00:00,20966.96,20898.586,21052.96,20898.586,-1.0,SL,continuation,B,0.75,0.87,-1.51,False,20,False,M5
GER40.cash,1,2025-04-24 12:15:00+00:00,2025-04-24 13:50:00+00:00,21813.76,21740.602707,21909.46,21909.46,1.3081,TP,breakout,B,0.75,1.333,-0.267,True,20,False,M5
GER40.cash,1,2025-04-24 23:00:00+00:00,2025-04-24 23:00:00+00:00,22119.16,22071.676757,22204.03,22204.03,1.7874,TP,continuation,B,1.0,1.787,0.0,True,1,False,M5
GER40.cash,1,2025-04-25 14:30:00+00:00,2025-04-25 14:35:00+00:00,22216.66,22195.182936,22328.26,22195.182936,-1.0,SL,continuation,B,1.0,0.0,-1.28,False,2,False,M5
GER40.cash,1,2025-04-28 21:15:00+00:00,2025-04-29 10:00:00+00:00,22295.16,22235.098214,22374.26,22374.26,1.317,TP,breakout,B,0.75,1.86,-0.213,True,139,False,M5
GER40.cash,1,2025-04-30 07:30:00+00:00,2025-04-30 09:00:00+00:00,22483.96,22464.179079,22507.76,22464.179079,-1.0,SL,continuation,B,0.75,0.809,-1.203,False,19,False,M5
GER40.cash,1,2025-05-06 13:15:00+00:00,2025-05-06 13:15:00+00:00,23047.26,23018.253071,23082.76,23082.76,1.2238,TP,breakout,B,0.75,1.224,-0.224,True,1,False,M5
GER40.cash,1,2025-05-12 18:15:00+00:00,2025-05-12 18:55:00+00:00,23551.66,23501.1645,23651.76,23501.1645,-1.0,SL,breakout,B,0.75,0.396,-1.0,False,9,False,M5
GER40.cash,1,2025-05-16 09:15:00+00:00,2025-05-16 09:15:00+00:00,23769.76,23757.818214,23796.46,23796.46,2.2358,TP,continuation,B,1.0,2.236,0.0,True,1,False,M5
GER40.cash,1,2025-05-16 18:30:00+00:00,2025-05-16 20:15:00+00:00,23751.06,23705.0977,23811.56,23811.56,1.3163,TP,continuation,B,0.75,1.345,-0.067,True,22,False,M5
GER40.cash,1,2025-05-19 12:45:00+00:00,2025-05-19 13:25:00+00:00,23710.46,23684.114286,23749.46,23749.46,1.4803,TP,breakout,B,0.75,1.689,-0.376,True,9,False,M5
GER40.cash,1,2025-05-22 16:15:00+00:00,2025-05-22 16:20:00+00:00,23936.36,23910.406529,23978.66,23910.406529,-1.0,SL,breakout,B,0.75,0.058,-1.117,False,2,False,M5
GER40.cash,1,2025-06-04 06:30:00+00:00,2025-06-04 08:10:00+00:00,24139.66,24127.205043,24163.66,24163.66,1.9269,TP,continuation,B,1.0,2.192,-0.811,True,21,False,M5
GER40.cash,1,2025-06-06 20:45:00+00:00,2025-06-09 01:05:00+00:00,24296.96,24274.862086,24324.66,24324.66,1.2535,TP,breakout,B,0.75,1.661,-0.339,True,26,False,M5
GER40.cash,1,2025-06-26 09:00:00+00:00,2025-06-26 09:00:00+00:00,23561.56,23549.848214,23592.16,23592.16,2.6128,TP,breakout,B,0.75,2.613,0.0,True,1,False,M5
GER40.cash,1,2025-06-26 11:30:00+00:00,2025-06-26 11:45:00+00:00,23668.56,23651.280643,23689.56,23689.56,1.2153,TP,breakout,B,0.75,1.302,-0.608,True,4,False,M5
GER40.cash,1,2025-06-30 13:30:00+00:00,2025-06-30 13:35:00+00:00,24002.76,23978.629993,24172.06,23978.629993,-1.0,SL,continuation,A,1.25,0.124,-1.098,False,2,False,M5
GER40.cash,1,2025-07-01 03:15:00+00:00,2025-07-01 10:10:00+00:00,23949.36,23918.11765,24009.76,23918.11765,-1.0,SL,breakout,B,1.0,1.389,-1.834,False,84,False,M5
GER40.cash,1,2025-07-07 08:45:00+00:00,2025-07-07 09:00:00+00:00,23853.76,23839.200207,23895.16,23839.200207,-1.0,SL,breakout,B,0.75,0.24,-2.315,False,4,False,M5
GER40.cash,1,2025-07-21 09:15:00+00:00,2025-07-21 10:00:00+00:00,24253.16,24205.136221,24312.66,24312.66,1.239,TP,breakout,B,0.75,1.645,-0.229,True,10,False,M5
GER40.cash,1,2025-09-09 01:30:00+00:00,2025-09-09 03:15:00+00:00,23807.23,23785.389571,23833.86,23785.389571,-1.0,SL,continuation,B,0.75,0.583,-1.391,False,22,False,M5
GER40.cash,1,2025-09-19 09:30:00+00:00,2025-09-19 09:35:00+00:00,23710.46,23698.637,23726.86,23726.86,1.3871,TP,continuation,B,0.75,1.565,-0.474,True,2,False,M5
GER40.cash,1,2025-09-19 15:30:00+00:00,2025-09-19 16:00:00+00:00,23644.86,23620.185429,23682.86,23682.86,1.54,TP,breakout,B,0.75,1.702,-0.709,True,7,False,M5
GER40.cash,1,2025-09-29 16:45:00+00:00,2025-09-30 10:05:00+00:00,23722.76,23697.535857,23813.76,23697.535857,-1.0,SL,continuation,A,1.25,2.549,-1.177,False,194,False,M5
GER40.cash,1,2025-10-01 01:30:00+00:00,2025-10-01 02:00:00+00:00,23919.53,23890.385693,23954.66,23890.385693,-1.0,SL,continuation,B,0.75,0.189,-1.097,False,7,False,M5
GER40.cash,1,2025-10-24 12:00:00+00:00,2025-10-24 15:15:00+00:00,24201.26,24166.710571,24304.66,24166.710571,-1.0,SL,continuation,A,1.25,1.085,-1.143,False,40,False,M5
GER40.cash,1,2025-10-27 08:15:00+00:00,2025-10-27 11:05:00+00:00,24337.36,24301.104571,24386.66,24301.104571,-1.0,SL,continuation,B,0.75,1.266,-1.379,False,35,False,M5
GER40.cash,1,2025-11-12 08:00:00+00:00,2025-11-12 09:30:00+00:00,24212.26,24197.956429,24250.06,24250.06,2.6427,TP,continuation,B,1.0,4.209,-1.0,True,19,False,M5
GER40.cash,1,2025-12-03 21:00:00+00:00,2025-12-03 21:35:00+00:00,23726.16,23698.698857,23760.76,23760.76,1.26,TP,continuation,B,0.75,1.347,0.0,True,8,False,M5
GER40.cash,1,2025-12-05 03:30:00+00:00,2025-12-05 04:25:00+00:00,23891.66,23877.612007,23919.06,23919.06,1.9505,TP,continuation,B,1.0,2.556,-0.135,True,12,False,M5
GER40.cash,1,2025-12-09 01:15:00+00:00,2025-12-09 09:00:00+00:00,24043.33,24011.495429,24094.96,24094.96,1.6218,TP,breakout,B,1.0,1.763,-0.647,True,94,False,M5
GER40.cash,1,2025-12-10 04:30:00+00:00,2025-12-10 06:30:00+00:00,24108.26,24091.295571,24133.66,24133.66,1.4973,TP,continuation,B,0.75,1.839,-0.106,True,25,False,M5
GER40.cash,1,2025-12-11 09:45:00+00:00,2025-12-11 10:00:00+00:00,24091.96,24039.3845,24155.96,24039.3845,-1.0,SL,breakout,B,0.75,0.352,-1.263,False,4,False,M5
GER40.cash,1,2025-12-15 02:45:00+00:00,2025-12-15 16:55:00+00:00,24275.16,24227.082286,24343.26,24227.082286,-1.0,SL,breakout,B,0.75,1.206,-1.04,False,171,False,M5
GER40.cash,1,2025-12-29 12:30:00+00:00,2025-12-29 16:30:00+00:00,24316.96,24266.62815,24383.16,24383.16,1.3153,TP,breakout,B,0.75,1.339,-0.425,True,49,False,M5
GER40.cash,1,2026-01-08 10:30:00+00:00,2026-01-08 10:30:00+00:00,25175.96,25157.458643,25218.96,25218.96,2.3242,TP,continuation,B,1.0,2.324,-0.405,True,1,False,M5
GER40.cash,1,2026-01-15 02:30:00+00:00,2026-01-15 03:00:00+00:00,25313.36,25290.021936,25346.26,25346.26,1.4097,TP,breakout,B,0.75,1.59,0.0,True,7,False,M5
GER40.cash,1,2026-01-26 12:45:00+00:00,2026-01-26 12:55:00+00:00,24843.36,24816.327007,24875.86,24816.327007,-1.0,SL,breakout,B,0.75,0.185,-1.073,False,3,False,M5
GER40.cash,1,2026-01-27 13:45:00+00:00,2026-01-27 13:50:00+00:00,24958.46,24940.581643,25017.86,24940.581643,-1.0,SL,continuation,A,1.25,0.28,-1.482,False,2,False,M5
GER40.cash,1,2026-01-28 05:30:00+00:00,2026-01-28 05:55:00+00:00,24902.66,24885.118,24928.96,24885.118,-1.0,SL,breakout,B,0.75,0.365,-1.163,False,6,False,M5
GER40.cash,1,2026-02-09 10:30:00+00:00,2026-02-09 11:20:00+00:00,24850.76,24795.152493,24944.76,24795.152493,-1.0,SL,continuation,B,1.0,0.71,-1.21,False,11,False,M5
GER40.cash,1,2026-02-11 01:15:00+00:00,2026-02-11 06:30:00+00:00,25031.73,24997.242771,25082.36,24997.242771,-1.0,SL,continuation,B,0.75,0.288,-1.124,False,64,False,M5
GER40.cash,1,2026-02-11 12:30:00+00:00,2026-02-11 12:30:00+00:00,24898.86,24884.259,25047.06,24884.259,-1.0,SL,breakout,B,1.0,0.171,-1.712,False,1,False,M5
GER40.cash,1,2026-02-12 05:45:00+00:00,2026-02-12 07:55:00+00:00,24951.96,24917.901314,25000.53,25000.53,1.4261,TP,breakout,B,0.75,1.618,-0.208,True,27,False,M5
GER40.cash,1,2026-02-18 10:30:00+00:00,2026-02-18 10:55:00+00:00,25114.41,25100.3705,25173.91,25173.91,4.238,TP,continuation,B,1.0,4.452,0.0,True,6,False,M5
GER40.cash,1,2026-02-20 07:15:00+00:00,2026-02-20 10:00:00+00:00,25064.21,25044.079643,25232.68,25044.079643,-1.0,SL,breakout,B,0.75,2.037,-1.451,False,34,False,M5
GER40.cash,1,2026-02-20 11:15:00+00:00,2026-02-20 11:15:00+00:00,25122.31,25110.571786,25144.31,25144.31,1.8742,TP,breakout,B,0.75,1.874,0.0,True,1,False,M5
GER40.cash,1,2026-02-23 09:00:00+00:00,2026-02-23 12:25:00+00:00,25111.71,25067.622364,25231.21,25067.622364,-1.0,SL,breakout,B,0.75,1.937,-2.112,False,42,False,M5
GER40.cash,1,2026-03-11 02:30:00+00:00,2026-03-11 03:05:00+00:00,23786.21,23743.598786,23858.81,23858.81,1.7038,TP,continuation,B,1.0,1.725,-0.084,True,8,False,M5
GER40.cash,1,2026-03-11 07:00:00+00:00,2026-03-11 08:05:00+00:00,23989.21,23951.078357,24067.81,23951.078357,-1.0,SL,continuation,B,1.0,0.0,-1.209,False,14,False,M5
GER40.cash,1,2026-03-31 20:00:00+00:00,2026-04-01 02:35:00+00:00,22870.81,22819.166429,23065.81,23065.81,3.7759,TP,continuation,B,1.0,4.243,-0.484,True,65,False,M5
GER40.cash,1,2026-04-13 16:15:00+00:00,2026-04-13 16:48:00+00:00,23565.61,23541.040714,23608.51,23608.51,1.7461,TP,breakout,B,1.0,3.089,-0.244,True,34,False,M1
GER40.cash,1,2026-04-17 01:00:00+00:00,2026-04-17 03:47:00+00:00,24112.18,24091.8385,24167.31,24167.31,2.7102,TP,continuation,B,1.0,2.794,-0.603,True,162,False,M1
GER40.cash,1,2026-04-20 20:30:00+00:00,2026-04-20 22:49:00+00:00,24407.51,24381.617214,24446.91,24446.91,1.5217,TP,breakout,B,0.75,1.56,-0.294,True,140,False,M1
GER40.cash,1,2026-05-04 08:30:00+00:00,2026-05-04 09:00:00+00:00,24348.51,24321.111007,24387.01,24387.01,1.4052,TP,continuation,B,0.75,1.46,-0.128,True,31,False,M1
GER40.cash,1,2026-05-04 12:30:00+00:00,2026-05-04 12:49:00+00:00,24351.71,24330.440929,24387.01,24387.01,1.6597,TP,continuation,B,1.0,1.669,-0.16,True,20,False,M1
GER40.cash,1,2026-05-14 17:30:00+00:00,2026-05-14 19:28:00+00:00,24444.91,24418.842764,24490.61,24418.842764,-1.0,SL,continuation,B,1.0,1.534,-1.155,False,119,False,M1
GER40.cash,1,2026-05-14 21:45:00+00:00,2026-05-15 03:39:00+00:00,24349.41,24292.309693,24475.01,24292.309693,-1.0,SL,continuation,A,1.25,0.42,-1.172,False,278,False,M1
GER40.cash,1,2026-05-26 13:30:00+00:00,2026-05-26 18:17:00+00:00,25268.54,25189.742721,25374.44,25189.742721,-1.0,SL,continuation,B,0.75,0.388,-1.015,False,288,False,M1
GER40.cash,1,2026-05-26 22:45:00+00:00,2026-05-27 09:00:00+00:00,25228.34,25198.723143,25288.14,25288.14,2.0191,TP,breakout,B,0.75,2.107,-0.643,True,540,False,M1
GER40.cash,1,2026-06-12 18:15:00+00:00,2026-06-12 18:49:00+00:00,24615.94,24577.591571,24705.44,24577.591571,-1.0,SL,continuation,B,1.0,1.249,-1.176,False,35,False,M1
GER40.cash,1,2026-06-15 19:00:00+00:00,2026-06-15 20:10:00+00:00,24923.84,24879.036214,24997.64,24879.036214,-1.0,SL,continuation,B,1.0,0.045,-1.004,False,71,False,M1
GER40.cash,1,2026-06-16 03:30:00+00:00,2026-06-16 05:14:00+00:00,24857.14,24833.257,24893.34,24833.257,-1.0,SL,continuation,B,1.0,0.67,-1.026,False,105,False,M1
GER40.cash,1,2026-06-19 09:15:00+00:00,2026-06-19 10:06:00+00:00,24982.54,24913.644786,25084.64,25084.64,1.482,TP,continuation,B,0.75,1.555,-0.116,True,52,False,M1
GER40.cash,1,2026-07-01 09:15:00+00:00,2026-07-01 09:49:00+00:00,24989.34,24969.196071,25017.34,25017.34,1.39,TP,continuation,B,0.75,1.514,-0.596,True,35,False,M1
GER40.cash,1,2026-07-01 17:00:00+00:00,2026-07-01 18:32:00+00:00,24983.23,24917.839286,25081.64,25081.64,1.505,TP,continuation,B,1.0,1.519,-0.391,True,93,False,M1
GBPUSD,-1,2024-01-05 15:45:00+00:00,2025-03-17 08:20:00+00:00,1.26533,1.267096,1.26107,1.267096,-1.0,SL,continuation,B,1.0,0.0,-15.912,False,1,False,M5
GBPUSD,1,2024-01-12 15:30:00+00:00,2025-03-17 08:20:00+00:00,1.27373,1.272332,1.27795,1.27795,3.0186,TP,breakout,B,1.0,14.092,0.0,True,1,False,M5
GBPUSD,1,2024-01-23 03:00:00+00:00,2025-03-17 08:20:00+00:00,1.2714,1.270397,1.27319,1.27319,1.7846,TP,continuation,B,1.0,21.964,0.0,True,1,False,M5
GBPUSD,1,2024-01-24 06:00:00+00:00,2025-03-17 08:20:00+00:00,1.26966,1.269016,1.2708,1.2708,1.7702,TP,breakout,B,0.75,36.91,0.0,True,1,False,M5
GBPUSD,-1,2024-03-20 08:15:00+00:00,2025-03-17 08:20:00+00:00,1.27204,1.272525,1.27144,1.272525,-1.0,SL,breakout,B,0.75,0.0,-44.103,False,1,False,M5
GBPUSD,-1,2024-03-20 11:30:00+00:00,2025-03-17 08:20:00+00:00,1.27033,1.271931,1.26827,1.271931,-1.0,SL,continuation,B,0.75,0.0,-14.428,False,1,False,M5
GBPUSD,-1,2024-04-16 23:45:00+00:00,2025-03-17 08:20:00+00:00,1.24248,1.243383,1.24081,1.243383,-1.0,SL,continuation,B,1.0,0.0,-56.423,False,1,False,M5
GBPUSD,-1,2024-04-17 08:00:00+00:00,2025-03-17 08:20:00+00:00,1.24292,1.243377,1.24226,1.243377,-1.0,SL,continuation,B,0.75,0.0,-110.525,False,1,False,M5
GBPUSD,-1,2024-04-19 09:00:00+00:00,2025-03-17 08:20:00+00:00,1.24111,1.242623,1.23886,1.242623,-1.0,SL,continuation,B,0.75,0.0,-34.58,False,1,False,M5
GBPUSD,1,2024-04-24 12:30:00+00:00,2025-03-17 08:20:00+00:00,1.2433,1.242214,1.24578,1.24578,2.2836,TP,continuation,A,1.25,46.16,0.0,True,1,False,M5
GBPUSD,1,2024-04-29 01:30:00+00:00,2025-03-17 08:20:00+00:00,1.25,1.249052,1.25403,1.25403,4.2511,TP,breakout,B,1.0,45.812,0.0,True,1,False,M5
GBPUSD,1,2024-05-02 05:15:00+00:00,2025-03-17 08:20:00+00:00,1.25357,1.25244,1.25498,1.25498,1.2478,TP,continuation,B,0.75,35.274,0.0,True,1,False,M5
GBPUSD,1,2024-05-02 18:30:00+00:00,2025-03-17 08:20:00+00:00,1.24956,1.2477,1.25321,1.25321,1.9624,TP,breakout,B,1.0,23.586,0.0,True,1,False,M5
GBPUSD,1,2024-05-06 03:45:00+00:00,2025-03-17 08:20:00+00:00,1.25484,1.25387,1.25616,1.25616,1.3608,TP,breakout,B,0.75,39.784,0.0,True,1,False,M5
GBPUSD,1,2024-05-06 20:30:00+00:00,2025-03-17 08:20:00+00:00,1.2566,1.255795,1.25759,1.25759,1.2298,TP,breakout,B,0.75,45.752,0.0,True,1,False,M5
GBPUSD,1,2024-05-07 04:00:00+00:00,2025-03-17 08:20:00+00:00,1.25683,1.255616,1.25833,1.25833,1.2356,TP,continuation,B,0.75,30.148,0.0,True,1,False,M5
GBPUSD,-1,2024-05-31 06:00:00+00:00,2025-03-17 08:20:00+00:00,1.27165,1.272526,1.27052,1.272526,-1.0,SL,breakout,B,0.75,0.0,-24.863,False,1,False,M5
GBPUSD,-1,2024-06-10 20:00:00+00:00,2025-03-17 08:20:00+00:00,1.27285,1.273574,1.27068,1.273574,-1.0,SL,breakout,B,1.0,0.0,-28.425,False,1,False,M5
GBPUSD,-1,2024-06-11 08:15:00+00:00,2025-03-17 08:20:00+00:00,1.27359,1.273923,1.27244,1.273923,-1.0,SL,breakout,B,1.0,0.0,-59.58,False,1,False,M5
GBPUSD,-1,2024-06-27 21:15:00+00:00,2025-03-17 08:20:00+00:00,1.2644,1.265322,1.2629,1.265322,-1.0,SL,breakout,B,1.0,0.0,-31.486,False,1,False,M5
GBPUSD,1,2024-07-03 22:30:00+00:00,2025-03-17 08:20:00+00:00,1.2742,1.273259,1.27771,1.27771,3.7301,TP,continuation,B,1.0,20.436,0.0,True,1,False,M5
GBPUSD,1,2024-07-09 02:30:00+00:00,2025-03-17 08:20:00+00:00,1.28122,1.280658,1.28213,1.28213,1.6192,TP,breakout,B,0.75,21.726,0.0,True,1,False,M5
GBPUSD,1,2024-08-14 10:30:00+00:00,2025-03-17 08:20:00+00:00,1.28386,1.282495,1.28666,1.28666,2.0513,TP,continuation,A,1.25,7.011,0.0,True,1,False,M5
GBPUSD,1,2024-08-22 21:30:00+00:00,2025-03-17 08:20:00+00:00,1.30892,1.307495,1.31286,1.307495,-1.0,SL,continuation,A,1.25,0.0,-11.102,False,1,False,M5
GBPUSD,-1,2024-09-10 11:15:00+00:00,2025-03-17 08:20:00+00:00,1.30898,1.310805,1.30578,1.30578,1.7534,TP,continuation,B,1.0,8.701,0.0,True,1,False,M5
GBPUSD,1,2024-09-13 22:45:00+00:00,2025-03-17 08:20:00+00:00,1.31228,1.311697,1.31485,1.311697,-1.0,SL,breakout,B,1.0,0.0,-32.899,False,1,False,M5
GBPUSD,1,2024-09-18 09:30:00+00:00,2025-03-17 08:20:00+00:00,1.31696,1.315551,1.32046,1.315551,-1.0,SL,breakout,B,0.75,0.0,-16.934,False,1,False,M5
GBPUSD,1,2024-09-18 19:30:00+00:00,2025-03-17 08:20:00+00:00,1.3205,1.319385,1.32272,1.319385,-1.0,SL,breakout,B,0.75,0.0,-24.574,False,1,False,M5
GBPUSD,1,2024-09-25 15:15:00+00:00,2025-03-17 08:20:00+00:00,1.33831,1.336528,1.34245,1.336528,-1.0,SL,breakout,B,1.0,0.0,-25.37,False,1,False,M5
GBPUSD,-1,2024-10-08 05:30:00+00:00,2025-03-17 08:20:00+00:00,1.30917,1.31001,1.30688,1.30688,2.7262,TP,continuation,A,1.25,19.131,0.0,True,1,False,M5
GBPUSD,-1,2024-10-09 11:45:00+00:00,2025-03-17 08:20:00+00:00,1.30751,1.309038,1.30553,1.30553,1.2958,TP,continuation,B,0.75,9.431,0.0,True,1,False,M5
GBPUSD,-1,2024-10-09 14:45:00+00:00,2025-03-17 08:20:00+00:00,1.30839,1.309563,1.30677,1.30677,1.3811,TP,continuation,B,0.75,13.035,0.0,True,1,False,M5
GBPUSD,-1,2024-10-11 13:15:00+00:00,2025-03-17 08:20:00+00:00,1.30685,1.307554,1.30553,1.30553,1.875,TP,breakout,B,1.0,19.531,0.0,True,1,False,M5
GBPUSD,-1,2024-10-15 06:45:00+00:00,2025-03-17 08:20:00+00:00,1.30588,1.306564,1.30419,1.30419,2.4708,TP,breakout,B,1.0,18.684,0.0,True,1,False,M5
GBPUSD,-1,2024-11-07 11:30:00+00:00,2025-03-17 10:50:00+00:00,1.29205,1.293997,1.28722,1.293997,-1.0,SL,breakout,B,1.0,0.0,-1.007,False,31,False,M5
GBPUSD,1,2024-11-08 05:30:00+00:00,2025-03-17 08:20:00+00:00,1.29703,1.296297,1.29824,1.296297,-1.0,SL,continuation,B,1.0,0.0,-5.362,False,1,False,M5
GBPUSD,-1,2024-11-25 09:30:00+00:00,2025-03-17 08:20:00+00:00,1.2588,1.260564,1.25217,1.260564,-1.0,SL,breakout,B,0.75,0.0,-19.632,False,1,False,M5
GBPUSD,1,2024-12-04 12:00:00+00:00,2025-03-17 08:20:00+00:00,1.2676,1.266629,1.26948,1.26948,1.9361,TP,continuation,B,1.0,26.601,0.0,True,1,False,M5
GBPUSD,1,2024-12-11 13:45:00+00:00,2025-03-17 08:20:00+00:00,1.27323,1.271492,1.27797,1.27797,2.7273,TP,breakout,B,1.0,11.623,0.0,True,1,False,M5
GBPUSD,-1,2024-12-19 14:00:00+00:00,2025-03-17 08:20:00+00:00,1.26303,1.264558,1.25636,1.264558,-1.0,SL,continuation,A,1.25,0.0,-19.895,False,1,False,M5
GBPUSD,-1,2024-12-23 13:00:00+00:00,2025-03-17 08:20:00+00:00,1.25448,1.25727,1.25008,1.25727,-1.0,SL,breakout,B,0.75,0.0,-13.961,False,1,False,M5
GBPUSD,-1,2024-12-24 17:30:00+00:00,2025-03-17 08:20:00+00:00,1.25528,1.257307,1.25277,1.257307,-1.0,SL,breakout,B,0.75,0.0,-18.821,False,1,False,M5
GBPUSD,1,2024-12-31 02:00:00+00:00,2025-03-17 08:20:00+00:00,1.25481,1.253403,1.2565,1.2565,1.2011,TP,breakout,B,0.75,27.448,0.0,True,1,False,M5
